cod_ibge,municipio,uf,caminho
5300108,Brasília,DF,DF/ATM_5300108_Brasilia_DF.pdf
5200050,Abadia de Goiás,GO,GO/ATM_5200050_Abadia_de_Goias_GO.pdf
5200100,Abadiânia,GO,GO/ATM_5200100_Abadiania_GO.pdf
5200134,Acreúna,GO,GO/ATM_5200134_Acreuna_GO.pdf
5200159,Adelândia,GO,GO/ATM_5200159_Adelandia_GO.pdf
5200308,Alexânia,GO,GO/ATM_5200308_Alexania_GO.pdf
5200506,Aloândia,GO,GO/ATM_5200506_Aloandia_GO.pdf
5200555,Alto Horizonte,GO,GO/ATM_5200555_Alto_Horizonte_GO.pdf
5200605,Alto Paraíso de Goiás,GO,GO/ATM_5200605_Alto_Paraiso_de_Goias_GO.pdf
5200803,Alvorada do Norte,GO,GO/ATM_5200803_Alvorada_do_Norte_GO.pdf
5200829,Amaralina,GO,GO/ATM_5200829_Amaralina_GO.pdf
5200852,Americano do Brasil,GO,GO/ATM_5200852_Americano_do_Brasil_GO.pdf
5200902,Amorinópolis,GO,GO/ATM_5200902_Amorinopolis_GO.pdf
5201207,Anhanguera,GO,GO/ATM_5201207_Anhanguera_GO.pdf
5201306,Anicuns,GO,GO/ATM_5201306_Anicuns_GO.pdf
5201108,Anápolis,GO,GO/ATM_5201108_Anapolis_GO.pdf
5201405,Aparecida de Goiânia,GO,GO/ATM_5201405_Aparecida_de_Goiania_GO.pdf
5201454,Aparecida do Rio Doce,GO,GO/ATM_5201454_Aparecida_do_Rio_Doce_GO.pdf
5201504,Aporé,GO,GO/ATM_5201504_Apore_GO.pdf
5201702,Aragarças,GO,GO/ATM_5201702_Aragarcas_GO.pdf
5201801,Aragoiânia,GO,GO/ATM_5201801_Aragoiania_GO.pdf
5202155,Araguapaz,GO,GO/ATM_5202155_Araguapaz_GO.pdf
5201603,Araçu,GO,GO/ATM_5201603_Aracu_GO.pdf
5202353,Arenópolis,GO,GO/ATM_5202353_Arenopolis_GO.pdf
5202502,Aruanã,GO,GO/ATM_5202502_Aruana_GO.pdf
5202601,Aurilândia,GO,GO/ATM_5202601_Aurilandia_GO.pdf
5202809,Avelinópolis,GO,GO/ATM_5202809_Avelinopolis_GO.pdf
5203104,Baliza,GO,GO/ATM_5203104_Baliza_GO.pdf
5203203,Barro Alto,GO,GO/ATM_5203203_Barro_Alto_GO.pdf
5203302,Bela Vista de Goiás,GO,GO/ATM_5203302_Bela_Vista_de_Goias_GO.pdf
5203401,Bom Jardim de Goiás,GO,GO/ATM_5203401_Bom_Jardim_de_Goias_GO.pdf
5203500,Bom Jesus de Goiás,GO,GO/ATM_5203500_Bom_Jesus_de_Goias_GO.pdf
5203559,Bonfinópolis,GO,GO/ATM_5203559_Bonfinopolis_GO.pdf
5203575,Bonópolis,GO,GO/ATM_5203575_Bonopolis_GO.pdf
5203609,Brazabrantes,GO,GO/ATM_5203609_Brazabrantes_GO.pdf
5203807,Britânia,GO,GO/ATM_5203807_Britania_GO.pdf
5203906,Buriti Alegre,GO,GO/ATM_5203906_Buriti_Alegre_GO.pdf
5203939,Buriti de Goiás,GO,GO/ATM_5203939_Buriti_de_Goias_GO.pdf
5203962,Buritinópolis,GO,GO/ATM_5203962_Buritinopolis_GO.pdf
5204003,Cabeceiras,GO,GO/ATM_5204003_Cabeceiras_GO.pdf
5204102,Cachoeira Alta,GO,GO/ATM_5204102_Cachoeira_Alta_GO.pdf
5204250,Cachoeira Dourada,GO,GO/ATM_5204250_Cachoeira_Dourada_GO.pdf
5204201,Cachoeira de Goiás,GO,GO/ATM_5204201_Cachoeira_de_Goias_GO.pdf
5204409,Caiapônia,GO,GO/ATM_5204409_Caiaponia_GO.pdf
5204508,Caldas Novas,GO,GO/ATM_5204508_Caldas_Novas_GO.pdf
5204557,Caldazinha,GO,GO/ATM_5204557_Caldazinha_GO.pdf
5204607,Campestre de Goiás,GO,GO/ATM_5204607_Campestre_de_Goias_GO.pdf
5204656,Campinaçu,GO,GO/ATM_5204656_Campinacu_GO.pdf
5204706,Campinorte,GO,GO/ATM_5204706_Campinorte_GO.pdf
5204805,Campo Alegre de Goiás,GO,GO/ATM_5204805_Campo_Alegre_de_Goias_GO.pdf
5204854,Campo Limpo de Goiás,GO,GO/ATM_5204854_Campo_Limpo_de_Goias_GO.pdf
5204904,Campos Belos,GO,GO/ATM_5204904_Campos_Belos_GO.pdf
5204953,Campos Verdes,GO,GO/ATM_5204953_Campos_Verdes_GO.pdf
5205000,Carmo do Rio Verde,GO,GO/ATM_5205000_Carmo_do_Rio_Verde_GO.pdf
5205059,Castelândia,GO,GO/ATM_5205059_Castelandia_GO.pdf
5205109,Catalão,GO,GO/ATM_5205109_Catalao_GO.pdf
5205208,Caturaí,GO,GO/ATM_5205208_Caturai_GO.pdf
5205307,Cavalcante,GO,GO/ATM_5205307_Cavalcante_GO.pdf
5204300,Caçu,GO,GO/ATM_5204300_Cacu_GO.pdf
5205406,Ceres,GO,GO/ATM_5205406_Ceres_GO.pdf
5205455,Cezarina,GO,GO/ATM_5205455_Cezarina_GO.pdf
5205471,Chapadão do Céu,GO,GO/ATM_5205471_Chapadao_do_Ceu_GO.pdf
5205497,Cidade Ocidental,GO,GO/ATM_5205497_Cidade_Ocidental_GO.pdf
5205513,Cocalzinho de Goiás,GO,GO/ATM_5205513_Cocalzinho_de_Goias_GO.pdf
5205521,Colinas do Sul,GO,GO/ATM_5205521_Colinas_do_Sul_GO.pdf
5205901,Corumbaíba,GO,GO/ATM_5205901_Corumbaiba_GO.pdf
5205802,Corumbá de Goiás,GO,GO/ATM_5205802_Corumba_de_Goias_GO.pdf
5206206,Cristalina,GO,GO/ATM_5206206_Cristalina_GO.pdf
5206305,Cristianópolis,GO,GO/ATM_5206305_Cristianopolis_GO.pdf
5206404,Crixás,GO,GO/ATM_5206404_Crixas_GO.pdf
5206503,Cromínia,GO,GO/ATM_5206503_Crominia_GO.pdf
5206602,Cumari,GO,GO/ATM_5206602_Cumari_GO.pdf
5205703,Córrego do Ouro,GO,GO/ATM_5205703_Corrego_do_Ouro_GO.pdf
5206701,Damianópolis,GO,GO/ATM_5206701_Damianopolis_GO.pdf
5206800,Damolândia,GO,GO/ATM_5206800_Damolandia_GO.pdf
5206909,Davinópolis,GO,GO/ATM_5206909_Davinopolis_GO.pdf
5207105,Diorama,GO,GO/ATM_5207105_Diorama_GO.pdf
5208301,Divinópolis de Goiás,GO,GO/ATM_5208301_Divinopolis_de_Goias_GO.pdf
5207253,Doverlândia,GO,GO/ATM_5207253_Doverlandia_GO.pdf
5207352,Edealina,GO,GO/ATM_5207352_Edealina_GO.pdf
5207402,Edéia,GO,GO/ATM_5207402_Edeia_GO.pdf
5207501,Estrela do Norte,GO,GO/ATM_5207501_Estrela_do_Norte_GO.pdf
5207535,Faina,GO,GO/ATM_5207535_Faina_GO.pdf
5207600,Fazenda Nova,GO,GO/ATM_5207600_Fazenda_Nova_GO.pdf
5207808,Firminópolis,GO,GO/ATM_5207808_Firminopolis_GO.pdf
5207907,Flores de Goiás,GO,GO/ATM_5207907_Flores_de_Goias_GO.pdf
5208004,Formosa,GO,GO/ATM_5208004_Formosa_GO.pdf
5208103,Formoso,GO,GO/ATM_5208103_Formoso_GO.pdf
5208152,Gameleira de Goiás,GO,GO/ATM_5208152_Gameleira_de_Goias_GO.pdf
5208509,Goiandira,GO,GO/ATM_5208509_Goiandira_GO.pdf
5208806,Goianira,GO,GO/ATM_5208806_Goianira_GO.pdf
5208400,Goianápolis,GO,GO/ATM_5208400_Goianapolis_GO.pdf
5208608,Goianésia,GO,GO/ATM_5208608_Goianesia_GO.pdf
5209101,Goiatuba,GO,GO/ATM_5209101_Goiatuba_GO.pdf
5208905,Goiás,GO,GO/ATM_5208905_Goias_GO.pdf
5208707,Goiânia,GO,GO/ATM_5208707_Goiania_GO.pdf
5209150,Gouvelândia,GO,GO/ATM_5209150_Gouvelandia_GO.pdf
5209200,Guapó,GO,GO/ATM_5209200_Guapo_GO.pdf
5209408,Guarani de Goiás,GO,GO/ATM_5209408_Guarani_de_Goias_GO.pdf
5209291,Guaraíta,GO,GO/ATM_5209291_Guaraita_GO.pdf
5209457,Guarinos,GO,GO/ATM_5209457_Guarinos_GO.pdf
5209606,Heitoraí,GO,GO/ATM_5209606_Heitorai_GO.pdf
5209804,Hidrolina,GO,GO/ATM_5209804_Hidrolina_GO.pdf
5209705,Hidrolândia,GO,GO/ATM_5209705_Hidrolandia_GO.pdf
5209903,Iaciara,GO,GO/ATM_5209903_Iaciara_GO.pdf
5209937,Inaciolândia,GO,GO/ATM_5209937_Inaciolandia_GO.pdf
5209952,Indiara,GO,GO/ATM_5209952_Indiara_GO.pdf
5210000,Inhumas,GO,GO/ATM_5210000_Inhumas_GO.pdf
5210109,Ipameri,GO,GO/ATM_5210109_Ipameri_GO.pdf
5210158,Ipiranga de Goiás,GO,GO/ATM_5210158_Ipiranga_de_Goias_GO.pdf
5210208,Iporá,GO,GO/ATM_5210208_Ipora_GO.pdf
5210307,Israelândia,GO,GO/ATM_5210307_Israelandia_GO.pdf
5210406,Itaberaí,GO,GO/ATM_5210406_Itaberai_GO.pdf
5210562,Itaguari,GO,GO/ATM_5210562_Itaguari_GO.pdf
5210604,Itaguaru,GO,GO/ATM_5210604_Itaguaru_GO.pdf
5210802,Itajá,GO,GO/ATM_5210802_Itaja_GO.pdf
5210901,Itapaci,GO,GO/ATM_5210901_Itapaci_GO.pdf
5211008,Itapirapuã,GO,GO/ATM_5211008_Itapirapua_GO.pdf
5211206,Itapuranga,GO,GO/ATM_5211206_Itapuranga_GO.pdf
5211305,Itarumã,GO,GO/ATM_5211305_Itaruma_GO.pdf
5211404,Itauçu,GO,GO/ATM_5211404_Itaucu_GO.pdf
5211503,Itumbiara,GO,GO/ATM_5211503_Itumbiara_GO.pdf
5211602,Ivolândia,GO,GO/ATM_5211602_Ivolandia_GO.pdf
5211701,Jandaia,GO,GO/ATM_5211701_Jandaia_GO.pdf
5211800,Jaraguá,GO,GO/ATM_5211800_Jaragua_GO.pdf
5211909,Jataí,GO,GO/ATM_5211909_Jatai_GO.pdf
5212006,Jaupaci,GO,GO/ATM_5212006_Jaupaci_GO.pdf
5212055,Jesúpolis,GO,GO/ATM_5212055_Jesupolis_GO.pdf
5212105,Joviânia,GO,GO/ATM_5212105_Joviania_GO.pdf
5212204,Jussara,GO,GO/ATM_5212204_Jussara_GO.pdf
5212253,Lagoa Santa,GO,GO/ATM_5212253_Lagoa_Santa_GO.pdf
5212303,Leopoldo de Bulhões,GO,GO/ATM_5212303_Leopoldo_de_Bulhoes_GO.pdf
5212501,Luziânia,GO,GO/ATM_5212501_Luziania_GO.pdf
5212600,Mairipotaba,GO,GO/ATM_5212600_Mairipotaba_GO.pdf
5212709,Mambaí,GO,GO/ATM_5212709_Mambai_GO.pdf
5212808,Mara Rosa,GO,GO/ATM_5212808_Mara_Rosa_GO.pdf
5212907,Marzagão,GO,GO/ATM_5212907_Marzagao_GO.pdf
5212956,Matrinchã,GO,GO/ATM_5212956_Matrincha_GO.pdf
5213004,Maurilândia,GO,GO/ATM_5213004_Maurilandia_GO.pdf
5213053,Mimoso de Goiás,GO,GO/ATM_5213053_Mimoso_de_Goias_GO.pdf
5213087,Minaçu,GO,GO/ATM_5213087_Minacu_GO.pdf
5213103,Mineiros,GO,GO/ATM_5213103_Mineiros_GO.pdf
5213400,Moiporá,GO,GO/ATM_5213400_Moipora_GO.pdf
5213509,Monte Alegre de Goiás,GO,GO/ATM_5213509_Monte_Alegre_de_Goias_GO.pdf
5213707,Montes Claros de Goiás,GO,GO/ATM_5213707_Montes_Claros_de_Goias_GO.pdf
5213756,Montividiu,GO,GO/ATM_5213756_Montividiu_GO.pdf
5213772,Montividiu do Norte,GO,GO/ATM_5213772_Montividiu_do_Norte_GO.pdf
5213806,Morrinhos,GO,GO/ATM_5213806_Morrinhos_GO.pdf
5213855,Morro Agudo de Goiás,GO,GO/ATM_5213855_Morro_Agudo_de_Goias_GO.pdf
5213905,Mossâmedes,GO,GO/ATM_5213905_Mossamedes_GO.pdf
5214002,Mozarlândia,GO,GO/ATM_5214002_Mozarlandia_GO.pdf
5214051,Mundo Novo,GO,GO/ATM_5214051_Mundo_Novo_GO.pdf
5214101,Mutunópolis,GO,GO/ATM_5214101_Mutunopolis_GO.pdf
5214408,Nazário,GO,GO/ATM_5214408_Nazario_GO.pdf
5214507,Nerópolis,GO,GO/ATM_5214507_Neropolis_GO.pdf
5214606,Niquelândia,GO,GO/ATM_5214606_Niquelandia_GO.pdf
5214705,Nova América,GO,GO/ATM_5214705_Nova_America_GO.pdf
5214804,Nova Aurora,GO,GO/ATM_5214804_Nova_Aurora_GO.pdf
5214838,Nova Crixás,GO,GO/ATM_5214838_Nova_Crixas_GO.pdf
5214861,Nova Glória,GO,GO/ATM_5214861_Nova_Gloria_GO.pdf
5214879,Nova Iguaçu de Goiás,GO,GO/ATM_5214879_Nova_Iguacu_de_Goias_GO.pdf
5214903,Nova Roma,GO,GO/ATM_5214903_Nova_Roma_GO.pdf
5215009,Nova Veneza,GO,GO/ATM_5215009_Nova_Veneza_GO.pdf
5215207,Novo Brasil,GO,GO/ATM_5215207_Novo_Brasil_GO.pdf
5215231,Novo Gama,GO,GO/ATM_5215231_Novo_Gama_GO.pdf
5215256,Novo Planalto,GO,GO/ATM_5215256_Novo_Planalto_GO.pdf
5215306,Orizona,GO,GO/ATM_5215306_Orizona_GO.pdf
5215405,Ouro Verde de Goiás,GO,GO/ATM_5215405_Ouro_Verde_de_Goias_GO.pdf
5215504,Ouvidor,GO,GO/ATM_5215504_Ouvidor_GO.pdf
5215603,Padre Bernardo,GO,GO/ATM_5215603_Padre_Bernardo_GO.pdf
5215652,Palestina de Goiás,GO,GO/ATM_5215652_Palestina_de_Goias_GO.pdf
5215702,Palmeiras de Goiás,GO,GO/ATM_5215702_Palmeiras_de_Goias_GO.pdf
5215801,Palmelo,GO,GO/ATM_5215801_Palmelo_GO.pdf
5215900,Palminópolis,GO,GO/ATM_5215900_Palminopolis_GO.pdf
5216007,Panamá,GO,GO/ATM_5216007_Panama_GO.pdf
5216304,Paranaiguara,GO,GO/ATM_5216304_Paranaiguara_GO.pdf
5216403,Paraúna,GO,GO/ATM_5216403_Parauna_GO.pdf
5216452,Perolândia,GO,GO/ATM_5216452_Perolandia_GO.pdf
5216809,Petrolina de Goiás,GO,GO/ATM_5216809_Petrolina_de_Goias_GO.pdf
5216908,Pilar de Goiás,GO,GO/ATM_5216908_Pilar_de_Goias_GO.pdf
5217104,Piracanjuba,GO,GO/ATM_5217104_Piracanjuba_GO.pdf
5217203,Piranhas,GO,GO/ATM_5217203_Piranhas_GO.pdf
5217302,Pirenópolis,GO,GO/ATM_5217302_Pirenopolis_GO.pdf
5217401,Pires do Rio,GO,GO/ATM_5217401_Pires_do_Rio_GO.pdf
5217609,Planaltina,GO,GO/ATM_5217609_Planaltina_GO.pdf
5217708,Pontalina,GO,GO/ATM_5217708_Pontalina_GO.pdf
5218003,Porangatu,GO,GO/ATM_5218003_Porangatu_GO.pdf
5218052,Porteirão,GO,GO/ATM_5218052_Porteirao_GO.pdf
5218102,Portelândia,GO,GO/ATM_5218102_Portelandia_GO.pdf
5218300,Posse,GO,GO/ATM_5218300_Posse_GO.pdf
5218391,Professor Jamil,GO,GO/ATM_5218391_Professor_Jamil_GO.pdf
5218508,Quirinópolis,GO,GO/ATM_5218508_Quirinopolis_GO.pdf
5218607,Rialma,GO,GO/ATM_5218607_Rialma_GO.pdf
5218706,Rianápolis,GO,GO/ATM_5218706_Rianapolis_GO.pdf
5218789,Rio Quente,GO,GO/ATM_5218789_Rio_Quente_GO.pdf
5218805,Rio Verde,GO,GO/ATM_5218805_Rio_Verde_GO.pdf
5218904,Rubiataba,GO,GO/ATM_5218904_Rubiataba_GO.pdf
5219001,Sanclerlândia,GO,GO/ATM_5219001_Sanclerlandia_GO.pdf
5219100,Santa Bárbara de Goiás,GO,GO/ATM_5219100_Santa_Barbara_de_Goias_GO.pdf
5219209,Santa Cruz de Goiás,GO,GO/ATM_5219209_Santa_Cruz_de_Goias_GO.pdf
5219258,Santa Fé de Goiás,GO,GO/ATM_5219258_Santa_Fe_de_Goias_GO.pdf
5219308,Santa Helena de Goiás,GO,GO/ATM_5219308_Santa_Helena_de_Goias_GO.pdf
5219357,Santa Isabel,GO,GO/ATM_5219357_Santa_Isabel_GO.pdf
5219407,Santa Rita do Araguaia,GO,GO/ATM_5219407_Santa_Rita_do_Araguaia_GO.pdf
5219456,Santa Rita do Novo Destino,GO,GO/ATM_5219456_Santa_Rita_do_Novo_Destino_GO.pdf
5219506,Santa Rosa de Goiás,GO,GO/ATM_5219506_Santa_Rosa_de_Goias_GO.pdf
5219605,Santa Tereza de Goiás,GO,GO/ATM_5219605_Santa_Tereza_de_Goias_GO.pdf
5219704,Santa Terezinha de Goiás,GO,GO/ATM_5219704_Santa_Terezinha_de_Goias_GO.pdf
5219712,Santo Antônio da Barra,GO,GO/ATM_5219712_Santo_Antonio_da_Barra_GO.pdf
5219738,Santo Antônio de Goiás,GO,GO/ATM_5219738_Santo_Antonio_de_Goias_GO.pdf
5219753,Santo Antônio do Descoberto,GO,GO/ATM_5219753_Santo_Antonio_do_Descoberto_GO.pdf
5220454,Senador Canedo,GO,GO/ATM_5220454_Senador_Canedo_GO.pdf
5220504,Serranópolis,GO,GO/ATM_5220504_Serranopolis_GO.pdf
5220603,Silvânia,GO,GO/ATM_5220603_Silvania_GO.pdf
5220686,Simolândia,GO,GO/ATM_5220686_Simolandia_GO.pdf
5219803,São Domingos,GO,GO/ATM_5219803_Sao_Domingos_GO.pdf
5219902,São Francisco de Goiás,GO,GO/ATM_5219902_Sao_Francisco_de_Goias_GO.pdf
5220009,São João d'Aliança,GO,GO/ATM_5220009_Sao_Joao_d_Alianca_GO.pdf
5220058,São João da Paraúna,GO,GO/ATM_5220058_Sao_Joao_da_Parauna_GO.pdf
5220108,São Luís de Montes Belos,GO,GO/ATM_5220108_Sao_Luis_de_Montes_Belos_GO.pdf
5220157,São Luíz do Norte,GO,GO/ATM_5220157_Sao_Luiz_do_Norte_GO.pdf
5220207,São Miguel do Araguaia,GO,GO/ATM_5220207_Sao_Miguel_do_Araguaia_GO.pdf
5220264,São Miguel do Passa Quatro,GO,GO/ATM_5220264_Sao_Miguel_do_Passa_Quatro_GO.pdf
5220280,São Patrício,GO,GO/ATM_5220280_Sao_Patricio_GO.pdf
5220405,São Simão,GO,GO/ATM_5220405_Sao_Simao_GO.pdf
5220702,Sítio d'Abadia,GO,GO/ATM_5220702_Sitio_d_Abadia_GO.pdf
5221007,Taquaral de Goiás,GO,GO/ATM_5221007_Taquaral_de_Goias_GO.pdf
5221080,Teresina de Goiás,GO,GO/ATM_5221080_Teresina_de_Goias_GO.pdf
5221197,Terezópolis de Goiás,GO,GO/ATM_5221197_Terezopolis_de_Goias_GO.pdf
5221403,Trindade,GO,GO/ATM_5221403_Trindade_GO.pdf
5221452,Trombas,GO,GO/ATM_5221452_Trombas_GO.pdf
5221304,Três Ranchos,GO,GO/ATM_5221304_Tres_Ranchos_GO.pdf
5221551,Turvelândia,GO,GO/ATM_5221551_Turvelandia_GO.pdf
5221502,Turvânia,GO,GO/ATM_5221502_Turvania_GO.pdf
5221577,Uirapuru,GO,GO/ATM_5221577_Uirapuru_GO.pdf
5221700,Uruana,GO,GO/ATM_5221700_Uruana_GO.pdf
5221601,Uruaçu,GO,GO/ATM_5221601_Uruacu_GO.pdf
5221809,Urutaí,GO,GO/ATM_5221809_Urutai_GO.pdf
5221858,Valparaíso de Goiás,GO,GO/ATM_5221858_Valparaiso_de_Goias_GO.pdf
5221908,Varjão,GO,GO/ATM_5221908_Varjao_GO.pdf
5222005,Vianópolis,GO,GO/ATM_5222005_Vianopolis_GO.pdf
5222054,Vicentinópolis,GO,GO/ATM_5222054_Vicentinopolis_GO.pdf
5222203,Vila Boa,GO,GO/ATM_5222203_Vila_Boa_GO.pdf
5222302,Vila Propício,GO,GO/ATM_5222302_Vila_Propicio_GO.pdf
5200175,Água Fria de Goiás,GO,GO/ATM_5200175_Agua_Fria_de_Goias_GO.pdf
5200209,Água Limpa,GO,GO/ATM_5200209_Agua_Limpa_GO.pdf
5200258,Águas Lindas de Goiás,GO,GO/ATM_5200258_Aguas_Lindas_de_Goias_GO.pdf
5000252,Alcinópolis,MS,MS/ATM_5000252_Alcinopolis_MS.pdf
5000609,Amambai,MS,MS/ATM_5000609_Amambai_MS.pdf
5000708,Anastácio,MS,MS/ATM_5000708_Anastacio_MS.pdf
5000807,Anaurilândia,MS,MS/ATM_5000807_Anaurilandia_MS.pdf
5000856,Angélica,MS,MS/ATM_5000856_Angelica_MS.pdf
5000906,Antônio João,MS,MS/ATM_5000906_Antonio_Joao_MS.pdf
5001003,Aparecida do Taboado,MS,MS/ATM_5001003_Aparecida_do_Taboado_MS.pdf
5001102,Aquidauana,MS,MS/ATM_5001102_Aquidauana_MS.pdf
5001243,Aral Moreira,MS,MS/ATM_5001243_Aral_Moreira_MS.pdf
5001508,Bandeirantes,MS,MS/ATM_5001508_Bandeirantes_MS.pdf
5001904,Bataguassu,MS,MS/ATM_5001904_Bataguassu_MS.pdf
5002001,Batayporã,MS,MS/ATM_5002001_Bataypora_MS.pdf
5002100,Bela Vista,MS,MS/ATM_5002100_Bela_Vista_MS.pdf
5002159,Bodoquena,MS,MS/ATM_5002159_Bodoquena_MS.pdf
5002209,Bonito,MS,MS/ATM_5002209_Bonito_MS.pdf
5002308,Brasilândia,MS,MS/ATM_5002308_Brasilandia_MS.pdf
5002407,Caarapó,MS,MS/ATM_5002407_Caarapo_MS.pdf
5002605,Camapuã,MS,MS/ATM_5002605_Camapua_MS.pdf
5002704,Campo Grande,MS,MS/ATM_5002704_Campo_Grande_MS.pdf
5002803,Caracol,MS,MS/ATM_5002803_Caracol_MS.pdf
5002902,Cassilândia,MS,MS/ATM_5002902_Cassilandia_MS.pdf
5002951,Chapadão do Sul,MS,MS/ATM_5002951_Chapadao_do_Sul_MS.pdf
5003108,Corguinho,MS,MS/ATM_5003108_Corguinho_MS.pdf
5003157,Coronel Sapucaia,MS,MS/ATM_5003157_Coronel_Sapucaia_MS.pdf
5003207,Corumbá,MS,MS/ATM_5003207_Corumba_MS.pdf
5003256,Costa Rica,MS,MS/ATM_5003256_Costa_Rica_MS.pdf
5003306,Coxim,MS,MS/ATM_5003306_Coxim_MS.pdf
5003454,Deodápolis,MS,MS/ATM_5003454_Deodapolis_MS.pdf
5003488,Dois Irmãos do Buriti,MS,MS/ATM_5003488_Dois_Irmaos_do_Buriti_MS.pdf
5003504,Douradina,MS,MS/ATM_5003504_Douradina_MS.pdf
5003702,Dourados,MS,MS/ATM_5003702_Dourados_MS.pdf
5003751,Eldorado,MS,MS/ATM_5003751_Eldorado_MS.pdf
5003900,Figueirão,MS,MS/ATM_5003900_Figueirao_MS.pdf
5003801,Fátima do Sul,MS,MS/ATM_5003801_Fatima_do_Sul_MS.pdf
5004007,Glória de Dourados,MS,MS/ATM_5004007_Gloria_de_Dourados_MS.pdf
5004106,Guia Lopes da Laguna,MS,MS/ATM_5004106_Guia_Lopes_da_Laguna_MS.pdf
5004304,Iguatemi,MS,MS/ATM_5004304_Iguatemi_MS.pdf
5004403,Inocência,MS,MS/ATM_5004403_Inocencia_MS.pdf
5004502,Itaporã,MS,MS/ATM_5004502_Itapora_MS.pdf
5004601,Itaquiraí,MS,MS/ATM_5004601_Itaquirai_MS.pdf
5004700,Ivinhema,MS,MS/ATM_5004700_Ivinhema_MS.pdf
5004809,Japorã,MS,MS/ATM_5004809_Japora_MS.pdf
5004908,Jaraguari,MS,MS/ATM_5004908_Jaraguari_MS.pdf
5005004,Jardim,MS,MS/ATM_5005004_Jardim_MS.pdf
5005103,Jateí,MS,MS/ATM_5005103_Jatei_MS.pdf
5005152,Juti,MS,MS/ATM_5005152_Juti_MS.pdf
5005202,Ladário,MS,MS/ATM_5005202_Ladario_MS.pdf
5005251,Laguna Carapã,MS,MS/ATM_5005251_Laguna_Carapa_MS.pdf
5005400,Maracaju,MS,MS/ATM_5005400_Maracaju_MS.pdf
5005608,Miranda,MS,MS/ATM_5005608_Miranda_MS.pdf
5005681,Mundo Novo,MS,MS/ATM_5005681_Mundo_Novo_MS.pdf
5005707,Naviraí,MS,MS/ATM_5005707_Navirai_MS.pdf
5005806,Nioaque,MS,MS/ATM_5005806_Nioaque_MS.pdf
5006002,Nova Alvorada do Sul,MS,MS/ATM_5006002_Nova_Alvorada_do_Sul_MS.pdf
5006200,Nova Andradina,MS,MS/ATM_5006200_Nova_Andradina_MS.pdf
5006259,Novo Horizonte do Sul,MS,MS/ATM_5006259_Novo_Horizonte_do_Sul_MS.pdf
5006309,Paranaíba,MS,MS/ATM_5006309_Paranaiba_MS.pdf
5006358,Paranhos,MS,MS/ATM_5006358_Paranhos_MS.pdf
5006275,Paraíso das Águas,MS,MS/ATM_5006275_Paraiso_das_Aguas_MS.pdf
5006408,Pedro Gomes,MS,MS/ATM_5006408_Pedro_Gomes_MS.pdf
5006606,Ponta Porã,MS,MS/ATM_5006606_Ponta_Pora_MS.pdf
5006903,Porto Murtinho,MS,MS/ATM_5006903_Porto_Murtinho_MS.pdf
5007109,Ribas do Rio Pardo,MS,MS/ATM_5007109_Ribas_do_Rio_Pardo_MS.pdf
5007208,Rio Brilhante,MS,MS/ATM_5007208_Rio_Brilhante_MS.pdf
5007307,Rio Negro,MS,MS/ATM_5007307_Rio_Negro_MS.pdf
5007406,Rio Verde de Mato Grosso,MS,MS/ATM_5007406_Rio_Verde_de_Mato_Grosso_MS.pdf
5007505,Rochedo,MS,MS/ATM_5007505_Rochedo_MS.pdf
5007554,Santa Rita do Pardo,MS,MS/ATM_5007554_Santa_Rita_do_Pardo_MS.pdf
5007802,Selvíria,MS,MS/ATM_5007802_Selviria_MS.pdf
5007703,Sete Quedas,MS,MS/ATM_5007703_Sete_Quedas_MS.pdf
5007901,Sidrolândia,MS,MS/ATM_5007901_Sidrolandia_MS.pdf
5007935,Sonora,MS,MS/ATM_5007935_Sonora_MS.pdf
5007695,São Gabriel do Oeste,MS,MS/ATM_5007695_Sao_Gabriel_do_Oeste_MS.pdf
5007950,Tacuru,MS,MS/ATM_5007950_Tacuru_MS.pdf
5007976,Taquarussu,MS,MS/ATM_5007976_Taquarussu_MS.pdf
5008008,Terenos,MS,MS/ATM_5008008_Terenos_MS.pdf
5008305,Três Lagoas,MS,MS/ATM_5008305_Tres_Lagoas_MS.pdf
5008404,Vicentina,MS,MS/ATM_5008404_Vicentina_MS.pdf
5000203,Água Clara,MS,MS/ATM_5000203_Agua_Clara_MS.pdf
5100102,Acorizal,MT,MT/ATM_5100102_Acorizal_MT.pdf
5100250,Alta Floresta,MT,MT/ATM_5100250_Alta_Floresta_MT.pdf
5100300,Alto Araguaia,MT,MT/ATM_5100300_Alto_Araguaia_MT.pdf
5100359,Alto Boa Vista,MT,MT/ATM_5100359_Alto_Boa_Vista_MT.pdf
5100409,Alto Garças,MT,MT/ATM_5100409_Alto_Garcas_MT.pdf
5100508,Alto Paraguai,MT,MT/ATM_5100508_Alto_Paraguai_MT.pdf
5100607,Alto Taquari,MT,MT/ATM_5100607_Alto_Taquari_MT.pdf
5100805,Apiacás,MT,MT/ATM_5100805_Apiacas_MT.pdf
5101001,Araguaiana,MT,MT/ATM_5101001_Araguaiana_MT.pdf
5101209,Araguainha,MT,MT/ATM_5101209_Araguainha_MT.pdf
5101258,Araputanga,MT,MT/ATM_5101258_Araputanga_MT.pdf
5101308,Arenápolis,MT,MT/ATM_5101308_Arenapolis_MT.pdf
5101407,Aripuanã,MT,MT/ATM_5101407_Aripuana_MT.pdf
5101704,Barra do Bugres,MT,MT/ATM_5101704_Barra_do_Bugres_MT.pdf
5101803,Barra do Garças,MT,MT/ATM_5101803_Barra_do_Garcas_MT.pdf
5101605,Barão de Melgaço,MT,MT/ATM_5101605_Barao_de_Melgaco_MT.pdf
5101837,Boa Esperança do Norte,MT,MT/ATM_5101837_Boa_Esperanca_do_Norte_MT.pdf
5101852,Bom Jesus do Araguaia,MT,MT/ATM_5101852_Bom_Jesus_do_Araguaia_MT.pdf
5101902,Brasnorte,MT,MT/ATM_5101902_Brasnorte_MT.pdf
5102603,Campinápolis,MT,MT/ATM_5102603_Campinapolis_MT.pdf
5102637,Campo Novo do Parecis,MT,MT/ATM_5102637_Campo_Novo_do_Parecis_MT.pdf
5102678,Campo Verde,MT,MT/ATM_5102678_Campo_Verde_MT.pdf
5102686,Campos de Júlio,MT,MT/ATM_5102686_Campos_de_Julio_MT.pdf
5102694,Canabrava do Norte,MT,MT/ATM_5102694_Canabrava_do_Norte_MT.pdf
5102702,Canarana,MT,MT/ATM_5102702_Canarana_MT.pdf
5102793,Carlinda,MT,MT/ATM_5102793_Carlinda_MT.pdf
5102850,Castanheira,MT,MT/ATM_5102850_Castanheira_MT.pdf
5103007,Chapada dos Guimarães,MT,MT/ATM_5103007_Chapada_dos_Guimaraes_MT.pdf
5103056,Cláudia,MT,MT/ATM_5103056_Claudia_MT.pdf
5103106,Cocalinho,MT,MT/ATM_5103106_Cocalinho_MT.pdf
5103254,Colniza,MT,MT/ATM_5103254_Colniza_MT.pdf
5103205,Colíder,MT,MT/ATM_5103205_Colider_MT.pdf
5103304,Comodoro,MT,MT/ATM_5103304_Comodoro_MT.pdf
5103353,Confresa,MT,MT/ATM_5103353_Confresa_MT.pdf
5103361,Conquista D'Oeste,MT,MT/ATM_5103361_Conquista_D_Oeste_MT.pdf
5103379,Cotriguaçu,MT,MT/ATM_5103379_Cotriguacu_MT.pdf
5103403,Cuiabá,MT,MT/ATM_5103403_Cuiaba_MT.pdf
5103437,Curvelândia,MT,MT/ATM_5103437_Curvelandia_MT.pdf
5102504,Cáceres,MT,MT/ATM_5102504_Caceres_MT.pdf
5103452,Denise,MT,MT/ATM_5103452_Denise_MT.pdf
5103502,Diamantino,MT,MT/ATM_5103502_Diamantino_MT.pdf
5103601,Dom Aquino,MT,MT/ATM_5103601_Dom_Aquino_MT.pdf
5103700,Feliz Natal,MT,MT/ATM_5103700_Feliz_Natal_MT.pdf
5103809,Figueirópolis D'Oeste,MT,MT/ATM_5103809_Figueiropolis_D_Oeste_MT.pdf
5103858,Gaúcha do Norte,MT,MT/ATM_5103858_Gaucha_do_Norte_MT.pdf
5103908,General Carneiro,MT,MT/ATM_5103908_General_Carneiro_MT.pdf
5103957,Glória D'Oeste,MT,MT/ATM_5103957_Gloria_D_Oeste_MT.pdf
5104104,Guarantã do Norte,MT,MT/ATM_5104104_Guaranta_do_Norte_MT.pdf
5104203,Guiratinga,MT,MT/ATM_5104203_Guiratinga_MT.pdf
5104500,Indiavaí,MT,MT/ATM_5104500_Indiavai_MT.pdf
5104526,Ipiranga do Norte,MT,MT/ATM_5104526_Ipiranga_do_Norte_MT.pdf
5104542,Itanhangá,MT,MT/ATM_5104542_Itanhanga_MT.pdf
5104559,Itaúba,MT,MT/ATM_5104559_Itauba_MT.pdf
5104609,Itiquira,MT,MT/ATM_5104609_Itiquira_MT.pdf
5104807,Jaciara,MT,MT/ATM_5104807_Jaciara_MT.pdf
5104906,Jangada,MT,MT/ATM_5104906_Jangada_MT.pdf
5105002,Jauru,MT,MT/ATM_5105002_Jauru_MT.pdf
5105101,Juara,MT,MT/ATM_5105101_Juara_MT.pdf
5105176,Juruena,MT,MT/ATM_5105176_Juruena_MT.pdf
5105200,Juscimeira,MT,MT/ATM_5105200_Juscimeira_MT.pdf
5105150,Juína,MT,MT/ATM_5105150_Juina_MT.pdf
5105234,Lambari D'Oeste,MT,MT/ATM_5105234_Lambari_D_Oeste_MT.pdf
5105259,Lucas do Rio Verde,MT,MT/ATM_5105259_Lucas_do_Rio_Verde_MT.pdf
5105309,Luciara,MT,MT/ATM_5105309_Luciara_MT.pdf
5105580,Marcelândia,MT,MT/ATM_5105580_Marcelandia_MT.pdf
5105606,Matupá,MT,MT/ATM_5105606_Matupa_MT.pdf
5105622,Mirassol d'Oeste,MT,MT/ATM_5105622_Mirassol_d_Oeste_MT.pdf
5105903,Nobres,MT,MT/ATM_5105903_Nobres_MT.pdf
5106000,Nortelândia,MT,MT/ATM_5106000_Nortelandia_MT.pdf
5106109,Nossa Senhora do Livramento,MT,MT/ATM_5106109_Nossa_Senhora_do_Livramento_MT.pdf
5106158,Nova Bandeirantes,MT,MT/ATM_5106158_Nova_Bandeirantes_MT.pdf
5106208,Nova Brasilândia,MT,MT/ATM_5106208_Nova_Brasilandia_MT.pdf
5106216,Nova Canaã do Norte,MT,MT/ATM_5106216_Nova_Canaa_do_Norte_MT.pdf
5108808,Nova Guarita,MT,MT/ATM_5108808_Nova_Guarita_MT.pdf
5106182,Nova Lacerda,MT,MT/ATM_5106182_Nova_Lacerda_MT.pdf
5108857,Nova Marilândia,MT,MT/ATM_5108857_Nova_Marilandia_MT.pdf
5108907,Nova Maringá,MT,MT/ATM_5108907_Nova_Maringa_MT.pdf
5108956,Nova Monte Verde,MT,MT/ATM_5108956_Nova_Monte_Verde_MT.pdf
5106224,Nova Mutum,MT,MT/ATM_5106224_Nova_Mutum_MT.pdf
5106174,Nova Nazaré,MT,MT/ATM_5106174_Nova_Nazare_MT.pdf
5106232,Nova Olímpia,MT,MT/ATM_5106232_Nova_Olimpia_MT.pdf
5106190,Nova Santa Helena,MT,MT/ATM_5106190_Nova_Santa_Helena_MT.pdf
5106240,Nova Ubiratã,MT,MT/ATM_5106240_Nova_Ubirata_MT.pdf
5106257,Nova Xavantina,MT,MT/ATM_5106257_Nova_Xavantina_MT.pdf
5106273,Novo Horizonte do Norte,MT,MT/ATM_5106273_Novo_Horizonte_do_Norte_MT.pdf
5106265,Novo Mundo,MT,MT/ATM_5106265_Novo_Mundo_MT.pdf
5106315,Novo Santo Antônio,MT,MT/ATM_5106315_Novo_Santo_Antonio_MT.pdf
5106281,Novo São Joaquim,MT,MT/ATM_5106281_Novo_Sao_Joaquim_MT.pdf
5106307,Paranatinga,MT,MT/ATM_5106307_Paranatinga_MT.pdf
5106299,Paranaíta,MT,MT/ATM_5106299_Paranaita_MT.pdf
5106372,Pedra Preta,MT,MT/ATM_5106372_Pedra_Preta_MT.pdf
5106422,Peixoto de Azevedo,MT,MT/ATM_5106422_Peixoto_de_Azevedo_MT.pdf
5106455,Planalto da Serra,MT,MT/ATM_5106455_Planalto_da_Serra_MT.pdf
5106505,Poconé,MT,MT/ATM_5106505_Pocone_MT.pdf
5106653,Pontal do Araguaia,MT,MT/ATM_5106653_Pontal_do_Araguaia_MT.pdf
5106703,Ponte Branca,MT,MT/ATM_5106703_Ponte_Branca_MT.pdf
5106752,Pontes e Lacerda,MT,MT/ATM_5106752_Pontes_e_Lacerda_MT.pdf
5106778,Porto Alegre do Norte,MT,MT/ATM_5106778_Porto_Alegre_do_Norte_MT.pdf
5106828,Porto Esperidião,MT,MT/ATM_5106828_Porto_Esperidiao_MT.pdf
5106851,Porto Estrela,MT,MT/ATM_5106851_Porto_Estrela_MT.pdf
5106802,Porto dos Gaúchos,MT,MT/ATM_5106802_Porto_dos_Gauchos_MT.pdf
5107008,Poxoréo,MT,MT/ATM_5107008_Poxoreo_MT.pdf
5107040,Primavera do Leste,MT,MT/ATM_5107040_Primavera_do_Leste_MT.pdf
5107065,Querência,MT,MT/ATM_5107065_Querencia_MT.pdf
5107156,Reserva do Cabaçal,MT,MT/ATM_5107156_Reserva_do_Cabacal_MT.pdf
5107180,Ribeirão Cascalheira,MT,MT/ATM_5107180_Ribeirao_Cascalheira_MT.pdf
5107198,Ribeirãozinho,MT,MT/ATM_5107198_Ribeiraozinho_MT.pdf
5107206,Rio Branco,MT,MT/ATM_5107206_Rio_Branco_MT.pdf
5107578,Rondolândia,MT,MT/ATM_5107578_Rondolandia_MT.pdf
5107602,Rondonópolis,MT,MT/ATM_5107602_Rondonopolis_MT.pdf
5107701,Rosário Oeste,MT,MT/ATM_5107701_Rosario_Oeste_MT.pdf
5107750,Salto do Céu,MT,MT/ATM_5107750_Salto_do_Ceu_MT.pdf
5107248,Santa Carmem,MT,MT/ATM_5107248_Santa_Carmem_MT.pdf
5107743,Santa Cruz do Xingu,MT,MT/ATM_5107743_Santa_Cruz_do_Xingu_MT.pdf
5107768,Santa Rita do Trivelato,MT,MT/ATM_5107768_Santa_Rita_do_Trivelato_MT.pdf
5107776,Santa Terezinha,MT,MT/ATM_5107776_Santa_Terezinha_MT.pdf
5107263,Santo Afonso,MT,MT/ATM_5107263_Santo_Afonso_MT.pdf
5107792,Santo Antônio do Leste,MT,MT/ATM_5107792_Santo_Antonio_do_Leste_MT.pdf
5107800,Santo Antônio do Leverger,MT,MT/ATM_5107800_Santo_Antonio_do_Leverger_MT.pdf
5107875,Sapezal,MT,MT/ATM_5107875_Sapezal_MT.pdf
5107883,Serra Nova Dourada,MT,MT/ATM_5107883_Serra_Nova_Dourada_MT.pdf
5107909,Sinop,MT,MT/ATM_5107909_Sinop_MT.pdf
5107925,Sorriso,MT,MT/ATM_5107925_Sorriso_MT.pdf
5107859,São Félix do Araguaia,MT,MT/ATM_5107859_Sao_Felix_do_Araguaia_MT.pdf
5107297,São José do Povo,MT,MT/ATM_5107297_Sao_Jose_do_Povo_MT.pdf
5107305,São José do Rio Claro,MT,MT/ATM_5107305_Sao_Jose_do_Rio_Claro_MT.pdf
5107354,São José do Xingu,MT,MT/ATM_5107354_Sao_Jose_do_Xingu_MT.pdf
5107107,São José dos Quatro Marcos,MT,MT/ATM_5107107_Sao_Jose_dos_Quatro_Marcos_MT.pdf
5107404,São Pedro da Cipa,MT,MT/ATM_5107404_Sao_Pedro_da_Cipa_MT.pdf
5107941,Tabaporã,MT,MT/ATM_5107941_Tabapora_MT.pdf
5107958,Tangará da Serra,MT,MT/ATM_5107958_Tangara_da_Serra_MT.pdf
5108006,Tapurah,MT,MT/ATM_5108006_Tapurah_MT.pdf
5108055,Terra Nova do Norte,MT,MT/ATM_5108055_Terra_Nova_do_Norte_MT.pdf
5108105,Tesouro,MT,MT/ATM_5108105_Tesouro_MT.pdf
5108204,Torixoréu,MT,MT/ATM_5108204_Torixoreu_MT.pdf
5108303,União do Sul,MT,MT/ATM_5108303_Uniao_do_Sul_MT.pdf
5108352,Vale de São Domingos,MT,MT/ATM_5108352_Vale_de_Sao_Domingos_MT.pdf
5108501,Vera,MT,MT/ATM_5108501_Vera_MT.pdf
5105507,Vila Bela da Santíssima Trindade,MT,MT/ATM_5105507_Vila_Bela_da_Santissima_Trindade_MT.pdf
5108600,Vila Rica,MT,MT/ATM_5108600_Vila_Rica_MT.pdf
5108402,Várzea Grande,MT,MT/ATM_5108402_Varzea_Grande_MT.pdf
5100201,Água Boa,MT,MT/ATM_5100201_Agua_Boa_MT.pdf
2700201,Anadia,AL,AL/ATM_2700201_Anadia_AL.pdf
2700300,Arapiraca,AL,AL/ATM_2700300_Arapiraca_AL.pdf
2700409,Atalaia,AL,AL/ATM_2700409_Atalaia_AL.pdf
2700508,Barra de Santo Antônio,AL,AL/ATM_2700508_Barra_de_Santo_Antonio_AL.pdf
2700607,Barra de São Miguel,AL,AL/ATM_2700607_Barra_de_Sao_Miguel_AL.pdf
2700706,Batalha,AL,AL/ATM_2700706_Batalha_AL.pdf
2700904,Belo Monte,AL,AL/ATM_2700904_Belo_Monte_AL.pdf
2700805,Belém,AL,AL/ATM_2700805_Belem_AL.pdf
2701001,Boca da Mata,AL,AL/ATM_2701001_Boca_da_Mata_AL.pdf
2701100,Branquinha,AL,AL/ATM_2701100_Branquinha_AL.pdf
2701209,Cacimbinhas,AL,AL/ATM_2701209_Cacimbinhas_AL.pdf
2701308,Cajueiro,AL,AL/ATM_2701308_Cajueiro_AL.pdf
2701357,Campestre,AL,AL/ATM_2701357_Campestre_AL.pdf
2701407,Campo Alegre,AL,AL/ATM_2701407_Campo_Alegre_AL.pdf
2701506,Campo Grande,AL,AL/ATM_2701506_Campo_Grande_AL.pdf
2701605,Canapi,AL,AL/ATM_2701605_Canapi_AL.pdf
2701704,Capela,AL,AL/ATM_2701704_Capela_AL.pdf
2701803,Carneiros,AL,AL/ATM_2701803_Carneiros_AL.pdf
2701902,Chã Preta,AL,AL/ATM_2701902_Cha_Preta_AL.pdf
2702009,Coité do Nóia,AL,AL/ATM_2702009_Coite_do_Noia_AL.pdf
2702108,Colônia Leopoldina,AL,AL/ATM_2702108_Colonia_Leopoldina_AL.pdf
2702207,Coqueiro Seco,AL,AL/ATM_2702207_Coqueiro_Seco_AL.pdf
2702306,Coruripe,AL,AL/ATM_2702306_Coruripe_AL.pdf
2702355,Craíbas,AL,AL/ATM_2702355_Craibas_AL.pdf
2702405,Delmiro Gouveia,AL,AL/ATM_2702405_Delmiro_Gouveia_AL.pdf
2702504,Dois Riachos,AL,AL/ATM_2702504_Dois_Riachos_AL.pdf
2702553,Estrela de Alagoas,AL,AL/ATM_2702553_Estrela_de_Alagoas_AL.pdf
2702603,Feira Grande,AL,AL/ATM_2702603_Feira_Grande_AL.pdf
2702702,Feliz Deserto,AL,AL/ATM_2702702_Feliz_Deserto_AL.pdf
2702801,Flexeiras,AL,AL/ATM_2702801_Flexeiras_AL.pdf
2702900,Girau do Ponciano,AL,AL/ATM_2702900_Girau_do_Ponciano_AL.pdf
2703007,Ibateguara,AL,AL/ATM_2703007_Ibateguara_AL.pdf
2703106,Igaci,AL,AL/ATM_2703106_Igaci_AL.pdf
2703205,Igreja Nova,AL,AL/ATM_2703205_Igreja_Nova_AL.pdf
2703304,Inhapi,AL,AL/ATM_2703304_Inhapi_AL.pdf
2703403,Jacaré dos Homens,AL,AL/ATM_2703403_Jacare_dos_Homens_AL.pdf
2703502,Jacuípe,AL,AL/ATM_2703502_Jacuipe_AL.pdf
2703601,Japaratinga,AL,AL/ATM_2703601_Japaratinga_AL.pdf
2703700,Jaramataia,AL,AL/ATM_2703700_Jaramataia_AL.pdf
2703759,Jequiá da Praia,AL,AL/ATM_2703759_Jequia_da_Praia_AL.pdf
2703809,Joaquim Gomes,AL,AL/ATM_2703809_Joaquim_Gomes_AL.pdf
2703908,Jundiá,AL,AL/ATM_2703908_Jundia_AL.pdf
2704005,Junqueiro,AL,AL/ATM_2704005_Junqueiro_AL.pdf
2704104,Lagoa da Canoa,AL,AL/ATM_2704104_Lagoa_da_Canoa_AL.pdf
2704203,Limoeiro de Anadia,AL,AL/ATM_2704203_Limoeiro_de_Anadia_AL.pdf
2704302,Maceió,AL,AL/ATM_2704302_Maceio_AL.pdf
2704401,Major Isidoro,AL,AL/ATM_2704401_Major_Isidoro_AL.pdf
2704906,Mar Vermelho,AL,AL/ATM_2704906_Mar_Vermelho_AL.pdf
2704500,Maragogi,AL,AL/ATM_2704500_Maragogi_AL.pdf
2704609,Maravilha,AL,AL/ATM_2704609_Maravilha_AL.pdf
2704708,Marechal Deodoro,AL,AL/ATM_2704708_Marechal_Deodoro_AL.pdf
2704807,Maribondo,AL,AL/ATM_2704807_Maribondo_AL.pdf
2705002,Mata Grande,AL,AL/ATM_2705002_Mata_Grande_AL.pdf
2705101,Matriz de Camaragibe,AL,AL/ATM_2705101_Matriz_de_Camaragibe_AL.pdf
2705200,Messias,AL,AL/ATM_2705200_Messias_AL.pdf
2705309,Minador do Negrão,AL,AL/ATM_2705309_Minador_do_Negrao_AL.pdf
2705408,Monteirópolis,AL,AL/ATM_2705408_Monteiropolis_AL.pdf
2705507,Murici,AL,AL/ATM_2705507_Murici_AL.pdf
2705606,Novo Lino,AL,AL/ATM_2705606_Novo_Lino_AL.pdf
2705903,Olho d'Água Grande,AL,AL/ATM_2705903_Olho_d_Agua_Grande_AL.pdf
2705705,Olho d'Água das Flores,AL,AL/ATM_2705705_Olho_d_Agua_das_Flores_AL.pdf
2705804,Olho d'Água do Casado,AL,AL/ATM_2705804_Olho_d_Agua_do_Casado_AL.pdf
2706000,Olivença,AL,AL/ATM_2706000_Olivenca_AL.pdf
2706109,Ouro Branco,AL,AL/ATM_2706109_Ouro_Branco_AL.pdf
2706208,Palestina,AL,AL/ATM_2706208_Palestina_AL.pdf
2706307,Palmeira dos Índios,AL,AL/ATM_2706307_Palmeira_dos_Indios_AL.pdf
2706422,Pariconha,AL,AL/ATM_2706422_Pariconha_AL.pdf
2706448,Paripueira,AL,AL/ATM_2706448_Paripueira_AL.pdf
2706505,Passo de Camaragibe,AL,AL/ATM_2706505_Passo_de_Camaragibe_AL.pdf
2706604,Paulo Jacinto,AL,AL/ATM_2706604_Paulo_Jacinto_AL.pdf
2706703,Penedo,AL,AL/ATM_2706703_Penedo_AL.pdf
2706802,Piaçabuçu,AL,AL/ATM_2706802_Piacabucu_AL.pdf
2706901,Pilar,AL,AL/ATM_2706901_Pilar_AL.pdf
2707008,Pindoba,AL,AL/ATM_2707008_Pindoba_AL.pdf
2707107,Piranhas,AL,AL/ATM_2707107_Piranhas_AL.pdf
2707305,Porto Calvo,AL,AL/ATM_2707305_Porto_Calvo_AL.pdf
2707503,Porto Real do Colégio,AL,AL/ATM_2707503_Porto_Real_do_Colegio_AL.pdf
2707404,Porto de Pedras,AL,AL/ATM_2707404_Porto_de_Pedras_AL.pdf
2707206,Poço das Trincheiras,AL,AL/ATM_2707206_Poco_das_Trincheiras_AL.pdf
2706406,Pão de Açúcar,AL,AL/ATM_2706406_Pao_de_Acucar_AL.pdf
2707602,Quebrangulo,AL,AL/ATM_2707602_Quebrangulo_AL.pdf
2707701,Rio Largo,AL,AL/ATM_2707701_Rio_Largo_AL.pdf
2707800,Roteiro,AL,AL/ATM_2707800_Roteiro_AL.pdf
2707909,Santa Luzia do Norte,AL,AL/ATM_2707909_Santa_Luzia_do_Norte_AL.pdf
2708006,Santana do Ipanema,AL,AL/ATM_2708006_Santana_do_Ipanema_AL.pdf
2708105,Santana do Mundaú,AL,AL/ATM_2708105_Santana_do_Mundau_AL.pdf
2708907,Satuba,AL,AL/ATM_2708907_Satuba_AL.pdf
2708956,Senador Rui Palmeira,AL,AL/ATM_2708956_Senador_Rui_Palmeira_AL.pdf
2708204,São Brás,AL,AL/ATM_2708204_Sao_Bras_AL.pdf
2708303,São José da Laje,AL,AL/ATM_2708303_Sao_Jose_da_Laje_AL.pdf
2708402,São José da Tapera,AL,AL/ATM_2708402_Sao_Jose_da_Tapera_AL.pdf
2708501,São Luís do Quitunde,AL,AL/ATM_2708501_Sao_Luis_do_Quitunde_AL.pdf
2708600,São Miguel dos Campos,AL,AL/ATM_2708600_Sao_Miguel_dos_Campos_AL.pdf
2708709,São Miguel dos Milagres,AL,AL/ATM_2708709_Sao_Miguel_dos_Milagres_AL.pdf
2708808,São Sebastião,AL,AL/ATM_2708808_Sao_Sebastiao_AL.pdf
2709004,Tanque d'Arca,AL,AL/ATM_2709004_Tanque_d_Arca_AL.pdf
2709103,Taquarana,AL,AL/ATM_2709103_Taquarana_AL.pdf
2709152,Teotônio Vilela,AL,AL/ATM_2709152_Teotonio_Vilela_AL.pdf
2709202,Traipu,AL,AL/ATM_2709202_Traipu_AL.pdf
2709301,União dos Palmares,AL,AL/ATM_2709301_Uniao_dos_Palmares_AL.pdf
2709400,Viçosa,AL,AL/ATM_2709400_Vicosa_AL.pdf
2700102,Água Branca,AL,AL/ATM_2700102_Agua_Branca_AL.pdf
2900207,Abaré,BA,BA/ATM_2900207_Abare_BA.pdf
2900108,Abaíra,BA,BA/ATM_2900108_Abaira_BA.pdf
2900306,Acajutiba,BA,BA/ATM_2900306_Acajutiba_BA.pdf
2900355,Adustina,BA,BA/ATM_2900355_Adustina_BA.pdf
2900603,Aiquara,BA,BA/ATM_2900603_Aiquara_BA.pdf
2900702,Alagoinhas,BA,BA/ATM_2900702_Alagoinhas_BA.pdf
2900801,Alcobaça,BA,BA/ATM_2900801_Alcobaca_BA.pdf
2900900,Almadina,BA,BA/ATM_2900900_Almadina_BA.pdf
2901007,Amargosa,BA,BA/ATM_2901007_Amargosa_BA.pdf
2901106,Amélia Rodrigues,BA,BA/ATM_2901106_Amelia_Rodrigues_BA.pdf
2901155,América Dourada,BA,BA/ATM_2901155_America_Dourada_BA.pdf
2901205,Anagé,BA,BA/ATM_2901205_Anage_BA.pdf
2901304,Andaraí,BA,BA/ATM_2901304_Andarai_BA.pdf
2901353,Andorinha,BA,BA/ATM_2901353_Andorinha_BA.pdf
2901403,Angical,BA,BA/ATM_2901403_Angical_BA.pdf
2901502,Anguera,BA,BA/ATM_2901502_Anguera_BA.pdf
2901601,Antas,BA,BA/ATM_2901601_Antas_BA.pdf
2901700,Antônio Cardoso,BA,BA/ATM_2901700_Antonio_Cardoso_BA.pdf
2901809,Antônio Gonçalves,BA,BA/ATM_2901809_Antonio_Goncalves_BA.pdf
2901908,Aporá,BA,BA/ATM_2901908_Apora_BA.pdf
2901957,Apuarema,BA,BA/ATM_2901957_Apuarema_BA.pdf
2902005,Aracatu,BA,BA/ATM_2902005_Aracatu_BA.pdf
2902104,Araci,BA,BA/ATM_2902104_Araci_BA.pdf
2902203,Aramari,BA,BA/ATM_2902203_Aramari_BA.pdf
2902252,Arataca,BA,BA/ATM_2902252_Arataca_BA.pdf
2902302,Aratuípe,BA,BA/ATM_2902302_Aratuipe_BA.pdf
2902054,Araças,BA,BA/ATM_2902054_Aracas_BA.pdf
2902401,Aurelino Leal,BA,BA/ATM_2902401_Aurelino_Leal_BA.pdf
2902500,Baianópolis,BA,BA/ATM_2902500_Baianopolis_BA.pdf
2902609,Baixa Grande,BA,BA/ATM_2902609_Baixa_Grande_BA.pdf
2902658,Banzaê,BA,BA/ATM_2902658_Banzae_BA.pdf
2902708,Barra,BA,BA/ATM_2902708_Barra_BA.pdf
2902807,Barra da Estiva,BA,BA/ATM_2902807_Barra_da_Estiva_BA.pdf
2902906,Barra do Choça,BA,BA/ATM_2902906_Barra_do_Choca_BA.pdf
2903003,Barra do Mendes,BA,BA/ATM_2903003_Barra_do_Mendes_BA.pdf
2903102,Barra do Rocha,BA,BA/ATM_2903102_Barra_do_Rocha_BA.pdf
2903201,Barreiras,BA,BA/ATM_2903201_Barreiras_BA.pdf
2903235,Barro Alto,BA,BA/ATM_2903235_Barro_Alto_BA.pdf
2903300,Barro Preto,BA,BA/ATM_2903300_Barro_Preto_BA.pdf
2903276,Barrocas,BA,BA/ATM_2903276_Barrocas_BA.pdf
2903409,Belmonte,BA,BA/ATM_2903409_Belmonte_BA.pdf
2903508,Belo Campo,BA,BA/ATM_2903508_Belo_Campo_BA.pdf
2903607,Biritinga,BA,BA/ATM_2903607_Biritinga_BA.pdf
2903706,Boa Nova,BA,BA/ATM_2903706_Boa_Nova_BA.pdf
2903805,Boa Vista do Tupim,BA,BA/ATM_2903805_Boa_Vista_do_Tupim_BA.pdf
2903904,Bom Jesus da Lapa,BA,BA/ATM_2903904_Bom_Jesus_da_Lapa_BA.pdf
2903953,Bom Jesus da Serra,BA,BA/ATM_2903953_Bom_Jesus_da_Serra_BA.pdf
2904001,Boninal,BA,BA/ATM_2904001_Boninal_BA.pdf
2904050,Bonito,BA,BA/ATM_2904050_Bonito_BA.pdf
2904100,Boquira,BA,BA/ATM_2904100_Boquira_BA.pdf
2904209,Botuporã,BA,BA/ATM_2904209_Botupora_BA.pdf
2904407,Brejolândia,BA,BA/ATM_2904407_Brejolandia_BA.pdf
2904308,Brejões,BA,BA/ATM_2904308_Brejoes_BA.pdf
2904506,Brotas de Macaúbas,BA,BA/ATM_2904506_Brotas_de_Macaubas_BA.pdf
2904605,Brumado,BA,BA/ATM_2904605_Brumado_BA.pdf
2904704,Buerarema,BA,BA/ATM_2904704_Buerarema_BA.pdf
2904753,Buritirama,BA,BA/ATM_2904753_Buritirama_BA.pdf
2904803,Caatiba,BA,BA/ATM_2904803_Caatiba_BA.pdf
2904852,Cabaceiras do Paraguaçu,BA,BA/ATM_2904852_Cabaceiras_do_Paraguacu_BA.pdf
2904902,Cachoeira,BA,BA/ATM_2904902_Cachoeira_BA.pdf
2905008,Caculé,BA,BA/ATM_2905008_Cacule_BA.pdf
2905156,Caetanos,BA,BA/ATM_2905156_Caetanos_BA.pdf
2905206,Caetité,BA,BA/ATM_2905206_Caetite_BA.pdf
2905305,Cafarnaum,BA,BA/ATM_2905305_Cafarnaum_BA.pdf
2905404,Cairu,BA,BA/ATM_2905404_Cairu_BA.pdf
2905503,Caldeirão Grande,BA,BA/ATM_2905503_Caldeirao_Grande_BA.pdf
2905602,Camacan,BA,BA/ATM_2905602_Camacan_BA.pdf
2905800,Camamu,BA,BA/ATM_2905800_Camamu_BA.pdf
2905701,Camaçari,BA,BA/ATM_2905701_Camacari_BA.pdf
2905909,Campo Alegre de Lourdes,BA,BA/ATM_2905909_Campo_Alegre_de_Lourdes_BA.pdf
2906006,Campo Formoso,BA,BA/ATM_2906006_Campo_Formoso_BA.pdf
2906204,Canarana,BA,BA/ATM_2906204_Canarana_BA.pdf
2906303,Canavieiras,BA,BA/ATM_2906303_Canavieiras_BA.pdf
2906402,Candeal,BA,BA/ATM_2906402_Candeal_BA.pdf
2906501,Candeias,BA,BA/ATM_2906501_Candeias_BA.pdf
2906600,Candiba,BA,BA/ATM_2906600_Candiba_BA.pdf
2906808,Cansanção,BA,BA/ATM_2906808_Cansancao_BA.pdf
2906824,Canudos,BA,BA/ATM_2906824_Canudos_BA.pdf
2906105,Canápolis,BA,BA/ATM_2906105_Canapolis_BA.pdf
2906857,Capela do Alto Alegre,BA,BA/ATM_2906857_Capela_do_Alto_Alegre_BA.pdf
2906873,Capim Grosso,BA,BA/ATM_2906873_Capim_Grosso_BA.pdf
2906907,Caravelas,BA,BA/ATM_2906907_Caravelas_BA.pdf
2906899,Caraíbas,BA,BA/ATM_2906899_Caraibas_BA.pdf
2907004,Cardeal da Silva,BA,BA/ATM_2907004_Cardeal_da_Silva_BA.pdf
2907103,Carinhanha,BA,BA/ATM_2907103_Carinhanha_BA.pdf
2907202,Casa Nova,BA,BA/ATM_2907202_Casa_Nova_BA.pdf
2907301,Castro Alves,BA,BA/ATM_2907301_Castro_Alves_BA.pdf
2907400,Catolândia,BA,BA/ATM_2907400_Catolandia_BA.pdf
2907509,Catu,BA,BA/ATM_2907509_Catu_BA.pdf
2907558,Caturama,BA,BA/ATM_2907558_Caturama_BA.pdf
2905107,Caém,BA,BA/ATM_2905107_Caem_BA.pdf
2907608,Central,BA,BA/ATM_2907608_Central_BA.pdf
2907707,Chorrochó,BA,BA/ATM_2907707_Chorrocho_BA.pdf
2907905,Cipó,BA,BA/ATM_2907905_Cipo_BA.pdf
2908002,Coaraci,BA,BA/ATM_2908002_Coaraci_BA.pdf
2908101,Cocos,BA,BA/ATM_2908101_Cocos_BA.pdf
2908200,Conceição da Feira,BA,BA/ATM_2908200_Conceicao_da_Feira_BA.pdf
2908309,Conceição do Almeida,BA,BA/ATM_2908309_Conceicao_do_Almeida_BA.pdf
2908408,Conceição do Coité,BA,BA/ATM_2908408_Conceicao_do_Coite_BA.pdf
2908507,Conceição do Jacuípe,BA,BA/ATM_2908507_Conceicao_do_Jacuipe_BA.pdf
2908606,Conde,BA,BA/ATM_2908606_Conde_BA.pdf
2908705,Condeúba,BA,BA/ATM_2908705_Condeuba_BA.pdf
2908804,Contendas do Sincorá,BA,BA/ATM_2908804_Contendas_do_Sincora_BA.pdf
2908903,Coração de Maria,BA,BA/ATM_2908903_Coracao_de_Maria_BA.pdf
2909000,Cordeiros,BA,BA/ATM_2909000_Cordeiros_BA.pdf
2909109,Coribe,BA,BA/ATM_2909109_Coribe_BA.pdf
2909208,Coronel João Sá,BA,BA/ATM_2909208_Coronel_Joao_Sa_BA.pdf
2909307,Correntina,BA,BA/ATM_2909307_Correntina_BA.pdf
2909406,Cotegipe,BA,BA/ATM_2909406_Cotegipe_BA.pdf
2909505,Cravolândia,BA,BA/ATM_2909505_Cravolandia_BA.pdf
2909703,Cristópolis,BA,BA/ATM_2909703_Cristopolis_BA.pdf
2909604,Crisópolis,BA,BA/ATM_2909604_Crisopolis_BA.pdf
2909802,Cruz das Almas,BA,BA/ATM_2909802_Cruz_das_Almas_BA.pdf
2909901,Curaçá,BA,BA/ATM_2909901_Curaca_BA.pdf
2906709,Cândido Sales,BA,BA/ATM_2906709_Candido_Sales_BA.pdf
2907806,Cícero Dantas,BA,BA/ATM_2907806_Cicero_Dantas_BA.pdf
2910057,Dias d'Ávila,BA,BA/ATM_2910057_Dias_d_Avila_BA.pdf
2910107,Dom Basílio,BA,BA/ATM_2910107_Dom_Basilio_BA.pdf
2910206,Dom Macedo Costa,BA,BA/ATM_2910206_Dom_Macedo_Costa_BA.pdf
2910008,Dário Meira,BA,BA/ATM_2910008_Dario_Meira_BA.pdf
2910305,Elísio Medrado,BA,BA/ATM_2910305_Elisio_Medrado_BA.pdf
2910404,Encruzilhada,BA,BA/ATM_2910404_Encruzilhada_BA.pdf
2910503,Entre Rios,BA,BA/ATM_2910503_Entre_Rios_BA.pdf
2910602,Esplanada,BA,BA/ATM_2910602_Esplanada_BA.pdf
2910701,Euclides da Cunha,BA,BA/ATM_2910701_Euclides_da_Cunha_BA.pdf
2910727,Eunápolis,BA,BA/ATM_2910727_Eunapolis_BA.pdf
2910776,Feira da Mata,BA,BA/ATM_2910776_Feira_da_Mata_BA.pdf
2910800,Feira de Santana,BA,BA/ATM_2910800_Feira_de_Santana_BA.pdf
2910859,Filadélfia,BA,BA/ATM_2910859_Filadelfia_BA.pdf
2910909,Firmino Alves,BA,BA/ATM_2910909_Firmino_Alves_BA.pdf
2911006,Floresta Azul,BA,BA/ATM_2911006_Floresta_Azul_BA.pdf
2911105,Formosa do Rio Preto,BA,BA/ATM_2911105_Formosa_do_Rio_Preto_BA.pdf
2910750,Fátima,BA,BA/ATM_2910750_Fatima_BA.pdf
2911204,Gandu,BA,BA/ATM_2911204_Gandu_BA.pdf
2911253,Gavião,BA,BA/ATM_2911253_Gaviao_BA.pdf
2911303,Gentio do Ouro,BA,BA/ATM_2911303_Gentio_do_Ouro_BA.pdf
2911402,Glória,BA,BA/ATM_2911402_Gloria_BA.pdf
2911501,Gongogi,BA,BA/ATM_2911501_Gongogi_BA.pdf
2911600,Governador Mangabeira,BA,BA/ATM_2911600_Governador_Mangabeira_BA.pdf
2911659,Guajeru,BA,BA/ATM_2911659_Guajeru_BA.pdf
2911709,Guanambi,BA,BA/ATM_2911709_Guanambi_BA.pdf
2911808,Guaratinga,BA,BA/ATM_2911808_Guaratinga_BA.pdf
2911857,Heliópolis,BA,BA/ATM_2911857_Heliopolis_BA.pdf
2911907,Iaçu,BA,BA/ATM_2911907_Iacu_BA.pdf
2912004,Ibiassucê,BA,BA/ATM_2912004_Ibiassuce_BA.pdf
2912103,Ibicaraí,BA,BA/ATM_2912103_Ibicarai_BA.pdf
2912202,Ibicoara,BA,BA/ATM_2912202_Ibicoara_BA.pdf
2912301,Ibicuí,BA,BA/ATM_2912301_Ibicui_BA.pdf
2912400,Ibipeba,BA,BA/ATM_2912400_Ibipeba_BA.pdf
2912509,Ibipitanga,BA,BA/ATM_2912509_Ibipitanga_BA.pdf
2912608,Ibiquera,BA,BA/ATM_2912608_Ibiquera_BA.pdf
2912707,Ibirapitanga,BA,BA/ATM_2912707_Ibirapitanga_BA.pdf
2912806,Ibirapuã,BA,BA/ATM_2912806_Ibirapua_BA.pdf
2912905,Ibirataia,BA,BA/ATM_2912905_Ibirataia_BA.pdf
2913002,Ibitiara,BA,BA/ATM_2913002_Ibitiara_BA.pdf
2913101,Ibititá,BA,BA/ATM_2913101_Ibitita_BA.pdf
2913200,Ibotirama,BA,BA/ATM_2913200_Ibotirama_BA.pdf
2913309,Ichu,BA,BA/ATM_2913309_Ichu_BA.pdf
2913408,Igaporã,BA,BA/ATM_2913408_Igapora_BA.pdf
2913457,Igrapiúna,BA,BA/ATM_2913457_Igrapiuna_BA.pdf
2913507,Iguaí,BA,BA/ATM_2913507_Iguai_BA.pdf
2913606,Ilhéus,BA,BA/ATM_2913606_Ilheus_BA.pdf
2913705,Inhambupe,BA,BA/ATM_2913705_Inhambupe_BA.pdf
2913804,Ipecaetá,BA,BA/ATM_2913804_Ipecaeta_BA.pdf
2913903,Ipiaú,BA,BA/ATM_2913903_Ipiau_BA.pdf
2914000,Ipirá,BA,BA/ATM_2914000_Ipira_BA.pdf
2914109,Ipupiara,BA,BA/ATM_2914109_Ipupiara_BA.pdf
2914208,Irajuba,BA,BA/ATM_2914208_Irajuba_BA.pdf
2914307,Iramaia,BA,BA/ATM_2914307_Iramaia_BA.pdf
2914406,Iraquara,BA,BA/ATM_2914406_Iraquara_BA.pdf
2914505,Irará,BA,BA/ATM_2914505_Irara_BA.pdf
2914604,Irecê,BA,BA/ATM_2914604_Irece_BA.pdf
2914653,Itabela,BA,BA/ATM_2914653_Itabela_BA.pdf
2914703,Itaberaba,BA,BA/ATM_2914703_Itaberaba_BA.pdf
2914802,Itabuna,BA,BA/ATM_2914802_Itabuna_BA.pdf
2914901,Itacaré,BA,BA/ATM_2914901_Itacare_BA.pdf
2915007,Itaeté,BA,BA/ATM_2915007_Itaete_BA.pdf
2915106,Itagi,BA,BA/ATM_2915106_Itagi_BA.pdf
2915205,Itagibá,BA,BA/ATM_2915205_Itagiba_BA.pdf
2915304,Itagimirim,BA,BA/ATM_2915304_Itagimirim_BA.pdf
2915353,Itaguaçu da Bahia,BA,BA/ATM_2915353_Itaguacu_da_Bahia_BA.pdf
2915403,Itaju do Colônia,BA,BA/ATM_2915403_Itaju_do_Colonia_BA.pdf
2915502,Itajuípe,BA,BA/ATM_2915502_Itajuipe_BA.pdf
2915601,Itamaraju,BA,BA/ATM_2915601_Itamaraju_BA.pdf
2915700,Itamari,BA,BA/ATM_2915700_Itamari_BA.pdf
2915809,Itambé,BA,BA/ATM_2915809_Itambe_BA.pdf
2915908,Itanagra,BA,BA/ATM_2915908_Itanagra_BA.pdf
2916005,Itanhém,BA,BA/ATM_2916005_Itanhem_BA.pdf
2916104,Itaparica,BA,BA/ATM_2916104_Itaparica_BA.pdf
2916302,Itapebi,BA,BA/ATM_2916302_Itapebi_BA.pdf
2916401,Itapetinga,BA,BA/ATM_2916401_Itapetinga_BA.pdf
2916500,Itapicuru,BA,BA/ATM_2916500_Itapicuru_BA.pdf
2916609,Itapitanga,BA,BA/ATM_2916609_Itapitanga_BA.pdf
2916203,Itapé,BA,BA/ATM_2916203_Itape_BA.pdf
2916708,Itaquara,BA,BA/ATM_2916708_Itaquara_BA.pdf
2916807,Itarantim,BA,BA/ATM_2916807_Itarantim_BA.pdf
2916856,Itatim,BA,BA/ATM_2916856_Itatim_BA.pdf
2916906,Itiruçu,BA,BA/ATM_2916906_Itirucu_BA.pdf
2917003,Itiúba,BA,BA/ATM_2917003_Itiuba_BA.pdf
2917102,Itororó,BA,BA/ATM_2917102_Itororo_BA.pdf
2917201,Ituaçu,BA,BA/ATM_2917201_Ituacu_BA.pdf
2917300,Ituberá,BA,BA/ATM_2917300_Itubera_BA.pdf
2917334,Iuiú,BA,BA/ATM_2917334_Iuiu_BA.pdf
2917359,Jaborandi,BA,BA/ATM_2917359_Jaborandi_BA.pdf
2917409,Jacaraci,BA,BA/ATM_2917409_Jacaraci_BA.pdf
2917508,Jacobina,BA,BA/ATM_2917508_Jacobina_BA.pdf
2917607,Jaguaquara,BA,BA/ATM_2917607_Jaguaquara_BA.pdf
2917706,Jaguarari,BA,BA/ATM_2917706_Jaguarari_BA.pdf
2917805,Jaguaripe,BA,BA/ATM_2917805_Jaguaripe_BA.pdf
2917904,Jandaíra,BA,BA/ATM_2917904_Jandaira_BA.pdf
2918001,Jequié,BA,BA/ATM_2918001_Jequie_BA.pdf
2918100,Jeremoabo,BA,BA/ATM_2918100_Jeremoabo_BA.pdf
2918209,Jiquiriçá,BA,BA/ATM_2918209_Jiquirica_BA.pdf
2918308,Jitaúna,BA,BA/ATM_2918308_Jitauna_BA.pdf
2918357,João Dourado,BA,BA/ATM_2918357_Joao_Dourado_BA.pdf
2918407,Juazeiro,BA,BA/ATM_2918407_Juazeiro_BA.pdf
2918456,Jucuruçu,BA,BA/ATM_2918456_Jucurucu_BA.pdf
2918506,Jussara,BA,BA/ATM_2918506_Jussara_BA.pdf
2918555,Jussari,BA,BA/ATM_2918555_Jussari_BA.pdf
2918605,Jussiape,BA,BA/ATM_2918605_Jussiape_BA.pdf
2918704,Lafaiete Coutinho,BA,BA/ATM_2918704_Lafaiete_Coutinho_BA.pdf
2918753,Lagoa Real,BA,BA/ATM_2918753_Lagoa_Real_BA.pdf
2918803,Laje,BA,BA/ATM_2918803_Laje_BA.pdf
2919009,Lajedinho,BA,BA/ATM_2919009_Lajedinho_BA.pdf
2919058,Lajedo do Tabocal,BA,BA/ATM_2919058_Lajedo_do_Tabocal_BA.pdf
2918902,Lajedão,BA,BA/ATM_2918902_Lajedao_BA.pdf
2919108,Lamarão,BA,BA/ATM_2919108_Lamarao_BA.pdf
2919157,Lapão,BA,BA/ATM_2919157_Lapao_BA.pdf
2919207,Lauro de Freitas,BA,BA/ATM_2919207_Lauro_de_Freitas_BA.pdf
2919306,Lençóis,BA,BA/ATM_2919306_Lencois_BA.pdf
2919405,Licínio de Almeida,BA,BA/ATM_2919405_Licinio_de_Almeida_BA.pdf
2919504,Livramento de Nossa Senhora,BA,BA/ATM_2919504_Livramento_de_Nossa_Senhora_BA.pdf
2919553,Luís Eduardo Magalhães,BA,BA/ATM_2919553_Luis_Eduardo_Magalhaes_BA.pdf
2919603,Macajuba,BA,BA/ATM_2919603_Macajuba_BA.pdf
2919702,Macarani,BA,BA/ATM_2919702_Macarani_BA.pdf
2919801,Macaúbas,BA,BA/ATM_2919801_Macaubas_BA.pdf
2919900,Macururé,BA,BA/ATM_2919900_Macurure_BA.pdf
2919926,Madre de Deus,BA,BA/ATM_2919926_Madre_de_Deus_BA.pdf
2919959,Maetinga,BA,BA/ATM_2919959_Maetinga_BA.pdf
2920007,Maiquinique,BA,BA/ATM_2920007_Maiquinique_BA.pdf
2920106,Mairi,BA,BA/ATM_2920106_Mairi_BA.pdf
2920205,Malhada,BA,BA/ATM_2920205_Malhada_BA.pdf
2920304,Malhada de Pedras,BA,BA/ATM_2920304_Malhada_de_Pedras_BA.pdf
2920403,Manoel Vitorino,BA,BA/ATM_2920403_Manoel_Vitorino_BA.pdf
2920452,Mansidão,BA,BA/ATM_2920452_Mansidao_BA.pdf
2920502,Maracás,BA,BA/ATM_2920502_Maracas_BA.pdf
2920601,Maragogipe,BA,BA/ATM_2920601_Maragogipe_BA.pdf
2920700,Maraú,BA,BA/ATM_2920700_Marau_BA.pdf
2920809,Marcionílio Souza,BA,BA/ATM_2920809_Marcionilio_Souza_BA.pdf
2920908,Mascote,BA,BA/ATM_2920908_Mascote_BA.pdf
2921005,Mata de São João,BA,BA/ATM_2921005_Mata_de_Sao_Joao_BA.pdf
2921054,Matina,BA,BA/ATM_2921054_Matina_BA.pdf
2921104,Medeiros Neto,BA,BA/ATM_2921104_Medeiros_Neto_BA.pdf
2921203,Miguel Calmon,BA,BA/ATM_2921203_Miguel_Calmon_BA.pdf
2921302,Milagres,BA,BA/ATM_2921302_Milagres_BA.pdf
2921401,Mirangaba,BA,BA/ATM_2921401_Mirangaba_BA.pdf
2921450,Mirante,BA,BA/ATM_2921450_Mirante_BA.pdf
2921500,Monte Santo,BA,BA/ATM_2921500_Monte_Santo_BA.pdf
2921609,Morpará,BA,BA/ATM_2921609_Morpara_BA.pdf
2921708,Morro do Chapéu,BA,BA/ATM_2921708_Morro_do_Chapeu_BA.pdf
2921807,Mortugaba,BA,BA/ATM_2921807_Mortugaba_BA.pdf
2921906,Mucugê,BA,BA/ATM_2921906_Mucuge_BA.pdf
2922003,Mucuri,BA,BA/ATM_2922003_Mucuri_BA.pdf
2922052,Mulungu do Morro,BA,BA/ATM_2922052_Mulungu_do_Morro_BA.pdf
2922102,Mundo Novo,BA,BA/ATM_2922102_Mundo_Novo_BA.pdf
2922201,Muniz Ferreira,BA,BA/ATM_2922201_Muniz_Ferreira_BA.pdf
2922250,Muquém de São Francisco,BA,BA/ATM_2922250_Muquem_de_Sao_Francisco_BA.pdf
2922300,Muritiba,BA,BA/ATM_2922300_Muritiba_BA.pdf
2922409,Mutuípe,BA,BA/ATM_2922409_Mutuipe_BA.pdf
2922508,Nazaré,BA,BA/ATM_2922508_Nazare_BA.pdf
2922607,Nilo Peçanha,BA,BA/ATM_2922607_Nilo_Pecanha_BA.pdf
2922656,Nordestina,BA,BA/ATM_2922656_Nordestina_BA.pdf
2922706,Nova Canaã,BA,BA/ATM_2922706_Nova_Canaa_BA.pdf
2922730,Nova Fátima,BA,BA/ATM_2922730_Nova_Fatima_BA.pdf
2922755,Nova Ibiá,BA,BA/ATM_2922755_Nova_Ibia_BA.pdf
2922805,Nova Itarana,BA,BA/ATM_2922805_Nova_Itarana_BA.pdf
2922854,Nova Redenção,BA,BA/ATM_2922854_Nova_Redencao_BA.pdf
2922904,Nova Soure,BA,BA/ATM_2922904_Nova_Soure_BA.pdf
2923001,Nova Viçosa,BA,BA/ATM_2923001_Nova_Vicosa_BA.pdf
2923035,Novo Horizonte,BA,BA/ATM_2923035_Novo_Horizonte_BA.pdf
2923050,Novo Triunfo,BA,BA/ATM_2923050_Novo_Triunfo_BA.pdf
2923100,Olindina,BA,BA/ATM_2923100_Olindina_BA.pdf
2923209,Oliveira dos Brejinhos,BA,BA/ATM_2923209_Oliveira_dos_Brejinhos_BA.pdf
2923308,Ouriçangas,BA,BA/ATM_2923308_Ouricangas_BA.pdf
2923357,Ourolândia,BA,BA/ATM_2923357_Ourolandia_BA.pdf
2923407,Palmas de Monte Alto,BA,BA/ATM_2923407_Palmas_de_Monte_Alto_BA.pdf
2923506,Palmeiras,BA,BA/ATM_2923506_Palmeiras_BA.pdf
2923605,Paramirim,BA,BA/ATM_2923605_Paramirim_BA.pdf
2923704,Paratinga,BA,BA/ATM_2923704_Paratinga_BA.pdf
2923803,Paripiranga,BA,BA/ATM_2923803_Paripiranga_BA.pdf
2923902,Pau Brasil,BA,BA/ATM_2923902_Pau_Brasil_BA.pdf
2924009,Paulo Afonso,BA,BA/ATM_2924009_Paulo_Afonso_BA.pdf
2924207,Pedro Alexandre,BA,BA/ATM_2924207_Pedro_Alexandre_BA.pdf
2924108,Pedrão,BA,BA/ATM_2924108_Pedrao_BA.pdf
2924306,Piatã,BA,BA/ATM_2924306_Piata_BA.pdf
2924405,Pilão Arcado,BA,BA/ATM_2924405_Pilao_Arcado_BA.pdf
2924504,Pindaí,BA,BA/ATM_2924504_Pindai_BA.pdf
2924603,Pindobaçu,BA,BA/ATM_2924603_Pindobacu_BA.pdf
2924652,Pintadas,BA,BA/ATM_2924652_Pintadas_BA.pdf
2924678,Piraí do Norte,BA,BA/ATM_2924678_Pirai_do_Norte_BA.pdf
2924702,Piripá,BA,BA/ATM_2924702_Piripa_BA.pdf
2924801,Piritiba,BA,BA/ATM_2924801_Piritiba_BA.pdf
2924900,Planaltino,BA,BA/ATM_2924900_Planaltino_BA.pdf
2925006,Planalto,BA,BA/ATM_2925006_Planalto_BA.pdf
2925204,Pojuca,BA,BA/ATM_2925204_Pojuca_BA.pdf
2925253,Ponto Novo,BA,BA/ATM_2925253_Ponto_Novo_BA.pdf
2925303,Porto Seguro,BA,BA/ATM_2925303_Porto_Seguro_BA.pdf
2925402,Potiraguá,BA,BA/ATM_2925402_Potiragua_BA.pdf
2925105,Poções,BA,BA/ATM_2925105_Pocoes_BA.pdf
2925501,Prado,BA,BA/ATM_2925501_Prado_BA.pdf
2925600,Presidente Dutra,BA,BA/ATM_2925600_Presidente_Dutra_BA.pdf
2925709,Presidente Jânio Quadros,BA,BA/ATM_2925709_Presidente_Janio_Quadros_BA.pdf
2925758,Presidente Tancredo Neves,BA,BA/ATM_2925758_Presidente_Tancredo_Neves_BA.pdf
2924058,Pé de Serra,BA,BA/ATM_2924058_Pe_de_Serra_BA.pdf
2925808,Queimadas,BA,BA/ATM_2925808_Queimadas_BA.pdf
2925907,Quijingue,BA,BA/ATM_2925907_Quijingue_BA.pdf
2925931,Quixabeira,BA,BA/ATM_2925931_Quixabeira_BA.pdf
2925956,Rafael Jambeiro,BA,BA/ATM_2925956_Rafael_Jambeiro_BA.pdf
2926004,Remanso,BA,BA/ATM_2926004_Remanso_BA.pdf
2926103,Retirolândia,BA,BA/ATM_2926103_Retirolandia_BA.pdf
2926400,Riacho de Santana,BA,BA/ATM_2926400_Riacho_de_Santana_BA.pdf
2926202,Riachão das Neves,BA,BA/ATM_2926202_Riachao_das_Neves_BA.pdf
2926301,Riachão do Jacuípe,BA,BA/ATM_2926301_Riachao_do_Jacuipe_BA.pdf
2926509,Ribeira do Amparo,BA,BA/ATM_2926509_Ribeira_do_Amparo_BA.pdf
2926608,Ribeira do Pombal,BA,BA/ATM_2926608_Ribeira_do_Pombal_BA.pdf
2926657,Ribeirão do Largo,BA,BA/ATM_2926657_Ribeirao_do_Largo_BA.pdf
2927002,Rio Real,BA,BA/ATM_2927002_Rio_Real_BA.pdf
2926707,Rio de Contas,BA,BA/ATM_2926707_Rio_de_Contas_BA.pdf
2926806,Rio do Antônio,BA,BA/ATM_2926806_Rio_do_Antonio_BA.pdf
2926905,Rio do Pires,BA,BA/ATM_2926905_Rio_do_Pires_BA.pdf
2927101,Rodelas,BA,BA/ATM_2927101_Rodelas_BA.pdf
2927200,Ruy Barbosa,BA,BA/ATM_2927200_Ruy_Barbosa_BA.pdf
2927309,Salinas da Margarida,BA,BA/ATM_2927309_Salinas_da_Margarida_BA.pdf
2927408,Salvador,BA,BA/ATM_2927408_Salvador_BA.pdf
2927606,Santa Brígida,BA,BA/ATM_2927606_Santa_Brigida_BA.pdf
2927507,Santa Bárbara,BA,BA/ATM_2927507_Santa_Barbara_BA.pdf
2927705,Santa Cruz Cabrália,BA,BA/ATM_2927705_Santa_Cruz_Cabralia_BA.pdf
2927804,Santa Cruz da Vitória,BA,BA/ATM_2927804_Santa_Cruz_da_Vitoria_BA.pdf
2927903,Santa Inês,BA,BA/ATM_2927903_Santa_Ines_BA.pdf
2928059,Santa Luzia,BA,BA/ATM_2928059_Santa_Luzia_BA.pdf
2928109,Santa Maria da Vitória,BA,BA/ATM_2928109_Santa_Maria_da_Vitoria_BA.pdf
2928406,Santa Rita de Cássia,BA,BA/ATM_2928406_Santa_Rita_de_Cassia_BA.pdf
2928505,Santa Teresinha,BA,BA/ATM_2928505_Santa_Teresinha_BA.pdf
2928000,Santaluz,BA,BA/ATM_2928000_Santaluz_BA.pdf
2928208,Santana,BA,BA/ATM_2928208_Santana_BA.pdf
2928307,Santanópolis,BA,BA/ATM_2928307_Santanopolis_BA.pdf
2928604,Santo Amaro,BA,BA/ATM_2928604_Santo_Amaro_BA.pdf
2928703,Santo Antônio de Jesus,BA,BA/ATM_2928703_Santo_Antonio_de_Jesus_BA.pdf
2928802,Santo Estêvão,BA,BA/ATM_2928802_Santo_Estevao_BA.pdf
2929602,Sapeaçu,BA,BA/ATM_2929602_Sapeacu_BA.pdf
2929750,Saubara,BA,BA/ATM_2929750_Saubara_BA.pdf
2929800,Saúde,BA,BA/ATM_2929800_Saude_BA.pdf
2929909,Seabra,BA,BA/ATM_2929909_Seabra_BA.pdf
2930006,Sebastião Laranjeiras,BA,BA/ATM_2930006_Sebastiao_Laranjeiras_BA.pdf
2930105,Senhor do Bonfim,BA,BA/ATM_2930105_Senhor_do_Bonfim_BA.pdf
2930204,Sento Sé,BA,BA/ATM_2930204_Sento_Se_BA.pdf
2930303,Serra Dourada,BA,BA/ATM_2930303_Serra_Dourada_BA.pdf
2930402,Serra Preta,BA,BA/ATM_2930402_Serra_Preta_BA.pdf
2930154,Serra do Ramalho,BA,BA/ATM_2930154_Serra_do_Ramalho_BA.pdf
2930501,Serrinha,BA,BA/ATM_2930501_Serrinha_BA.pdf
2930600,Serrolândia,BA,BA/ATM_2930600_Serrolandia_BA.pdf
2930709,Simões Filho,BA,BA/ATM_2930709_Simoes_Filho_BA.pdf
2930774,Sobradinho,BA,BA/ATM_2930774_Sobradinho_BA.pdf
2930808,Souto Soares,BA,BA/ATM_2930808_Souto_Soares_BA.pdf
2929701,Sátiro Dias,BA,BA/ATM_2929701_Satiro_Dias_BA.pdf
2928901,São Desidério,BA,BA/ATM_2928901_Sao_Desiderio_BA.pdf
2928950,São Domingos,BA,BA/ATM_2928950_Sao_Domingos_BA.pdf
2929107,São Felipe,BA,BA/ATM_2929107_Sao_Felipe_BA.pdf
2929206,São Francisco do Conde,BA,BA/ATM_2929206_Sao_Francisco_do_Conde_BA.pdf
2929008,São Félix,BA,BA/ATM_2929008_Sao_Felix_BA.pdf
2929057,São Félix do Coribe,BA,BA/ATM_2929057_Sao_Felix_do_Coribe_BA.pdf
2929255,São Gabriel,BA,BA/ATM_2929255_Sao_Gabriel_BA.pdf
2929305,São Gonçalo dos Campos,BA,BA/ATM_2929305_Sao_Goncalo_dos_Campos_BA.pdf
2929354,São José da Vitória,BA,BA/ATM_2929354_Sao_Jose_da_Vitoria_BA.pdf
2929370,São José do Jacuípe,BA,BA/ATM_2929370_Sao_Jose_do_Jacuipe_BA.pdf
2929404,São Miguel das Matas,BA,BA/ATM_2929404_Sao_Miguel_das_Matas_BA.pdf
2929503,São Sebastião do Passé,BA,BA/ATM_2929503_Sao_Sebastiao_do_Passe_BA.pdf
2930758,Sítio do Mato,BA,BA/ATM_2930758_Sitio_do_Mato_BA.pdf
2930766,Sítio do Quinto,BA,BA/ATM_2930766_Sitio_do_Quinto_BA.pdf
2930907,Tabocas do Brejo Velho,BA,BA/ATM_2930907_Tabocas_do_Brejo_Velho_BA.pdf
2931004,Tanhaçu,BA,BA/ATM_2931004_Tanhacu_BA.pdf
2931053,Tanque Novo,BA,BA/ATM_2931053_Tanque_Novo_BA.pdf
2931103,Tanquinho,BA,BA/ATM_2931103_Tanquinho_BA.pdf
2931202,Taperoá,BA,BA/ATM_2931202_Taperoa_BA.pdf
2931301,Tapiramutá,BA,BA/ATM_2931301_Tapiramuta_BA.pdf
2931350,Teixeira de Freitas,BA,BA/ATM_2931350_Teixeira_de_Freitas_BA.pdf
2931400,Teodoro Sampaio,BA,BA/ATM_2931400_Teodoro_Sampaio_BA.pdf
2931509,Teofilândia,BA,BA/ATM_2931509_Teofilandia_BA.pdf
2931608,Teolândia,BA,BA/ATM_2931608_Teolandia_BA.pdf
2931707,Terra Nova,BA,BA/ATM_2931707_Terra_Nova_BA.pdf
2931806,Tremedal,BA,BA/ATM_2931806_Tremedal_BA.pdf
2931905,Tucano,BA,BA/ATM_2931905_Tucano_BA.pdf
2932002,Uauá,BA,BA/ATM_2932002_Uaua_BA.pdf
2932200,Ubaitaba,BA,BA/ATM_2932200_Ubaitaba_BA.pdf
2932309,Ubatã,BA,BA/ATM_2932309_Ubata_BA.pdf
2932101,Ubaíra,BA,BA/ATM_2932101_Ubaira_BA.pdf
2932408,Uibaí,BA,BA/ATM_2932408_Uibai_BA.pdf
2932457,Umburanas,BA,BA/ATM_2932457_Umburanas_BA.pdf
2932507,Una,BA,BA/ATM_2932507_Una_BA.pdf
2932606,Urandi,BA,BA/ATM_2932606_Urandi_BA.pdf
2932705,Uruçuca,BA,BA/ATM_2932705_Urucuca_BA.pdf
2932804,Utinga,BA,BA/ATM_2932804_Utinga_BA.pdf
2933000,Valente,BA,BA/ATM_2933000_Valente_BA.pdf
2932903,Valença,BA,BA/ATM_2932903_Valenca_BA.pdf
2933174,Varzedo,BA,BA/ATM_2933174_Varzedo_BA.pdf
2933208,Vera Cruz,BA,BA/ATM_2933208_Vera_Cruz_BA.pdf
2933257,Vereda,BA,BA/ATM_2933257_Vereda_BA.pdf
2933307,Vitória da Conquista,BA,BA/ATM_2933307_Vitoria_da_Conquista_BA.pdf
2933158,Várzea Nova,BA,BA/ATM_2933158_Varzea_Nova_BA.pdf
2933059,Várzea da Roça,BA,BA/ATM_2933059_Varzea_da_Roca_BA.pdf
2933109,Várzea do Poço,BA,BA/ATM_2933109_Varzea_do_Poco_BA.pdf
2933406,Wagner,BA,BA/ATM_2933406_Wagner_BA.pdf
2933455,Wanderley,BA,BA/ATM_2933455_Wanderley_BA.pdf
2933505,Wenceslau Guimarães,BA,BA/ATM_2933505_Wenceslau_Guimaraes_BA.pdf
2933604,Xique-Xique,BA,BA/ATM_2933604_Xique-Xique_BA.pdf
2900405,Água Fria,BA,BA/ATM_2900405_Agua_Fria_BA.pdf
2900504,Érico Cardoso,BA,BA/ATM_2900504_Erico_Cardoso_BA.pdf
2300101,Abaiara,CE,CE/ATM_2300101_Abaiara_CE.pdf
2300150,Acarape,CE,CE/ATM_2300150_Acarape_CE.pdf
2300200,Acaraú,CE,CE/ATM_2300200_Acarau_CE.pdf
2300309,Acopiara,CE,CE/ATM_2300309_Acopiara_CE.pdf
2300408,Aiuaba,CE,CE/ATM_2300408_Aiuaba_CE.pdf
2300507,Alcântaras,CE,CE/ATM_2300507_Alcantaras_CE.pdf
2300606,Altaneira,CE,CE/ATM_2300606_Altaneira_CE.pdf
2300705,Alto Santo,CE,CE/ATM_2300705_Alto_Santo_CE.pdf
2300754,Amontada,CE,CE/ATM_2300754_Amontada_CE.pdf
2300804,Antonina do Norte,CE,CE/ATM_2300804_Antonina_do_Norte_CE.pdf
2300903,Apuiarés,CE,CE/ATM_2300903_Apuiares_CE.pdf
2301000,Aquiraz,CE,CE/ATM_2301000_Aquiraz_CE.pdf
2301109,Aracati,CE,CE/ATM_2301109_Aracati_CE.pdf
2301208,Aracoiaba,CE,CE/ATM_2301208_Aracoiaba_CE.pdf
2301257,Ararendá,CE,CE/ATM_2301257_Ararenda_CE.pdf
2301307,Araripe,CE,CE/ATM_2301307_Araripe_CE.pdf
2301406,Aratuba,CE,CE/ATM_2301406_Aratuba_CE.pdf
2301505,Arneiroz,CE,CE/ATM_2301505_Arneiroz_CE.pdf
2301604,Assaré,CE,CE/ATM_2301604_Assare_CE.pdf
2301703,Aurora,CE,CE/ATM_2301703_Aurora_CE.pdf
2301802,Baixio,CE,CE/ATM_2301802_Baixio_CE.pdf
2301851,Banabuiú,CE,CE/ATM_2301851_Banabuiu_CE.pdf
2301901,Barbalha,CE,CE/ATM_2301901_Barbalha_CE.pdf
2301950,Barreira,CE,CE/ATM_2301950_Barreira_CE.pdf
2302008,Barro,CE,CE/ATM_2302008_Barro_CE.pdf
2302057,Barroquinha,CE,CE/ATM_2302057_Barroquinha_CE.pdf
2302107,Baturité,CE,CE/ATM_2302107_Baturite_CE.pdf
2302206,Beberibe,CE,CE/ATM_2302206_Beberibe_CE.pdf
2302305,Bela Cruz,CE,CE/ATM_2302305_Bela_Cruz_CE.pdf
2302404,Boa Viagem,CE,CE/ATM_2302404_Boa_Viagem_CE.pdf
2302503,Brejo Santo,CE,CE/ATM_2302503_Brejo_Santo_CE.pdf
2302602,Camocim,CE,CE/ATM_2302602_Camocim_CE.pdf
2302701,Campos Sales,CE,CE/ATM_2302701_Campos_Sales_CE.pdf
2302800,Canindé,CE,CE/ATM_2302800_Caninde_CE.pdf
2302909,Capistrano,CE,CE/ATM_2302909_Capistrano_CE.pdf
2303006,Caridade,CE,CE/ATM_2303006_Caridade_CE.pdf
2303204,Caririaçu,CE,CE/ATM_2303204_Caririacu_CE.pdf
2303105,Cariré,CE,CE/ATM_2303105_Carire_CE.pdf
2303303,Cariús,CE,CE/ATM_2303303_Carius_CE.pdf
2303402,Carnaubal,CE,CE/ATM_2303402_Carnaubal_CE.pdf
2303501,Cascavel,CE,CE/ATM_2303501_Cascavel_CE.pdf
2303600,Catarina,CE,CE/ATM_2303600_Catarina_CE.pdf
2303659,Catunda,CE,CE/ATM_2303659_Catunda_CE.pdf
2303709,Caucaia,CE,CE/ATM_2303709_Caucaia_CE.pdf
2303808,Cedro,CE,CE/ATM_2303808_Cedro_CE.pdf
2303907,Chaval,CE,CE/ATM_2303907_Chaval_CE.pdf
2303956,Chorozinho,CE,CE/ATM_2303956_Chorozinho_CE.pdf
2303931,Choró,CE,CE/ATM_2303931_Choro_CE.pdf
2304004,Coreaú,CE,CE/ATM_2304004_Coreau_CE.pdf
2304103,Crateús,CE,CE/ATM_2304103_Crateus_CE.pdf
2304202,Crato,CE,CE/ATM_2304202_Crato_CE.pdf
2304236,Croatá,CE,CE/ATM_2304236_Croata_CE.pdf
2304251,Cruz,CE,CE/ATM_2304251_Cruz_CE.pdf
2304269,Deputado Irapuan Pinheiro,CE,CE/ATM_2304269_Deputado_Irapuan_Pinheiro_CE.pdf
2304277,Ererê,CE,CE/ATM_2304277_Erere_CE.pdf
2304285,Eusébio,CE,CE/ATM_2304285_Eusebio_CE.pdf
2304301,Farias Brito,CE,CE/ATM_2304301_Farias_Brito_CE.pdf
2304350,Forquilha,CE,CE/ATM_2304350_Forquilha_CE.pdf
2304400,Fortaleza,CE,CE/ATM_2304400_Fortaleza_CE.pdf
2304459,Fortim,CE,CE/ATM_2304459_Fortim_CE.pdf
2304509,Frecheirinha,CE,CE/ATM_2304509_Frecheirinha_CE.pdf
2304608,General Sampaio,CE,CE/ATM_2304608_General_Sampaio_CE.pdf
2304707,Granja,CE,CE/ATM_2304707_Granja_CE.pdf
2304806,Granjeiro,CE,CE/ATM_2304806_Granjeiro_CE.pdf
2304657,Graça,CE,CE/ATM_2304657_Graca_CE.pdf
2304905,Groaíras,CE,CE/ATM_2304905_Groairas_CE.pdf
2304954,Guaiúba,CE,CE/ATM_2304954_Guaiuba_CE.pdf
2305001,Guaraciaba do Norte,CE,CE/ATM_2305001_Guaraciaba_do_Norte_CE.pdf
2305100,Guaramiranga,CE,CE/ATM_2305100_Guaramiranga_CE.pdf
2305209,Hidrolândia,CE,CE/ATM_2305209_Hidrolandia_CE.pdf
2305233,Horizonte,CE,CE/ATM_2305233_Horizonte_CE.pdf
2305266,Ibaretama,CE,CE/ATM_2305266_Ibaretama_CE.pdf
2305308,Ibiapina,CE,CE/ATM_2305308_Ibiapina_CE.pdf
2305332,Ibicuitinga,CE,CE/ATM_2305332_Ibicuitinga_CE.pdf
2305357,Icapuí,CE,CE/ATM_2305357_Icapui_CE.pdf
2305407,Icó,CE,CE/ATM_2305407_Ico_CE.pdf
2305506,Iguatu,CE,CE/ATM_2305506_Iguatu_CE.pdf
2305605,Independência,CE,CE/ATM_2305605_Independencia_CE.pdf
2305654,Ipaporanga,CE,CE/ATM_2305654_Ipaporanga_CE.pdf
2305704,Ipaumirim,CE,CE/ATM_2305704_Ipaumirim_CE.pdf
2305803,Ipu,CE,CE/ATM_2305803_Ipu_CE.pdf
2305902,Ipueiras,CE,CE/ATM_2305902_Ipueiras_CE.pdf
2306009,Iracema,CE,CE/ATM_2306009_Iracema_CE.pdf
2306108,Irauçuba,CE,CE/ATM_2306108_Iraucuba_CE.pdf
2306256,Itaitinga,CE,CE/ATM_2306256_Itaitinga_CE.pdf
2306207,Itaiçaba,CE,CE/ATM_2306207_Itaicaba_CE.pdf
2306306,Itapagé,CE,CE/ATM_2306306_Itapage_CE.pdf
2306405,Itapipoca,CE,CE/ATM_2306405_Itapipoca_CE.pdf
2306504,Itapiúna,CE,CE/ATM_2306504_Itapiuna_CE.pdf
2306553,Itarema,CE,CE/ATM_2306553_Itarema_CE.pdf
2306603,Itatira,CE,CE/ATM_2306603_Itatira_CE.pdf
2306702,Jaguaretama,CE,CE/ATM_2306702_Jaguaretama_CE.pdf
2306801,Jaguaribara,CE,CE/ATM_2306801_Jaguaribara_CE.pdf
2306900,Jaguaribe,CE,CE/ATM_2306900_Jaguaribe_CE.pdf
2307007,Jaguaruana,CE,CE/ATM_2307007_Jaguaruana_CE.pdf
2307106,Jardim,CE,CE/ATM_2307106_Jardim_CE.pdf
2307205,Jati,CE,CE/ATM_2307205_Jati_CE.pdf
2307254,Jijoca de Jericoacoara,CE,CE/ATM_2307254_Jijoca_de_Jericoacoara_CE.pdf
2307304,Juazeiro do Norte,CE,CE/ATM_2307304_Juazeiro_do_Norte_CE.pdf
2307403,Jucás,CE,CE/ATM_2307403_Jucas_CE.pdf
2307502,Lavras da Mangabeira,CE,CE/ATM_2307502_Lavras_da_Mangabeira_CE.pdf
2307601,Limoeiro do Norte,CE,CE/ATM_2307601_Limoeiro_do_Norte_CE.pdf
2307635,Madalena,CE,CE/ATM_2307635_Madalena_CE.pdf
2307650,Maracanaú,CE,CE/ATM_2307650_Maracanau_CE.pdf
2307700,Maranguape,CE,CE/ATM_2307700_Maranguape_CE.pdf
2307809,Marco,CE,CE/ATM_2307809_Marco_CE.pdf
2307908,Martinópole,CE,CE/ATM_2307908_Martinopole_CE.pdf
2308005,Massapê,CE,CE/ATM_2308005_Massape_CE.pdf
2308104,Mauriti,CE,CE/ATM_2308104_Mauriti_CE.pdf
2308203,Meruoca,CE,CE/ATM_2308203_Meruoca_CE.pdf
2308302,Milagres,CE,CE/ATM_2308302_Milagres_CE.pdf
2308351,Milhã,CE,CE/ATM_2308351_Milha_CE.pdf
2308377,Miraíma,CE,CE/ATM_2308377_Miraima_CE.pdf
2308401,Missão Velha,CE,CE/ATM_2308401_Missao_Velha_CE.pdf
2308500,Mombaça,CE,CE/ATM_2308500_Mombaca_CE.pdf
2308609,Monsenhor Tabosa,CE,CE/ATM_2308609_Monsenhor_Tabosa_CE.pdf
2308708,Morada Nova,CE,CE/ATM_2308708_Morada_Nova_CE.pdf
2308807,Moraújo,CE,CE/ATM_2308807_Moraujo_CE.pdf
2308906,Morrinhos,CE,CE/ATM_2308906_Morrinhos_CE.pdf
2309003,Mucambo,CE,CE/ATM_2309003_Mucambo_CE.pdf
2309102,Mulungu,CE,CE/ATM_2309102_Mulungu_CE.pdf
2309201,Nova Olinda,CE,CE/ATM_2309201_Nova_Olinda_CE.pdf
2309300,Nova Russas,CE,CE/ATM_2309300_Nova_Russas_CE.pdf
2309409,Novo Oriente,CE,CE/ATM_2309409_Novo_Oriente_CE.pdf
2309458,Ocara,CE,CE/ATM_2309458_Ocara_CE.pdf
2309508,Orós,CE,CE/ATM_2309508_Oros_CE.pdf
2309607,Pacajus,CE,CE/ATM_2309607_Pacajus_CE.pdf
2309706,Pacatuba,CE,CE/ATM_2309706_Pacatuba_CE.pdf
2309805,Pacoti,CE,CE/ATM_2309805_Pacoti_CE.pdf
2309904,Pacujá,CE,CE/ATM_2309904_Pacuja_CE.pdf
2310001,Palhano,CE,CE/ATM_2310001_Palhano_CE.pdf
2310100,Palmácia,CE,CE/ATM_2310100_Palmacia_CE.pdf
2310209,Paracuru,CE,CE/ATM_2310209_Paracuru_CE.pdf
2310258,Paraipaba,CE,CE/ATM_2310258_Paraipaba_CE.pdf
2310308,Parambu,CE,CE/ATM_2310308_Parambu_CE.pdf
2310407,Paramoti,CE,CE/ATM_2310407_Paramoti_CE.pdf
2310506,Pedra Branca,CE,CE/ATM_2310506_Pedra_Branca_CE.pdf
2310605,Penaforte,CE,CE/ATM_2310605_Penaforte_CE.pdf
2310704,Pentecoste,CE,CE/ATM_2310704_Pentecoste_CE.pdf
2310803,Pereiro,CE,CE/ATM_2310803_Pereiro_CE.pdf
2310852,Pindoretama,CE,CE/ATM_2310852_Pindoretama_CE.pdf
2310902,Piquet Carneiro,CE,CE/ATM_2310902_Piquet_Carneiro_CE.pdf
2310951,Pires Ferreira,CE,CE/ATM_2310951_Pires_Ferreira_CE.pdf
2311009,Poranga,CE,CE/ATM_2311009_Poranga_CE.pdf
2311108,Porteiras,CE,CE/ATM_2311108_Porteiras_CE.pdf
2311207,Potengi,CE,CE/ATM_2311207_Potengi_CE.pdf
2311231,Potiretama,CE,CE/ATM_2311231_Potiretama_CE.pdf
2311264,Quiterianópolis,CE,CE/ATM_2311264_Quiterianopolis_CE.pdf
2311306,Quixadá,CE,CE/ATM_2311306_Quixada_CE.pdf
2311355,Quixelô,CE,CE/ATM_2311355_Quixelo_CE.pdf
2311405,Quixeramobim,CE,CE/ATM_2311405_Quixeramobim_CE.pdf
2311504,Quixeré,CE,CE/ATM_2311504_Quixere_CE.pdf
2311603,Redenção,CE,CE/ATM_2311603_Redencao_CE.pdf
2311702,Reriutaba,CE,CE/ATM_2311702_Reriutaba_CE.pdf
2311801,Russas,CE,CE/ATM_2311801_Russas_CE.pdf
2311900,Saboeiro,CE,CE/ATM_2311900_Saboeiro_CE.pdf
2311959,Salitre,CE,CE/ATM_2311959_Salitre_CE.pdf
2312205,Santa Quitéria,CE,CE/ATM_2312205_Santa_Quiteria_CE.pdf
2312007,Santana do Acaraú,CE,CE/ATM_2312007_Santana_do_Acarau_CE.pdf
2312106,Santana do Cariri,CE,CE/ATM_2312106_Santana_do_Cariri_CE.pdf
2312700,Senador Pompeu,CE,CE/ATM_2312700_Senador_Pompeu_CE.pdf
2312809,Senador Sá,CE,CE/ATM_2312809_Senador_Sa_CE.pdf
2312908,Sobral,CE,CE/ATM_2312908_Sobral_CE.pdf
2313005,Solonópole,CE,CE/ATM_2313005_Solonopole_CE.pdf
2312304,São Benedito,CE,CE/ATM_2312304_Sao_Benedito_CE.pdf
2312403,São Gonçalo do Amarante,CE,CE/ATM_2312403_Sao_Goncalo_do_Amarante_CE.pdf
2312502,São João do Jaguaribe,CE,CE/ATM_2312502_Sao_Joao_do_Jaguaribe_CE.pdf
2312601,São Luís do Curu,CE,CE/ATM_2312601_Sao_Luis_do_Curu_CE.pdf
2313104,Tabuleiro do Norte,CE,CE/ATM_2313104_Tabuleiro_do_Norte_CE.pdf
2313203,Tamboril,CE,CE/ATM_2313203_Tamboril_CE.pdf
2313252,Tarrafas,CE,CE/ATM_2313252_Tarrafas_CE.pdf
2313302,Tauá,CE,CE/ATM_2313302_Taua_CE.pdf
2313351,Tejuçuoca,CE,CE/ATM_2313351_Tejucuoca_CE.pdf
2313401,Tianguá,CE,CE/ATM_2313401_Tiangua_CE.pdf
2313500,Trairi,CE,CE/ATM_2313500_Trairi_CE.pdf
2313559,Tururu,CE,CE/ATM_2313559_Tururu_CE.pdf
2313609,Ubajara,CE,CE/ATM_2313609_Ubajara_CE.pdf
2313708,Umari,CE,CE/ATM_2313708_Umari_CE.pdf
2313757,Umirim,CE,CE/ATM_2313757_Umirim_CE.pdf
2313807,Uruburetama,CE,CE/ATM_2313807_Uruburetama_CE.pdf
2313906,Uruoca,CE,CE/ATM_2313906_Uruoca_CE.pdf
2313955,Varjota,CE,CE/ATM_2313955_Varjota_CE.pdf
2314102,Viçosa do Ceará,CE,CE/ATM_2314102_Vicosa_do_Ceara_CE.pdf
2314003,Várzea Alegre,CE,CE/ATM_2314003_Varzea_Alegre_CE.pdf
2100105,Afonso Cunha,MA,MA/ATM_2100105_Afonso_Cunha_MA.pdf
2100204,Alcântara,MA,MA/ATM_2100204_Alcantara_MA.pdf
2100303,Aldeias Altas,MA,MA/ATM_2100303_Aldeias_Altas_MA.pdf
2100402,Altamira do Maranhão,MA,MA/ATM_2100402_Altamira_do_Maranhao_MA.pdf
2100436,Alto Alegre do Maranhão,MA,MA/ATM_2100436_Alto_Alegre_do_Maranhao_MA.pdf
2100477,Alto Alegre do Pindaré,MA,MA/ATM_2100477_Alto_Alegre_do_Pindare_MA.pdf
2100501,Alto Parnaíba,MA,MA/ATM_2100501_Alto_Parnaiba_MA.pdf
2100550,Amapá do Maranhão,MA,MA/ATM_2100550_Amapa_do_Maranhao_MA.pdf
2100600,Amarante do Maranhão,MA,MA/ATM_2100600_Amarante_do_Maranhao_MA.pdf
2100709,Anajatuba,MA,MA/ATM_2100709_Anajatuba_MA.pdf
2100808,Anapurus,MA,MA/ATM_2100808_Anapurus_MA.pdf
2100832,Apicum-Açu,MA,MA/ATM_2100832_Apicum-Acu_MA.pdf
2100873,Araguanã,MA,MA/ATM_2100873_Araguana_MA.pdf
2100907,Araioses,MA,MA/ATM_2100907_Araioses_MA.pdf
2100956,Arame,MA,MA/ATM_2100956_Arame_MA.pdf
2101004,Arari,MA,MA/ATM_2101004_Arari_MA.pdf
2101103,Axixá,MA,MA/ATM_2101103_Axixa_MA.pdf
2100055,Açailândia,MA,MA/ATM_2100055_Acailandia_MA.pdf
2101202,Bacabal,MA,MA/ATM_2101202_Bacabal_MA.pdf
2101251,Bacabeira,MA,MA/ATM_2101251_Bacabeira_MA.pdf
2101301,Bacuri,MA,MA/ATM_2101301_Bacuri_MA.pdf
2101350,Bacurituba,MA,MA/ATM_2101350_Bacurituba_MA.pdf
2101400,Balsas,MA,MA/ATM_2101400_Balsas_MA.pdf
2101608,Barra do Corda,MA,MA/ATM_2101608_Barra_do_Corda_MA.pdf
2101707,Barreirinhas,MA,MA/ATM_2101707_Barreirinhas_MA.pdf
2101509,Barão de Grajaú,MA,MA/ATM_2101509_Barao_de_Grajau_MA.pdf
2101772,Bela Vista do Maranhão,MA,MA/ATM_2101772_Bela_Vista_do_Maranhao_MA.pdf
2101731,Belágua,MA,MA/ATM_2101731_Belagua_MA.pdf
2101806,Benedito Leite,MA,MA/ATM_2101806_Benedito_Leite_MA.pdf
2101905,Bequimão,MA,MA/ATM_2101905_Bequimao_MA.pdf
2101939,Bernardo do Mearim,MA,MA/ATM_2101939_Bernardo_do_Mearim_MA.pdf
2101970,Boa Vista do Gurupi,MA,MA/ATM_2101970_Boa_Vista_do_Gurupi_MA.pdf
2102002,Bom Jardim,MA,MA/ATM_2102002_Bom_Jardim_MA.pdf
2102036,Bom Jesus das Selvas,MA,MA/ATM_2102036_Bom_Jesus_das_Selvas_MA.pdf
2102077,Bom Lugar,MA,MA/ATM_2102077_Bom_Lugar_MA.pdf
2102101,Brejo,MA,MA/ATM_2102101_Brejo_MA.pdf
2102150,Brejo de Areia,MA,MA/ATM_2102150_Brejo_de_Areia_MA.pdf
2102200,Buriti,MA,MA/ATM_2102200_Buriti_MA.pdf
2102309,Buriti Bravo,MA,MA/ATM_2102309_Buriti_Bravo_MA.pdf
2102325,Buriticupu,MA,MA/ATM_2102325_Buriticupu_MA.pdf
2102358,Buritirana,MA,MA/ATM_2102358_Buritirana_MA.pdf
2102374,Cachoeira Grande,MA,MA/ATM_2102374_Cachoeira_Grande_MA.pdf
2102408,Cajapió,MA,MA/ATM_2102408_Cajapio_MA.pdf
2102507,Cajari,MA,MA/ATM_2102507_Cajari_MA.pdf
2102556,Campestre do Maranhão,MA,MA/ATM_2102556_Campestre_do_Maranhao_MA.pdf
2102705,Cantanhede,MA,MA/ATM_2102705_Cantanhede_MA.pdf
2102754,Capinzal do Norte,MA,MA/ATM_2102754_Capinzal_do_Norte_MA.pdf
2102804,Carolina,MA,MA/ATM_2102804_Carolina_MA.pdf
2102903,Carutapera,MA,MA/ATM_2102903_Carutapera_MA.pdf
2103000,Caxias,MA,MA/ATM_2103000_Caxias_MA.pdf
2103109,Cedral,MA,MA/ATM_2103109_Cedral_MA.pdf
2103125,Central do Maranhão,MA,MA/ATM_2103125_Central_do_Maranhao_MA.pdf
2103174,Centro Novo do Maranhão,MA,MA/ATM_2103174_Centro_Novo_do_Maranhao_MA.pdf
2103158,Centro do Guilherme,MA,MA/ATM_2103158_Centro_do_Guilherme_MA.pdf
2103208,Chapadinha,MA,MA/ATM_2103208_Chapadinha_MA.pdf
2103257,Cidelândia,MA,MA/ATM_2103257_Cidelandia_MA.pdf
2103307,Codó,MA,MA/ATM_2103307_Codo_MA.pdf
2103406,Coelho Neto,MA,MA/ATM_2103406_Coelho_Neto_MA.pdf
2103505,Colinas,MA,MA/ATM_2103505_Colinas_MA.pdf
2103554,Conceição do Lago-Açu,MA,MA/ATM_2103554_Conceicao_do_Lago-Acu_MA.pdf
2103604,Coroatá,MA,MA/ATM_2103604_Coroata_MA.pdf
2103703,Cururupu,MA,MA/ATM_2103703_Cururupu_MA.pdf
2102606,Cândido Mendes,MA,MA/ATM_2102606_Candido_Mendes_MA.pdf
2103752,Davinópolis,MA,MA/ATM_2103752_Davinopolis_MA.pdf
2103802,Dom Pedro,MA,MA/ATM_2103802_Dom_Pedro_MA.pdf
2103901,Duque Bacelar,MA,MA/ATM_2103901_Duque_Bacelar_MA.pdf
2104008,Esperantinópolis,MA,MA/ATM_2104008_Esperantinopolis_MA.pdf
2104057,Estreito,MA,MA/ATM_2104057_Estreito_MA.pdf
2104073,Feira Nova do Maranhão,MA,MA/ATM_2104073_Feira_Nova_do_Maranhao_MA.pdf
2104081,Fernando Falcão,MA,MA/ATM_2104081_Fernando_Falcao_MA.pdf
2104099,Formosa da Serra Negra,MA,MA/ATM_2104099_Formosa_da_Serra_Negra_MA.pdf
2104107,Fortaleza dos Nogueiras,MA,MA/ATM_2104107_Fortaleza_dos_Nogueiras_MA.pdf
2104206,Fortuna,MA,MA/ATM_2104206_Fortuna_MA.pdf
2104305,Godofredo Viana,MA,MA/ATM_2104305_Godofredo_Viana_MA.pdf
2104404,Gonçalves Dias,MA,MA/ATM_2104404_Goncalves_Dias_MA.pdf
2104503,Governador Archer,MA,MA/ATM_2104503_Governador_Archer_MA.pdf
2104552,Governador Edison Lobão,MA,MA/ATM_2104552_Governador_Edison_Lobao_MA.pdf
2104602,Governador Eugênio Barros,MA,MA/ATM_2104602_Governador_Eugenio_Barros_MA.pdf
2104628,Governador Luiz Rocha,MA,MA/ATM_2104628_Governador_Luiz_Rocha_MA.pdf
2104651,Governador Newton Bello,MA,MA/ATM_2104651_Governador_Newton_Bello_MA.pdf
2104677,Governador Nunes Freire,MA,MA/ATM_2104677_Governador_Nunes_Freire_MA.pdf
2104800,Grajaú,MA,MA/ATM_2104800_Grajau_MA.pdf
2104701,Graça Aranha,MA,MA/ATM_2104701_Graca_Aranha_MA.pdf
2104909,Guimarães,MA,MA/ATM_2104909_Guimaraes_MA.pdf
2105005,Humberto de Campos,MA,MA/ATM_2105005_Humberto_de_Campos_MA.pdf
2105104,Icatu,MA,MA/ATM_2105104_Icatu_MA.pdf
2105203,Igarapé Grande,MA,MA/ATM_2105203_Igarape_Grande_MA.pdf
2105153,Igarapé do Meio,MA,MA/ATM_2105153_Igarape_do_Meio_MA.pdf
2105302,Imperatriz,MA,MA/ATM_2105302_Imperatriz_MA.pdf
2105351,Itaipava do Grajaú,MA,MA/ATM_2105351_Itaipava_do_Grajau_MA.pdf
2105401,Itapecuru Mirim,MA,MA/ATM_2105401_Itapecuru_Mirim_MA.pdf
2105427,Itinga do Maranhão,MA,MA/ATM_2105427_Itinga_do_Maranhao_MA.pdf
2105450,Jatobá,MA,MA/ATM_2105450_Jatoba_MA.pdf
2105476,Jenipapo dos Vieiras,MA,MA/ATM_2105476_Jenipapo_dos_Vieiras_MA.pdf
2105609,Joselândia,MA,MA/ATM_2105609_Joselandia_MA.pdf
2105500,João Lisboa,MA,MA/ATM_2105500_Joao_Lisboa_MA.pdf
2105658,Junco do Maranhão,MA,MA/ATM_2105658_Junco_do_Maranhao_MA.pdf
2105906,Lago Verde,MA,MA/ATM_2105906_Lago_Verde_MA.pdf
2105708,Lago da Pedra,MA,MA/ATM_2105708_Lago_da_Pedra_MA.pdf
2105807,Lago do Junco,MA,MA/ATM_2105807_Lago_do_Junco_MA.pdf
2105948,Lago dos Rodrigues,MA,MA/ATM_2105948_Lago_dos_Rodrigues_MA.pdf
2105963,Lagoa Grande do Maranhão,MA,MA/ATM_2105963_Lagoa_Grande_do_Maranhao_MA.pdf
2105922,Lagoa do Mato,MA,MA/ATM_2105922_Lagoa_do_Mato_MA.pdf
2105989,Lajeado Novo,MA,MA/ATM_2105989_Lajeado_Novo_MA.pdf
2106003,Lima Campos,MA,MA/ATM_2106003_Lima_Campos_MA.pdf
2106102,Loreto,MA,MA/ATM_2106102_Loreto_MA.pdf
2106201,Luís Domingues,MA,MA/ATM_2106201_Luis_Domingues_MA.pdf
2106300,Magalhães de Almeida,MA,MA/ATM_2106300_Magalhaes_de_Almeida_MA.pdf
2106326,Maracaçumé,MA,MA/ATM_2106326_Maracacume_MA.pdf
2106359,Marajá do Sena,MA,MA/ATM_2106359_Maraja_do_Sena_MA.pdf
2106375,Maranhãozinho,MA,MA/ATM_2106375_Maranhaozinho_MA.pdf
2106409,Mata Roma,MA,MA/ATM_2106409_Mata_Roma_MA.pdf
2106508,Matinha,MA,MA/ATM_2106508_Matinha_MA.pdf
2106607,Matões,MA,MA/ATM_2106607_Matoes_MA.pdf
2106631,Matões do Norte,MA,MA/ATM_2106631_Matoes_do_Norte_MA.pdf
2106672,Milagres do Maranhão,MA,MA/ATM_2106672_Milagres_do_Maranhao_MA.pdf
2106706,Mirador,MA,MA/ATM_2106706_Mirador_MA.pdf
2106755,Miranda do Norte,MA,MA/ATM_2106755_Miranda_do_Norte_MA.pdf
2106805,Mirinzal,MA,MA/ATM_2106805_Mirinzal_MA.pdf
2107001,Montes Altos,MA,MA/ATM_2107001_Montes_Altos_MA.pdf
2106904,Monção,MA,MA/ATM_2106904_Moncao_MA.pdf
2107100,Morros,MA,MA/ATM_2107100_Morros_MA.pdf
2107209,Nina Rodrigues,MA,MA/ATM_2107209_Nina_Rodrigues_MA.pdf
2107258,Nova Colinas,MA,MA/ATM_2107258_Nova_Colinas_MA.pdf
2107308,Nova Iorque,MA,MA/ATM_2107308_Nova_Iorque_MA.pdf
2107357,Nova Olinda do Maranhão,MA,MA/ATM_2107357_Nova_Olinda_do_Maranhao_MA.pdf
2107407,Olho d'Água das Cunhãs,MA,MA/ATM_2107407_Olho_d_Agua_das_Cunhas_MA.pdf
2107456,Olinda Nova do Maranhão,MA,MA/ATM_2107456_Olinda_Nova_do_Maranhao_MA.pdf
2107605,Palmeirândia,MA,MA/ATM_2107605_Palmeirandia_MA.pdf
2107704,Paraibano,MA,MA/ATM_2107704_Paraibano_MA.pdf
2107803,Parnarama,MA,MA/ATM_2107803_Parnarama_MA.pdf
2107902,Passagem Franca,MA,MA/ATM_2107902_Passagem_Franca_MA.pdf
2108009,Pastos Bons,MA,MA/ATM_2108009_Pastos_Bons_MA.pdf
2108058,Paulino Neves,MA,MA/ATM_2108058_Paulino_Neves_MA.pdf
2108108,Paulo Ramos,MA,MA/ATM_2108108_Paulo_Ramos_MA.pdf
2107506,Paço do Lumiar,MA,MA/ATM_2107506_Paco_do_Lumiar_MA.pdf
2108207,Pedreiras,MA,MA/ATM_2108207_Pedreiras_MA.pdf
2108256,Pedro do Rosário,MA,MA/ATM_2108256_Pedro_do_Rosario_MA.pdf
2108306,Penalva,MA,MA/ATM_2108306_Penalva_MA.pdf
2108405,Peri Mirim,MA,MA/ATM_2108405_Peri_Mirim_MA.pdf
2108454,Peritoró,MA,MA/ATM_2108454_Peritoro_MA.pdf
2108504,Pindaré-Mirim,MA,MA/ATM_2108504_Pindare-Mirim_MA.pdf
2108603,Pinheiro,MA,MA/ATM_2108603_Pinheiro_MA.pdf
2108702,Pio XII,MA,MA/ATM_2108702_Pio_XII_MA.pdf
2108801,Pirapemas,MA,MA/ATM_2108801_Pirapemas_MA.pdf
2109007,Porto Franco,MA,MA/ATM_2109007_Porto_Franco_MA.pdf
2109056,Porto Rico do Maranhão,MA,MA/ATM_2109056_Porto_Rico_do_Maranhao_MA.pdf
2108900,Poção de Pedras,MA,MA/ATM_2108900_Pocao_de_Pedras_MA.pdf
2109106,Presidente Dutra,MA,MA/ATM_2109106_Presidente_Dutra_MA.pdf
2109205,Presidente Juscelino,MA,MA/ATM_2109205_Presidente_Juscelino_MA.pdf
2109239,Presidente Médici,MA,MA/ATM_2109239_Presidente_Medici_MA.pdf
2109270,Presidente Sarney,MA,MA/ATM_2109270_Presidente_Sarney_MA.pdf
2109304,Presidente Vargas,MA,MA/ATM_2109304_Presidente_Vargas_MA.pdf
2109403,Primeira Cruz,MA,MA/ATM_2109403_Primeira_Cruz_MA.pdf
2109452,Raposa,MA,MA/ATM_2109452_Raposa_MA.pdf
2109502,Riachão,MA,MA/ATM_2109502_Riachao_MA.pdf
2109551,Ribamar Fiquene,MA,MA/ATM_2109551_Ribamar_Fiquene_MA.pdf
2109601,Rosário,MA,MA/ATM_2109601_Rosario_MA.pdf
2109700,Sambaíba,MA,MA/ATM_2109700_Sambaiba_MA.pdf
2109759,Santa Filomena do Maranhão,MA,MA/ATM_2109759_Santa_Filomena_do_Maranhao_MA.pdf
2109809,Santa Helena,MA,MA/ATM_2109809_Santa_Helena_MA.pdf
2109908,Santa Inês,MA,MA/ATM_2109908_Santa_Ines_MA.pdf
2110005,Santa Luzia,MA,MA/ATM_2110005_Santa_Luzia_MA.pdf
2110039,Santa Luzia do Paruá,MA,MA/ATM_2110039_Santa_Luzia_do_Parua_MA.pdf
2110104,Santa Quitéria do Maranhão,MA,MA/ATM_2110104_Santa_Quiteria_do_Maranhao_MA.pdf
2110203,Santa Rita,MA,MA/ATM_2110203_Santa_Rita_MA.pdf
2110237,Santana do Maranhão,MA,MA/ATM_2110237_Santana_do_Maranhao_MA.pdf
2110278,Santo Amaro do Maranhão,MA,MA/ATM_2110278_Santo_Amaro_do_Maranhao_MA.pdf
2110302,Santo Antônio dos Lopes,MA,MA/ATM_2110302_Santo_Antonio_dos_Lopes_MA.pdf
2111722,Satubinha,MA,MA/ATM_2111722_Satubinha_MA.pdf
2111748,Senador Alexandre Costa,MA,MA/ATM_2111748_Senador_Alexandre_Costa_MA.pdf
2111763,Senador La Rocque,MA,MA/ATM_2111763_Senador_La_Rocque_MA.pdf
2111789,Serrano do Maranhão,MA,MA/ATM_2111789_Serrano_do_Maranhao_MA.pdf
2111904,Sucupira do Norte,MA,MA/ATM_2111904_Sucupira_do_Norte_MA.pdf
2111953,Sucupira do Riachão,MA,MA/ATM_2111953_Sucupira_do_Riachao_MA.pdf
2110401,São Benedito do Rio Preto,MA,MA/ATM_2110401_Sao_Benedito_do_Rio_Preto_MA.pdf
2110500,São Bento,MA,MA/ATM_2110500_Sao_Bento_MA.pdf
2110609,São Bernardo,MA,MA/ATM_2110609_Sao_Bernardo_MA.pdf
2110658,São Domingos do Azeitão,MA,MA/ATM_2110658_Sao_Domingos_do_Azeitao_MA.pdf
2110708,São Domingos do Maranhão,MA,MA/ATM_2110708_Sao_Domingos_do_Maranhao_MA.pdf
2110856,São Francisco do Brejão,MA,MA/ATM_2110856_Sao_Francisco_do_Brejao_MA.pdf
2110906,São Francisco do Maranhão,MA,MA/ATM_2110906_Sao_Francisco_do_Maranhao_MA.pdf
2110807,São Félix de Balsas,MA,MA/ATM_2110807_Sao_Felix_de_Balsas_MA.pdf
2111201,São José de Ribamar,MA,MA/ATM_2111201_Sao_Jose_de_Ribamar_MA.pdf
2111250,São José dos Basílios,MA,MA/ATM_2111250_Sao_Jose_dos_Basilios_MA.pdf
2111003,São João Batista,MA,MA/ATM_2111003_Sao_Joao_Batista_MA.pdf
2111029,São João do Carú,MA,MA/ATM_2111029_Sao_Joao_do_Caru_MA.pdf
2111052,São João do Paraíso,MA,MA/ATM_2111052_Sao_Joao_do_Paraiso_MA.pdf
2111078,São João do Soter,MA,MA/ATM_2111078_Sao_Joao_do_Soter_MA.pdf
2111102,São João dos Patos,MA,MA/ATM_2111102_Sao_Joao_dos_Patos_MA.pdf
2111300,São Luís,MA,MA/ATM_2111300_Sao_Luis_MA.pdf
2111409,São Luís Gonzaga do Maranhão,MA,MA/ATM_2111409_Sao_Luis_Gonzaga_do_Maranhao_MA.pdf
2111508,São Mateus do Maranhão,MA,MA/ATM_2111508_Sao_Mateus_do_Maranhao_MA.pdf
2111532,São Pedro da Água Branca,MA,MA/ATM_2111532_Sao_Pedro_da_Agua_Branca_MA.pdf
2111573,São Pedro dos Crentes,MA,MA/ATM_2111573_Sao_Pedro_dos_Crentes_MA.pdf
2111607,São Raimundo das Mangabeiras,MA,MA/ATM_2111607_Sao_Raimundo_das_Mangabeiras_MA.pdf
2111631,São Raimundo do Doca Bezerra,MA,MA/ATM_2111631_Sao_Raimundo_do_Doca_Bezerra_MA.pdf
2111672,São Roberto,MA,MA/ATM_2111672_Sao_Roberto_MA.pdf
2111706,São Vicente Ferrer,MA,MA/ATM_2111706_Sao_Vicente_Ferrer_MA.pdf
2111805,Sítio Novo,MA,MA/ATM_2111805_Sitio_Novo_MA.pdf
2112001,Tasso Fragoso,MA,MA/ATM_2112001_Tasso_Fragoso_MA.pdf
2112100,Timbiras,MA,MA/ATM_2112100_Timbiras_MA.pdf
2112209,Timon,MA,MA/ATM_2112209_Timon_MA.pdf
2112233,Trizidela do Vale,MA,MA/ATM_2112233_Trizidela_do_Vale_MA.pdf
2112274,Tufilândia,MA,MA/ATM_2112274_Tufilandia_MA.pdf
2112308,Tuntum,MA,MA/ATM_2112308_Tuntum_MA.pdf
2112407,Turiaçu,MA,MA/ATM_2112407_Turiacu_MA.pdf
2112456,Turilândia,MA,MA/ATM_2112456_Turilandia_MA.pdf
2112506,Tutóia,MA,MA/ATM_2112506_Tutoia_MA.pdf
2112605,Urbano Santos,MA,MA/ATM_2112605_Urbano_Santos_MA.pdf
2112704,Vargem Grande,MA,MA/ATM_2112704_Vargem_Grande_MA.pdf
2112803,Viana,MA,MA/ATM_2112803_Viana_MA.pdf
2112852,Vila Nova dos Martírios,MA,MA/ATM_2112852_Vila_Nova_dos_Martirios_MA.pdf
2113009,Vitorino Freire,MA,MA/ATM_2113009_Vitorino_Freire_MA.pdf
2112902,Vitória do Mearim,MA,MA/ATM_2112902_Vitoria_do_Mearim_MA.pdf
2114007,Zé Doca,MA,MA/ATM_2114007_Ze_Doca_MA.pdf
2100154,Água Doce do Maranhão,MA,MA/ATM_2100154_Agua_Doce_do_Maranhao_MA.pdf
2500205,Aguiar,PB,PB/ATM_2500205_Aguiar_PB.pdf
2500304,Alagoa Grande,PB,PB/ATM_2500304_Alagoa_Grande_PB.pdf
2500403,Alagoa Nova,PB,PB/ATM_2500403_Alagoa_Nova_PB.pdf
2500502,Alagoinha,PB,PB/ATM_2500502_Alagoinha_PB.pdf
2500536,Alcantil,PB,PB/ATM_2500536_Alcantil_PB.pdf
2500577,Algodão de Jandaíra,PB,PB/ATM_2500577_Algodao_de_Jandaira_PB.pdf
2500601,Alhandra,PB,PB/ATM_2500601_Alhandra_PB.pdf
2500734,Amparo,PB,PB/ATM_2500734_Amparo_PB.pdf
2500775,Aparecida,PB,PB/ATM_2500775_Aparecida_PB.pdf
2500908,Arara,PB,PB/ATM_2500908_Arara_PB.pdf
2501005,Araruna,PB,PB/ATM_2501005_Araruna_PB.pdf
2500809,Araçagi,PB,PB/ATM_2500809_Aracagi_PB.pdf
2501104,Areia,PB,PB/ATM_2501104_Areia_PB.pdf
2501153,Areia de Baraúnas,PB,PB/ATM_2501153_Areia_de_Baraunas_PB.pdf
2501203,Areial,PB,PB/ATM_2501203_Areial_PB.pdf
2501302,Aroeiras,PB,PB/ATM_2501302_Aroeiras_PB.pdf
2501351,Assunção,PB,PB/ATM_2501351_Assuncao_PB.pdf
2501500,Bananeiras,PB,PB/ATM_2501500_Bananeiras_PB.pdf
2501534,Baraúna,PB,PB/ATM_2501534_Barauna_PB.pdf
2501609,Barra de Santa Rosa,PB,PB/ATM_2501609_Barra_de_Santa_Rosa_PB.pdf
2501575,Barra de Santana,PB,PB/ATM_2501575_Barra_de_Santana_PB.pdf
2501708,Barra de São Miguel,PB,PB/ATM_2501708_Barra_de_Sao_Miguel_PB.pdf
2501807,Bayeux,PB,PB/ATM_2501807_Bayeux_PB.pdf
2501401,Baía da Traição,PB,PB/ATM_2501401_Baia_da_Traicao_PB.pdf
2501906,Belém,PB,PB/ATM_2501906_Belem_PB.pdf
2502003,Belém do Brejo do Cruz,PB,PB/ATM_2502003_Belem_do_Brejo_do_Cruz_PB.pdf
2502052,Bernardino Batista,PB,PB/ATM_2502052_Bernardino_Batista_PB.pdf
2502102,Boa Ventura,PB,PB/ATM_2502102_Boa_Ventura_PB.pdf
2502151,Boa Vista,PB,PB/ATM_2502151_Boa_Vista_PB.pdf
2502201,Bom Jesus,PB,PB/ATM_2502201_Bom_Jesus_PB.pdf
2502300,Bom Sucesso,PB,PB/ATM_2502300_Bom_Sucesso_PB.pdf
2502409,Bonito de Santa Fé,PB,PB/ATM_2502409_Bonito_de_Santa_Fe_PB.pdf
2502508,Boqueirão,PB,PB/ATM_2502508_Boqueirao_PB.pdf
2502706,Borborema,PB,PB/ATM_2502706_Borborema_PB.pdf
2502805,Brejo do Cruz,PB,PB/ATM_2502805_Brejo_do_Cruz_PB.pdf
2502904,Brejo dos Santos,PB,PB/ATM_2502904_Brejo_dos_Santos_PB.pdf
2503001,Caaporã,PB,PB/ATM_2503001_Caapora_PB.pdf
2503100,Cabaceiras,PB,PB/ATM_2503100_Cabaceiras_PB.pdf
2503209,Cabedelo,PB,PB/ATM_2503209_Cabedelo_PB.pdf
2503308,Cachoeira dos Índios,PB,PB/ATM_2503308_Cachoeira_dos_Indios_PB.pdf
2503407,Cacimba de Areia,PB,PB/ATM_2503407_Cacimba_de_Areia_PB.pdf
2503506,Cacimba de Dentro,PB,PB/ATM_2503506_Cacimba_de_Dentro_PB.pdf
2503555,Cacimbas,PB,PB/ATM_2503555_Cacimbas_PB.pdf
2503605,Caiçara,PB,PB/ATM_2503605_Caicara_PB.pdf
2503704,Cajazeiras,PB,PB/ATM_2503704_Cajazeiras_PB.pdf
2503753,Cajazeirinhas,PB,PB/ATM_2503753_Cajazeirinhas_PB.pdf
2503803,Caldas Brandão,PB,PB/ATM_2503803_Caldas_Brandao_PB.pdf
2503902,Camalaú,PB,PB/ATM_2503902_Camalau_PB.pdf
2504009,Campina Grande,PB,PB/ATM_2504009_Campina_Grande_PB.pdf
2504033,Capim,PB,PB/ATM_2504033_Capim_PB.pdf
2504074,Caraúbas,PB,PB/ATM_2504074_Caraubas_PB.pdf
2504108,Carrapateira,PB,PB/ATM_2504108_Carrapateira_PB.pdf
2504157,Casserengue,PB,PB/ATM_2504157_Casserengue_PB.pdf
2504207,Catingueira,PB,PB/ATM_2504207_Catingueira_PB.pdf
2504306,Catolé do Rocha,PB,PB/ATM_2504306_Catole_do_Rocha_PB.pdf
2504355,Caturité,PB,PB/ATM_2504355_Caturite_PB.pdf
2504405,Conceição,PB,PB/ATM_2504405_Conceicao_PB.pdf
2504504,Condado,PB,PB/ATM_2504504_Condado_PB.pdf
2504603,Conde,PB,PB/ATM_2504603_Conde_PB.pdf
2504702,Congo,PB,PB/ATM_2504702_Congo_PB.pdf
2504801,Coremas,PB,PB/ATM_2504801_Coremas_PB.pdf
2504850,Coxixola,PB,PB/ATM_2504850_Coxixola_PB.pdf
2504900,Cruz do Espírito Santo,PB,PB/ATM_2504900_Cruz_do_Espirito_Santo_PB.pdf
2505006,Cubati,PB,PB/ATM_2505006_Cubati_PB.pdf
2505204,Cuitegi,PB,PB/ATM_2505204_Cuitegi_PB.pdf
2505105,Cuité,PB,PB/ATM_2505105_Cuite_PB.pdf
2505238,Cuité de Mamanguape,PB,PB/ATM_2505238_Cuite_de_Mamanguape_PB.pdf
2505303,Curral Velho,PB,PB/ATM_2505303_Curral_Velho_PB.pdf
2505279,Curral de Cima,PB,PB/ATM_2505279_Curral_de_Cima_PB.pdf
2505352,Damião,PB,PB/ATM_2505352_Damiao_PB.pdf
2505402,Desterro,PB,PB/ATM_2505402_Desterro_PB.pdf
2505600,Diamante,PB,PB/ATM_2505600_Diamante_PB.pdf
2505709,Dona Inês,PB,PB/ATM_2505709_Dona_Ines_PB.pdf
2505808,Duas Estradas,PB,PB/ATM_2505808_Duas_Estradas_PB.pdf
2505907,Emas,PB,PB/ATM_2505907_Emas_PB.pdf
2506004,Esperança,PB,PB/ATM_2506004_Esperanca_PB.pdf
2506103,Fagundes,PB,PB/ATM_2506103_Fagundes_PB.pdf
2506202,Frei Martinho,PB,PB/ATM_2506202_Frei_Martinho_PB.pdf
2506251,Gado Bravo,PB,PB/ATM_2506251_Gado_Bravo_PB.pdf
2506301,Guarabira,PB,PB/ATM_2506301_Guarabira_PB.pdf
2506400,Gurinhém,PB,PB/ATM_2506400_Gurinhem_PB.pdf
2506509,Gurjão,PB,PB/ATM_2506509_Gurjao_PB.pdf
2506608,Ibiara,PB,PB/ATM_2506608_Ibiara_PB.pdf
2502607,Igaracy,PB,PB/ATM_2502607_Igaracy_PB.pdf
2506707,Imaculada,PB,PB/ATM_2506707_Imaculada_PB.pdf
2506806,Ingá,PB,PB/ATM_2506806_Inga_PB.pdf
2506905,Itabaiana,PB,PB/ATM_2506905_Itabaiana_PB.pdf
2507002,Itaporanga,PB,PB/ATM_2507002_Itaporanga_PB.pdf
2507101,Itapororoca,PB,PB/ATM_2507101_Itapororoca_PB.pdf
2507200,Itatuba,PB,PB/ATM_2507200_Itatuba_PB.pdf
2507309,Jacaraú,PB,PB/ATM_2507309_Jacarau_PB.pdf
2507408,Jericó,PB,PB/ATM_2507408_Jerico_PB.pdf
2513653,Joca Claudino,PB,PB/ATM_2513653_Joca_Claudino_PB.pdf
2507507,João Pessoa,PB,PB/ATM_2507507_Joao_Pessoa_PB.pdf
2507606,Juarez Távora,PB,PB/ATM_2507606_Juarez_Tavora_PB.pdf
2507705,Juazeirinho,PB,PB/ATM_2507705_Juazeirinho_PB.pdf
2507804,Junco do Seridó,PB,PB/ATM_2507804_Junco_do_Serido_PB.pdf
2507903,Juripiranga,PB,PB/ATM_2507903_Juripiranga_PB.pdf
2508000,Juru,PB,PB/ATM_2508000_Juru_PB.pdf
2508109,Lagoa,PB,PB/ATM_2508109_Lagoa_PB.pdf
2508307,Lagoa Seca,PB,PB/ATM_2508307_Lagoa_Seca_PB.pdf
2508208,Lagoa de Dentro,PB,PB/ATM_2508208_Lagoa_de_Dentro_PB.pdf
2508406,Lastro,PB,PB/ATM_2508406_Lastro_PB.pdf
2508505,Livramento,PB,PB/ATM_2508505_Livramento_PB.pdf
2508554,Logradouro,PB,PB/ATM_2508554_Logradouro_PB.pdf
2508604,Lucena,PB,PB/ATM_2508604_Lucena_PB.pdf
2508802,Malta,PB,PB/ATM_2508802_Malta_PB.pdf
2508901,Mamanguape,PB,PB/ATM_2508901_Mamanguape_PB.pdf
2509008,Manaíra,PB,PB/ATM_2509008_Manaira_PB.pdf
2509057,Marcação,PB,PB/ATM_2509057_Marcacao_PB.pdf
2509107,Mari,PB,PB/ATM_2509107_Mari_PB.pdf
2509156,Marizópolis,PB,PB/ATM_2509156_Marizopolis_PB.pdf
2509206,Massaranduba,PB,PB/ATM_2509206_Massaranduba_PB.pdf
2509305,Mataraca,PB,PB/ATM_2509305_Mataraca_PB.pdf
2509339,Matinhas,PB,PB/ATM_2509339_Matinhas_PB.pdf
2509370,Mato Grosso,PB,PB/ATM_2509370_Mato_Grosso_PB.pdf
2509396,Maturéia,PB,PB/ATM_2509396_Matureia_PB.pdf
2509404,Mogeiro,PB,PB/ATM_2509404_Mogeiro_PB.pdf
2509503,Montadas,PB,PB/ATM_2509503_Montadas_PB.pdf
2509602,Monte Horebe,PB,PB/ATM_2509602_Monte_Horebe_PB.pdf
2509701,Monteiro,PB,PB/ATM_2509701_Monteiro_PB.pdf
2509800,Mulungu,PB,PB/ATM_2509800_Mulungu_PB.pdf
2508703,Mãe d'Água,PB,PB/ATM_2508703_Mae_d_Agua_PB.pdf
2509909,Natuba,PB,PB/ATM_2509909_Natuba_PB.pdf
2510006,Nazarezinho,PB,PB/ATM_2510006_Nazarezinho_PB.pdf
2510105,Nova Floresta,PB,PB/ATM_2510105_Nova_Floresta_PB.pdf
2510204,Nova Olinda,PB,PB/ATM_2510204_Nova_Olinda_PB.pdf
2510303,Nova Palmeira,PB,PB/ATM_2510303_Nova_Palmeira_PB.pdf
2510402,Olho d'Água,PB,PB/ATM_2510402_Olho_d_Agua_PB.pdf
2510501,Olivedos,PB,PB/ATM_2510501_Olivedos_PB.pdf
2510600,Ouro Velho,PB,PB/ATM_2510600_Ouro_Velho_PB.pdf
2510659,Parari,PB,PB/ATM_2510659_Parari_PB.pdf
2510709,Passagem,PB,PB/ATM_2510709_Passagem_PB.pdf
2510808,Patos,PB,PB/ATM_2510808_Patos_PB.pdf
2510907,Paulista,PB,PB/ATM_2510907_Paulista_PB.pdf
2511004,Pedra Branca,PB,PB/ATM_2511004_Pedra_Branca_PB.pdf
2511103,Pedra Lavrada,PB,PB/ATM_2511103_Pedra_Lavrada_PB.pdf
2511202,Pedras de Fogo,PB,PB/ATM_2511202_Pedras_de_Fogo_PB.pdf
2512721,Pedro Régis,PB,PB/ATM_2512721_Pedro_Regis_PB.pdf
2511301,Piancó,PB,PB/ATM_2511301_Pianco_PB.pdf
2511400,Picuí,PB,PB/ATM_2511400_Picui_PB.pdf
2511509,Pilar,PB,PB/ATM_2511509_Pilar_PB.pdf
2511608,Pilões,PB,PB/ATM_2511608_Piloes_PB.pdf
2511707,Pilõezinhos,PB,PB/ATM_2511707_Piloezinhos_PB.pdf
2511806,Pirpirituba,PB,PB/ATM_2511806_Pirpirituba_PB.pdf
2511905,Pitimbu,PB,PB/ATM_2511905_Pitimbu_PB.pdf
2512002,Pocinhos,PB,PB/ATM_2512002_Pocinhos_PB.pdf
2512101,Pombal,PB,PB/ATM_2512101_Pombal_PB.pdf
2512036,Poço Dantas,PB,PB/ATM_2512036_Poco_Dantas_PB.pdf
2512077,Poço de José de Moura,PB,PB/ATM_2512077_Poco_de_Jose_de_Moura_PB.pdf
2512200,Prata,PB,PB/ATM_2512200_Prata_PB.pdf
2512309,Princesa Isabel,PB,PB/ATM_2512309_Princesa_Isabel_PB.pdf
2512408,Puxinanã,PB,PB/ATM_2512408_Puxinana_PB.pdf
2512507,Queimadas,PB,PB/ATM_2512507_Queimadas_PB.pdf
2512606,Quixabá,PB,PB/ATM_2512606_Quixaba_PB.pdf
2512705,Remígio,PB,PB/ATM_2512705_Remigio_PB.pdf
2512788,Riacho de Santo Antônio,PB,PB/ATM_2512788_Riacho_de_Santo_Antonio_PB.pdf
2512804,Riacho dos Cavalos,PB,PB/ATM_2512804_Riacho_dos_Cavalos_PB.pdf
2512747,Riachão,PB,PB/ATM_2512747_Riachao_PB.pdf
2512754,Riachão do Bacamarte,PB,PB/ATM_2512754_Riachao_do_Bacamarte_PB.pdf
2512762,Riachão do Poço,PB,PB/ATM_2512762_Riachao_do_Poco_PB.pdf
2512903,Rio Tinto,PB,PB/ATM_2512903_Rio_Tinto_PB.pdf
2513000,Salgadinho,PB,PB/ATM_2513000_Salgadinho_PB.pdf
2513109,Salgado de São Félix,PB,PB/ATM_2513109_Salgado_de_Sao_Felix_PB.pdf
2513158,Santa Cecília,PB,PB/ATM_2513158_Santa_Cecilia_PB.pdf
2513208,Santa Cruz,PB,PB/ATM_2513208_Santa_Cruz_PB.pdf
2513307,Santa Helena,PB,PB/ATM_2513307_Santa_Helena_PB.pdf
2513356,Santa Inês,PB,PB/ATM_2513356_Santa_Ines_PB.pdf
2513406,Santa Luzia,PB,PB/ATM_2513406_Santa_Luzia_PB.pdf
2513703,Santa Rita,PB,PB/ATM_2513703_Santa_Rita_PB.pdf
2513802,Santa Teresinha,PB,PB/ATM_2513802_Santa_Teresinha_PB.pdf
2513505,Santana de Mangueira,PB,PB/ATM_2513505_Santana_de_Mangueira_PB.pdf
2513604,Santana dos Garrotes,PB,PB/ATM_2513604_Santana_dos_Garrotes_PB.pdf
2513851,Santo André,PB,PB/ATM_2513851_Santo_Andre_PB.pdf
2515302,Sapé,PB,PB/ATM_2515302_Sape_PB.pdf
2515500,Serra Branca,PB,PB/ATM_2515500_Serra_Branca_PB.pdf
2515708,Serra Grande,PB,PB/ATM_2515708_Serra_Grande_PB.pdf
2515807,Serra Redonda,PB,PB/ATM_2515807_Serra_Redonda_PB.pdf
2515609,Serra da Raiz,PB,PB/ATM_2515609_Serra_da_Raiz_PB.pdf
2515906,Serraria,PB,PB/ATM_2515906_Serraria_PB.pdf
2515930,Sertãozinho,PB,PB/ATM_2515930_Sertaozinho_PB.pdf
2515971,Sobrado,PB,PB/ATM_2515971_Sobrado_PB.pdf
2516102,Soledade,PB,PB/ATM_2516102_Soledade_PB.pdf
2516003,Solânea,PB,PB/ATM_2516003_Solanea_PB.pdf
2516151,Sossêgo,PB,PB/ATM_2516151_Sossego_PB.pdf
2516201,Sousa,PB,PB/ATM_2516201_Sousa_PB.pdf
2516300,Sumé,PB,PB/ATM_2516300_Sume_PB.pdf
2513927,São Bentinho,PB,PB/ATM_2513927_Sao_Bentinho_PB.pdf
2513901,São Bento,PB,PB/ATM_2513901_Sao_Bento_PB.pdf
2513968,São Domingos,PB,PB/ATM_2513968_Sao_Domingos_PB.pdf
2513943,São Domingos do Cariri,PB,PB/ATM_2513943_Sao_Domingos_do_Cariri_PB.pdf
2513984,São Francisco,PB,PB/ATM_2513984_Sao_Francisco_PB.pdf
2514206,São José da Lagoa Tapada,PB,PB/ATM_2514206_Sao_Jose_da_Lagoa_Tapada_PB.pdf
2514305,São José de Caiana,PB,PB/ATM_2514305_Sao_Jose_de_Caiana_PB.pdf
2514404,São José de Espinharas,PB,PB/ATM_2514404_Sao_Jose_de_Espinharas_PB.pdf
2514503,São José de Piranhas,PB,PB/ATM_2514503_Sao_Jose_de_Piranhas_PB.pdf
2514552,São José de Princesa,PB,PB/ATM_2514552_Sao_Jose_de_Princesa_PB.pdf
2514602,São José do Bonfim,PB,PB/ATM_2514602_Sao_Jose_do_Bonfim_PB.pdf
2514651,São José do Brejo do Cruz,PB,PB/ATM_2514651_Sao_Jose_do_Brejo_do_Cruz_PB.pdf
2514701,São José do Sabugi,PB,PB/ATM_2514701_Sao_Jose_do_Sabugi_PB.pdf
2514800,São José dos Cordeiros,PB,PB/ATM_2514800_Sao_Jose_dos_Cordeiros_PB.pdf
2514453,São José dos Ramos,PB,PB/ATM_2514453_Sao_Jose_dos_Ramos_PB.pdf
2514008,São João do Cariri,PB,PB/ATM_2514008_Sao_Joao_do_Cariri_PB.pdf
2500700,São João do Rio do Peixe,PB,PB/ATM_2500700_Sao_Joao_do_Rio_do_Peixe_PB.pdf
2514107,São João do Tigre,PB,PB/ATM_2514107_Sao_Joao_do_Tigre_PB.pdf
2514909,São Mamede,PB,PB/ATM_2514909_Sao_Mamede_PB.pdf
2515005,São Miguel de Taipu,PB,PB/ATM_2515005_Sao_Miguel_de_Taipu_PB.pdf
2515104,São Sebastião de Lagoa de Roça,PB,PB/ATM_2515104_Sao_Sebastiao_de_Lagoa_de_Roca_PB.pdf
2515203,São Sebastião do Umbuzeiro,PB,PB/ATM_2515203_Sao_Sebastiao_do_Umbuzeiro_PB.pdf
2515401,São Vicente do Seridó,PB,PB/ATM_2515401_Sao_Vicente_do_Serido_PB.pdf
2516409,Tacima,PB,PB/ATM_2516409_Tacima_PB.pdf
2516508,Taperoá,PB,PB/ATM_2516508_Taperoa_PB.pdf
2516607,Tavares,PB,PB/ATM_2516607_Tavares_PB.pdf
2516706,Teixeira,PB,PB/ATM_2516706_Teixeira_PB.pdf
2516755,Tenório,PB,PB/ATM_2516755_Tenorio_PB.pdf
2516805,Triunfo,PB,PB/ATM_2516805_Triunfo_PB.pdf
2516904,Uiraúna,PB,PB/ATM_2516904_Uirauna_PB.pdf
2517001,Umbuzeiro,PB,PB/ATM_2517001_Umbuzeiro_PB.pdf
2517209,Vieirópolis,PB,PB/ATM_2517209_Vieiropolis_PB.pdf
2505501,Vista Serrana,PB,PB/ATM_2505501_Vista_Serrana_PB.pdf
2517100,Várzea,PB,PB/ATM_2517100_Varzea_PB.pdf
2517407,Zabelê,PB,PB/ATM_2517407_Zabele_PB.pdf
2500106,Água Branca,PB,PB/ATM_2500106_Agua_Branca_PB.pdf
2600054,Abreu e Lima,PE,PE/ATM_2600054_Abreu_e_Lima_PE.pdf
2600104,Afogados da Ingazeira,PE,PE/ATM_2600104_Afogados_da_Ingazeira_PE.pdf
2600203,Afrânio,PE,PE/ATM_2600203_Afranio_PE.pdf
2600302,Agrestina,PE,PE/ATM_2600302_Agrestina_PE.pdf
2600609,Alagoinha,PE,PE/ATM_2600609_Alagoinha_PE.pdf
2600708,Aliança,PE,PE/ATM_2600708_Alianca_PE.pdf
2600807,Altinho,PE,PE/ATM_2600807_Altinho_PE.pdf
2600906,Amaraji,PE,PE/ATM_2600906_Amaraji_PE.pdf
2601003,Angelim,PE,PE/ATM_2601003_Angelim_PE.pdf
2601102,Araripina,PE,PE/ATM_2601102_Araripina_PE.pdf
2601052,Araçoiaba,PE,PE/ATM_2601052_Aracoiaba_PE.pdf
2601201,Arcoverde,PE,PE/ATM_2601201_Arcoverde_PE.pdf
2601300,Barra de Guabiraba,PE,PE/ATM_2601300_Barra_de_Guabiraba_PE.pdf
2601409,Barreiros,PE,PE/ATM_2601409_Barreiros_PE.pdf
2601706,Belo Jardim,PE,PE/ATM_2601706_Belo_Jardim_PE.pdf
2601508,Belém de Maria,PE,PE/ATM_2601508_Belem_de_Maria_PE.pdf
2601607,Belém do São Francisco,PE,PE/ATM_2601607_Belem_do_Sao_Francisco_PE.pdf
2601805,Betânia,PE,PE/ATM_2601805_Betania_PE.pdf
2601904,Bezerros,PE,PE/ATM_2601904_Bezerros_PE.pdf
2602001,Bodocó,PE,PE/ATM_2602001_Bodoco_PE.pdf
2602100,Bom Conselho,PE,PE/ATM_2602100_Bom_Conselho_PE.pdf
2602209,Bom Jardim,PE,PE/ATM_2602209_Bom_Jardim_PE.pdf
2602308,Bonito,PE,PE/ATM_2602308_Bonito_PE.pdf
2602506,Brejinho,PE,PE/ATM_2602506_Brejinho_PE.pdf
2602605,Brejo da Madre de Deus,PE,PE/ATM_2602605_Brejo_da_Madre_de_Deus_PE.pdf
2602407,Brejão,PE,PE/ATM_2602407_Brejao_PE.pdf
2602704,Buenos Aires,PE,PE/ATM_2602704_Buenos_Aires_PE.pdf
2602803,Buíque,PE,PE/ATM_2602803_Buique_PE.pdf
2602902,Cabo de Santo Agostinho,PE,PE/ATM_2602902_Cabo_de_Santo_Agostinho_PE.pdf
2603009,Cabrobó,PE,PE/ATM_2603009_Cabrobo_PE.pdf
2603108,Cachoeirinha,PE,PE/ATM_2603108_Cachoeirinha_PE.pdf
2603207,Caetés,PE,PE/ATM_2603207_Caetes_PE.pdf
2603405,Calumbi,PE,PE/ATM_2603405_Calumbi_PE.pdf
2603306,Calçado,PE,PE/ATM_2603306_Calcado_PE.pdf
2603454,Camaragibe,PE,PE/ATM_2603454_Camaragibe_PE.pdf
2603504,Camocim de São Félix,PE,PE/ATM_2603504_Camocim_de_Sao_Felix_PE.pdf
2603603,Camutanga,PE,PE/ATM_2603603_Camutanga_PE.pdf
2603702,Canhotinho,PE,PE/ATM_2603702_Canhotinho_PE.pdf
2603801,Capoeiras,PE,PE/ATM_2603801_Capoeiras_PE.pdf
2603926,Carnaubeira da Penha,PE,PE/ATM_2603926_Carnaubeira_da_Penha_PE.pdf
2603900,Carnaíba,PE,PE/ATM_2603900_Carnaiba_PE.pdf
2604007,Carpina,PE,PE/ATM_2604007_Carpina_PE.pdf
2604106,Caruaru,PE,PE/ATM_2604106_Caruaru_PE.pdf
2604155,Casinhas,PE,PE/ATM_2604155_Casinhas_PE.pdf
2604205,Catende,PE,PE/ATM_2604205_Catende_PE.pdf
2604304,Cedro,PE,PE/ATM_2604304_Cedro_PE.pdf
2604502,Chã Grande,PE,PE/ATM_2604502_Cha_Grande_PE.pdf
2604403,Chã de Alegria,PE,PE/ATM_2604403_Cha_de_Alegria_PE.pdf
2604601,Condado,PE,PE/ATM_2604601_Condado_PE.pdf
2604700,Correntes,PE,PE/ATM_2604700_Correntes_PE.pdf
2604809,Cortês,PE,PE/ATM_2604809_Cortes_PE.pdf
2604908,Cumaru,PE,PE/ATM_2604908_Cumaru_PE.pdf
2605004,Cupira,PE,PE/ATM_2605004_Cupira_PE.pdf
2605103,Custódia,PE,PE/ATM_2605103_Custodia_PE.pdf
2605152,Dormentes,PE,PE/ATM_2605152_Dormentes_PE.pdf
2605202,Escada,PE,PE/ATM_2605202_Escada_PE.pdf
2605301,Exu,PE,PE/ATM_2605301_Exu_PE.pdf
2605400,Feira Nova,PE,PE/ATM_2605400_Feira_Nova_PE.pdf
2605459,Fernando de Noronha,PE,PE/ATM_2605459_Fernando_de_Noronha_PE.pdf
2605509,Ferreiros,PE,PE/ATM_2605509_Ferreiros_PE.pdf
2605608,Flores,PE,PE/ATM_2605608_Flores_PE.pdf
2605707,Floresta,PE,PE/ATM_2605707_Floresta_PE.pdf
2605806,Frei Miguelinho,PE,PE/ATM_2605806_Frei_Miguelinho_PE.pdf
2605905,Gameleira,PE,PE/ATM_2605905_Gameleira_PE.pdf
2606002,Garanhuns,PE,PE/ATM_2606002_Garanhuns_PE.pdf
2606101,Glória do Goitá,PE,PE/ATM_2606101_Gloria_do_Goita_PE.pdf
2606200,Goiana,PE,PE/ATM_2606200_Goiana_PE.pdf
2606309,Granito,PE,PE/ATM_2606309_Granito_PE.pdf
2606408,Gravatá,PE,PE/ATM_2606408_Gravata_PE.pdf
2606507,Iati,PE,PE/ATM_2606507_Iati_PE.pdf
2606606,Ibimirim,PE,PE/ATM_2606606_Ibimirim_PE.pdf
2606705,Ibirajuba,PE,PE/ATM_2606705_Ibirajuba_PE.pdf
2606804,Igarassu,PE,PE/ATM_2606804_Igarassu_PE.pdf
2606903,Iguaraci,PE,PE/ATM_2606903_Iguaraci_PE.pdf
2607604,Ilha de Itamaracá,PE,PE/ATM_2607604_Ilha_de_Itamaraca_PE.pdf
2607000,Inajá,PE,PE/ATM_2607000_Inaja_PE.pdf
2607109,Ingazeira,PE,PE/ATM_2607109_Ingazeira_PE.pdf
2607208,Ipojuca,PE,PE/ATM_2607208_Ipojuca_PE.pdf
2607307,Ipubi,PE,PE/ATM_2607307_Ipubi_PE.pdf
2607406,Itacuruba,PE,PE/ATM_2607406_Itacuruba_PE.pdf
2607653,Itambé,PE,PE/ATM_2607653_Itambe_PE.pdf
2607703,Itapetim,PE,PE/ATM_2607703_Itapetim_PE.pdf
2607752,Itapissuma,PE,PE/ATM_2607752_Itapissuma_PE.pdf
2607802,Itaquitinga,PE,PE/ATM_2607802_Itaquitinga_PE.pdf
2607505,Itaíba,PE,PE/ATM_2607505_Itaiba_PE.pdf
2607901,Jaboatão dos Guararapes,PE,PE/ATM_2607901_Jaboatao_dos_Guararapes_PE.pdf
2607950,Jaqueira,PE,PE/ATM_2607950_Jaqueira_PE.pdf
2608008,Jataúba,PE,PE/ATM_2608008_Jatauba_PE.pdf
2608057,Jatobá,PE,PE/ATM_2608057_Jatoba_PE.pdf
2608206,Joaquim Nabuco,PE,PE/ATM_2608206_Joaquim_Nabuco_PE.pdf
2608107,João Alfredo,PE,PE/ATM_2608107_Joao_Alfredo_PE.pdf
2608255,Jucati,PE,PE/ATM_2608255_Jucati_PE.pdf
2608305,Jupi,PE,PE/ATM_2608305_Jupi_PE.pdf
2608404,Jurema,PE,PE/ATM_2608404_Jurema_PE.pdf
2608750,Lagoa Grande,PE,PE/ATM_2608750_Lagoa_Grande_PE.pdf
2608503,Lagoa de Itaenga,PE,PE/ATM_2608503_Lagoa_de_Itaenga_PE.pdf
2608453,Lagoa do Carro,PE,PE/ATM_2608453_Lagoa_do_Carro_PE.pdf
2608602,Lagoa do Ouro,PE,PE/ATM_2608602_Lagoa_do_Ouro_PE.pdf
2608701,Lagoa dos Gatos,PE,PE/ATM_2608701_Lagoa_dos_Gatos_PE.pdf
2608800,Lajedo,PE,PE/ATM_2608800_Lajedo_PE.pdf
2608909,Limoeiro,PE,PE/ATM_2608909_Limoeiro_PE.pdf
2609006,Macaparana,PE,PE/ATM_2609006_Macaparana_PE.pdf
2609105,Machados,PE,PE/ATM_2609105_Machados_PE.pdf
2609154,Manari,PE,PE/ATM_2609154_Manari_PE.pdf
2609204,Maraial,PE,PE/ATM_2609204_Maraial_PE.pdf
2609303,Mirandiba,PE,PE/ATM_2609303_Mirandiba_PE.pdf
2614303,Moreilândia,PE,PE/ATM_2614303_Moreilandia_PE.pdf
2609402,Moreno,PE,PE/ATM_2609402_Moreno_PE.pdf
2609501,Nazaré da Mata,PE,PE/ATM_2609501_Nazare_da_Mata_PE.pdf
2609600,Olinda,PE,PE/ATM_2609600_Olinda_PE.pdf
2609709,Orobó,PE,PE/ATM_2609709_Orobo_PE.pdf
2609808,Orocó,PE,PE/ATM_2609808_Oroco_PE.pdf
2609907,Ouricuri,PE,PE/ATM_2609907_Ouricuri_PE.pdf
2610004,Palmares,PE,PE/ATM_2610004_Palmares_PE.pdf
2610103,Palmeirina,PE,PE/ATM_2610103_Palmeirina_PE.pdf
2610202,Panelas,PE,PE/ATM_2610202_Panelas_PE.pdf
2610301,Paranatama,PE,PE/ATM_2610301_Paranatama_PE.pdf
2610400,Parnamirim,PE,PE/ATM_2610400_Parnamirim_PE.pdf
2610509,Passira,PE,PE/ATM_2610509_Passira_PE.pdf
2610608,Paudalho,PE,PE/ATM_2610608_Paudalho_PE.pdf
2610707,Paulista,PE,PE/ATM_2610707_Paulista_PE.pdf
2610806,Pedra,PE,PE/ATM_2610806_Pedra_PE.pdf
2610905,Pesqueira,PE,PE/ATM_2610905_Pesqueira_PE.pdf
2611101,Petrolina,PE,PE/ATM_2611101_Petrolina_PE.pdf
2611002,Petrolândia,PE,PE/ATM_2611002_Petrolandia_PE.pdf
2611309,Pombos,PE,PE/ATM_2611309_Pombos_PE.pdf
2611200,Poção,PE,PE/ATM_2611200_Pocao_PE.pdf
2611408,Primavera,PE,PE/ATM_2611408_Primavera_PE.pdf
2611507,Quipapá,PE,PE/ATM_2611507_Quipapa_PE.pdf
2611533,Quixaba,PE,PE/ATM_2611533_Quixaba_PE.pdf
2611606,Recife,PE,PE/ATM_2611606_Recife_PE.pdf
2611705,Riacho das Almas,PE,PE/ATM_2611705_Riacho_das_Almas_PE.pdf
2611804,Ribeirão,PE,PE/ATM_2611804_Ribeirao_PE.pdf
2611903,Rio Formoso,PE,PE/ATM_2611903_Rio_Formoso_PE.pdf
2612000,Sairé,PE,PE/ATM_2612000_Saire_PE.pdf
2612109,Salgadinho,PE,PE/ATM_2612109_Salgadinho_PE.pdf
2612208,Salgueiro,PE,PE/ATM_2612208_Salgueiro_PE.pdf
2612307,Saloá,PE,PE/ATM_2612307_Saloa_PE.pdf
2612406,Sanharó,PE,PE/ATM_2612406_Sanharo_PE.pdf
2612455,Santa Cruz,PE,PE/ATM_2612455_Santa_Cruz_PE.pdf
2612471,Santa Cruz da Baixa Verde,PE,PE/ATM_2612471_Santa_Cruz_da_Baixa_Verde_PE.pdf
2612505,Santa Cruz do Capibaribe,PE,PE/ATM_2612505_Santa_Cruz_do_Capibaribe_PE.pdf
2612554,Santa Filomena,PE,PE/ATM_2612554_Santa_Filomena_PE.pdf
2612604,Santa Maria da Boa Vista,PE,PE/ATM_2612604_Santa_Maria_da_Boa_Vista_PE.pdf
2612703,Santa Maria do Cambucá,PE,PE/ATM_2612703_Santa_Maria_do_Cambuca_PE.pdf
2612802,Santa Terezinha,PE,PE/ATM_2612802_Santa_Terezinha_PE.pdf
2613909,Serra Talhada,PE,PE/ATM_2613909_Serra_Talhada_PE.pdf
2614006,Serrita,PE,PE/ATM_2614006_Serrita_PE.pdf
2614105,Sertânia,PE,PE/ATM_2614105_Sertania_PE.pdf
2614204,Sirinhaém,PE,PE/ATM_2614204_Sirinhaem_PE.pdf
2614402,Solidão,PE,PE/ATM_2614402_Solidao_PE.pdf
2614501,Surubim,PE,PE/ATM_2614501_Surubim_PE.pdf
2612901,São Benedito do Sul,PE,PE/ATM_2612901_Sao_Benedito_do_Sul_PE.pdf
2613008,São Bento do Una,PE,PE/ATM_2613008_Sao_Bento_do_Una_PE.pdf
2613107,São Caitano,PE,PE/ATM_2613107_Sao_Caitano_PE.pdf
2613305,São Joaquim do Monte,PE,PE/ATM_2613305_Sao_Joaquim_do_Monte_PE.pdf
2613404,São José da Coroa Grande,PE,PE/ATM_2613404_Sao_Jose_da_Coroa_Grande_PE.pdf
2613503,São José do Belmonte,PE,PE/ATM_2613503_Sao_Jose_do_Belmonte_PE.pdf
2613602,São José do Egito,PE,PE/ATM_2613602_Sao_Jose_do_Egito_PE.pdf
2613206,São João,PE,PE/ATM_2613206_Sao_Joao_PE.pdf
2613701,São Lourenço da Mata,PE,PE/ATM_2613701_Sao_Lourenco_da_Mata_PE.pdf
2613800,São Vicente Ferrer,PE,PE/ATM_2613800_Sao_Vicente_Ferrer_PE.pdf
2614600,Tabira,PE,PE/ATM_2614600_Tabira_PE.pdf
2614709,Tacaimbó,PE,PE/ATM_2614709_Tacaimbo_PE.pdf
2614808,Tacaratu,PE,PE/ATM_2614808_Tacaratu_PE.pdf
2614857,Tamandaré,PE,PE/ATM_2614857_Tamandare_PE.pdf
2615003,Taquaritinga do Norte,PE,PE/ATM_2615003_Taquaritinga_do_Norte_PE.pdf
2615102,Terezinha,PE,PE/ATM_2615102_Terezinha_PE.pdf
2615201,Terra Nova,PE,PE/ATM_2615201_Terra_Nova_PE.pdf
2615300,Timbaúba,PE,PE/ATM_2615300_Timbauba_PE.pdf
2615409,Toritama,PE,PE/ATM_2615409_Toritama_PE.pdf
2615508,Tracunhaém,PE,PE/ATM_2615508_Tracunhaem_PE.pdf
2615607,Trindade,PE,PE/ATM_2615607_Trindade_PE.pdf
2615706,Triunfo,PE,PE/ATM_2615706_Triunfo_PE.pdf
2615805,Tupanatinga,PE,PE/ATM_2615805_Tupanatinga_PE.pdf
2615904,Tuparetama,PE,PE/ATM_2615904_Tuparetama_PE.pdf
2616001,Venturosa,PE,PE/ATM_2616001_Venturosa_PE.pdf
2616100,Verdejante,PE,PE/ATM_2616100_Verdejante_PE.pdf
2616183,Vertente do Lério,PE,PE/ATM_2616183_Vertente_do_Lerio_PE.pdf
2616209,Vertentes,PE,PE/ATM_2616209_Vertentes_PE.pdf
2616308,Vicência,PE,PE/ATM_2616308_Vicencia_PE.pdf
2616407,Vitória de Santo Antão,PE,PE/ATM_2616407_Vitoria_de_Santo_Antao_PE.pdf
2616506,Xexéu,PE,PE/ATM_2616506_Xexeu_PE.pdf
2600401,Água Preta,PE,PE/ATM_2600401_Agua_Preta_PE.pdf
2600500,Águas Belas,PE,PE/ATM_2600500_Aguas_Belas_PE.pdf
2200053,Acauã,PI,PI/ATM_2200053_Acaua_PI.pdf
2200103,Agricolândia,PI,PI/ATM_2200103_Agricolandia_PI.pdf
2200251,Alagoinha do Piauí,PI,PI/ATM_2200251_Alagoinha_do_Piaui_PI.pdf
2200277,Alegrete do Piauí,PI,PI/ATM_2200277_Alegrete_do_Piaui_PI.pdf
2200301,Alto Longá,PI,PI/ATM_2200301_Alto_Longa_PI.pdf
2200400,Altos,PI,PI/ATM_2200400_Altos_PI.pdf
2200459,Alvorada do Gurguéia,PI,PI/ATM_2200459_Alvorada_do_Gurgueia_PI.pdf
2200509,Amarante,PI,PI/ATM_2200509_Amarante_PI.pdf
2200608,Angical do Piauí,PI,PI/ATM_2200608_Angical_do_Piaui_PI.pdf
2200806,Antônio Almeida,PI,PI/ATM_2200806_Antonio_Almeida_PI.pdf
2200707,Anísio de Abreu,PI,PI/ATM_2200707_Anisio_de_Abreu_PI.pdf
2200905,Aroazes,PI,PI/ATM_2200905_Aroazes_PI.pdf
2200954,Aroeiras do Itaim,PI,PI/ATM_2200954_Aroeiras_do_Itaim_PI.pdf
2201002,Arraial,PI,PI/ATM_2201002_Arraial_PI.pdf
2201051,Assunção do Piauí,PI,PI/ATM_2201051_Assuncao_do_Piaui_PI.pdf
2201101,Avelino Lopes,PI,PI/ATM_2201101_Avelino_Lopes_PI.pdf
2201150,Baixa Grande do Ribeiro,PI,PI/ATM_2201150_Baixa_Grande_do_Ribeiro_PI.pdf
2201176,Barra D'Alcântara,PI,PI/ATM_2201176_Barra_D_Alcantara_PI.pdf
2201200,Barras,PI,PI/ATM_2201200_Barras_PI.pdf
2201309,Barreiras do Piauí,PI,PI/ATM_2201309_Barreiras_do_Piaui_PI.pdf
2201408,Barro Duro,PI,PI/ATM_2201408_Barro_Duro_PI.pdf
2201507,Batalha,PI,PI/ATM_2201507_Batalha_PI.pdf
2201556,Bela Vista do Piauí,PI,PI/ATM_2201556_Bela_Vista_do_Piaui_PI.pdf
2201572,Belém do Piauí,PI,PI/ATM_2201572_Belem_do_Piaui_PI.pdf
2201606,Beneditinos,PI,PI/ATM_2201606_Beneditinos_PI.pdf
2201705,Bertolínia,PI,PI/ATM_2201705_Bertolinia_PI.pdf
2201739,Betânia do Piauí,PI,PI/ATM_2201739_Betania_do_Piaui_PI.pdf
2201770,Boa Hora,PI,PI/ATM_2201770_Boa_Hora_PI.pdf
2201804,Bocaina,PI,PI/ATM_2201804_Bocaina_PI.pdf
2201903,Bom Jesus,PI,PI/ATM_2201903_Bom_Jesus_PI.pdf
2201919,Bom Princípio do Piauí,PI,PI/ATM_2201919_Bom_Principio_do_Piaui_PI.pdf
2201929,Bonfim do Piauí,PI,PI/ATM_2201929_Bonfim_do_Piaui_PI.pdf
2201945,Boqueirão do Piauí,PI,PI/ATM_2201945_Boqueirao_do_Piaui_PI.pdf
2201960,Brasileira,PI,PI/ATM_2201960_Brasileira_PI.pdf
2201988,Brejo do Piauí,PI,PI/ATM_2201988_Brejo_do_Piaui_PI.pdf
2202000,Buriti dos Lopes,PI,PI/ATM_2202000_Buriti_dos_Lopes_PI.pdf
2202026,Buriti dos Montes,PI,PI/ATM_2202026_Buriti_dos_Montes_PI.pdf
2202059,Cabeceiras do Piauí,PI,PI/ATM_2202059_Cabeceiras_do_Piaui_PI.pdf
2202075,Cajazeiras do Piauí,PI,PI/ATM_2202075_Cajazeiras_do_Piaui_PI.pdf
2202083,Cajueiro da Praia,PI,PI/ATM_2202083_Cajueiro_da_Praia_PI.pdf
2202091,Caldeirão Grande do Piauí,PI,PI/ATM_2202091_Caldeirao_Grande_do_Piaui_PI.pdf
2202109,Campinas do Piauí,PI,PI/ATM_2202109_Campinas_do_Piaui_PI.pdf
2202117,Campo Alegre do Fidalgo,PI,PI/ATM_2202117_Campo_Alegre_do_Fidalgo_PI.pdf
2202133,Campo Grande do Piauí,PI,PI/ATM_2202133_Campo_Grande_do_Piaui_PI.pdf
2202174,Campo Largo do Piauí,PI,PI/ATM_2202174_Campo_Largo_do_Piaui_PI.pdf
2202208,Campo Maior,PI,PI/ATM_2202208_Campo_Maior_PI.pdf
2202251,Canavieira,PI,PI/ATM_2202251_Canavieira_PI.pdf
2202307,Canto do Buriti,PI,PI/ATM_2202307_Canto_do_Buriti_PI.pdf
2202455,Capitão Gervásio Oliveira,PI,PI/ATM_2202455_Capitao_Gervasio_Oliveira_PI.pdf
2202406,Capitão de Campos,PI,PI/ATM_2202406_Capitao_de_Campos_PI.pdf
2202505,Caracol,PI,PI/ATM_2202505_Caracol_PI.pdf
2202539,Caraúbas do Piauí,PI,PI/ATM_2202539_Caraubas_do_Piaui_PI.pdf
2202554,Caridade do Piauí,PI,PI/ATM_2202554_Caridade_do_Piaui_PI.pdf
2202604,Castelo do Piauí,PI,PI/ATM_2202604_Castelo_do_Piaui_PI.pdf
2202653,Caxingó,PI,PI/ATM_2202653_Caxingo_PI.pdf
2202703,Cocal,PI,PI/ATM_2202703_Cocal_PI.pdf
2202711,Cocal de Telha,PI,PI/ATM_2202711_Cocal_de_Telha_PI.pdf
2202729,Cocal dos Alves,PI,PI/ATM_2202729_Cocal_dos_Alves_PI.pdf
2202737,Coivaras,PI,PI/ATM_2202737_Coivaras_PI.pdf
2202752,Colônia do Gurguéia,PI,PI/ATM_2202752_Colonia_do_Gurgueia_PI.pdf
2202778,Colônia do Piauí,PI,PI/ATM_2202778_Colonia_do_Piaui_PI.pdf
2202802,Conceição do Canindé,PI,PI/ATM_2202802_Conceicao_do_Caninde_PI.pdf
2202851,Coronel José Dias,PI,PI/ATM_2202851_Coronel_Jose_Dias_PI.pdf
2202901,Corrente,PI,PI/ATM_2202901_Corrente_PI.pdf
2203008,Cristalândia do Piauí,PI,PI/ATM_2203008_Cristalandia_do_Piaui_PI.pdf
2203107,Cristino Castro,PI,PI/ATM_2203107_Cristino_Castro_PI.pdf
2203206,Curimatá,PI,PI/ATM_2203206_Curimata_PI.pdf
2203230,Currais,PI,PI/ATM_2203230_Currais_PI.pdf
2203271,Curral Novo do Piauí,PI,PI/ATM_2203271_Curral_Novo_do_Piaui_PI.pdf
2203255,Curralinhos,PI,PI/ATM_2203255_Curralinhos_PI.pdf
2203305,Demerval Lobão,PI,PI/ATM_2203305_Demerval_Lobao_PI.pdf
2203354,Dirceu Arcoverde,PI,PI/ATM_2203354_Dirceu_Arcoverde_PI.pdf
2203404,Dom Expedito Lopes,PI,PI/ATM_2203404_Dom_Expedito_Lopes_PI.pdf
2203453,Dom Inocêncio,PI,PI/ATM_2203453_Dom_Inocencio_PI.pdf
2203420,Domingos Mourão,PI,PI/ATM_2203420_Domingos_Mourao_PI.pdf
2203503,Elesbão Veloso,PI,PI/ATM_2203503_Elesbao_Veloso_PI.pdf
2203602,Eliseu Martins,PI,PI/ATM_2203602_Eliseu_Martins_PI.pdf
2203701,Esperantina,PI,PI/ATM_2203701_Esperantina_PI.pdf
2203750,Fartura do Piauí,PI,PI/ATM_2203750_Fartura_do_Piaui_PI.pdf
2203800,Flores do Piauí,PI,PI/ATM_2203800_Flores_do_Piaui_PI.pdf
2203859,Floresta do Piauí,PI,PI/ATM_2203859_Floresta_do_Piaui_PI.pdf
2203909,Floriano,PI,PI/ATM_2203909_Floriano_PI.pdf
2204006,Francinópolis,PI,PI/ATM_2204006_Francinopolis_PI.pdf
2204105,Francisco Ayres,PI,PI/ATM_2204105_Francisco_Ayres_PI.pdf
2204154,Francisco Macedo,PI,PI/ATM_2204154_Francisco_Macedo_PI.pdf
2204204,Francisco Santos,PI,PI/ATM_2204204_Francisco_Santos_PI.pdf
2204303,Fronteiras,PI,PI/ATM_2204303_Fronteiras_PI.pdf
2204352,Geminiano,PI,PI/ATM_2204352_Geminiano_PI.pdf
2204402,Gilbués,PI,PI/ATM_2204402_Gilbues_PI.pdf
2204501,Guadalupe,PI,PI/ATM_2204501_Guadalupe_PI.pdf
2204550,Guaribas,PI,PI/ATM_2204550_Guaribas_PI.pdf
2204600,Hugo Napoleão,PI,PI/ATM_2204600_Hugo_Napoleao_PI.pdf
2204659,Ilha Grande,PI,PI/ATM_2204659_Ilha_Grande_PI.pdf
2204709,Inhuma,PI,PI/ATM_2204709_Inhuma_PI.pdf
2204808,Ipiranga do Piauí,PI,PI/ATM_2204808_Ipiranga_do_Piaui_PI.pdf
2204907,Isaías Coelho,PI,PI/ATM_2204907_Isaias_Coelho_PI.pdf
2205003,Itainópolis,PI,PI/ATM_2205003_Itainopolis_PI.pdf
2205102,Itaueira,PI,PI/ATM_2205102_Itaueira_PI.pdf
2205151,Jacobina do Piauí,PI,PI/ATM_2205151_Jacobina_do_Piaui_PI.pdf
2205201,Jaicós,PI,PI/ATM_2205201_Jaicos_PI.pdf
2205250,Jardim do Mulato,PI,PI/ATM_2205250_Jardim_do_Mulato_PI.pdf
2205276,Jatobá do Piauí,PI,PI/ATM_2205276_Jatoba_do_Piaui_PI.pdf
2205300,Jerumenha,PI,PI/ATM_2205300_Jerumenha_PI.pdf
2205409,Joaquim Pires,PI,PI/ATM_2205409_Joaquim_Pires_PI.pdf
2205458,Joca Marques,PI,PI/ATM_2205458_Joca_Marques_PI.pdf
2205508,José de Freitas,PI,PI/ATM_2205508_Jose_de_Freitas_PI.pdf
2205359,João Costa,PI,PI/ATM_2205359_Joao_Costa_PI.pdf
2205516,Juazeiro do Piauí,PI,PI/ATM_2205516_Juazeiro_do_Piaui_PI.pdf
2205532,Jurema,PI,PI/ATM_2205532_Jurema_PI.pdf
2205524,Júlio Borges,PI,PI/ATM_2205524_Julio_Borges_PI.pdf
2205557,Lagoa Alegre,PI,PI/ATM_2205557_Lagoa_Alegre_PI.pdf
2205573,Lagoa de São Francisco,PI,PI/ATM_2205573_Lagoa_de_Sao_Francisco_PI.pdf
2205565,Lagoa do Barro do Piauí,PI,PI/ATM_2205565_Lagoa_do_Barro_do_Piaui_PI.pdf
2205581,Lagoa do Piauí,PI,PI/ATM_2205581_Lagoa_do_Piaui_PI.pdf
2205599,Lagoa do Sítio,PI,PI/ATM_2205599_Lagoa_do_Sitio_PI.pdf
2205540,Lagoinha do Piauí,PI,PI/ATM_2205540_Lagoinha_do_Piaui_PI.pdf
2205607,Landri Sales,PI,PI/ATM_2205607_Landri_Sales_PI.pdf
2205805,Luzilândia,PI,PI/ATM_2205805_Luzilandia_PI.pdf
2205706,Luís Correia,PI,PI/ATM_2205706_Luis_Correia_PI.pdf
2205854,Madeiro,PI,PI/ATM_2205854_Madeiro_PI.pdf
2205904,Manoel Emídio,PI,PI/ATM_2205904_Manoel_Emidio_PI.pdf
2205953,Marcolândia,PI,PI/ATM_2205953_Marcolandia_PI.pdf
2206001,Marcos Parente,PI,PI/ATM_2206001_Marcos_Parente_PI.pdf
2206050,Massapê do Piauí,PI,PI/ATM_2206050_Massape_do_Piaui_PI.pdf
2206100,Matias Olímpio,PI,PI/ATM_2206100_Matias_Olimpio_PI.pdf
2206209,Miguel Alves,PI,PI/ATM_2206209_Miguel_Alves_PI.pdf
2206308,Miguel Leão,PI,PI/ATM_2206308_Miguel_Leao_PI.pdf
2206357,Milton Brandão,PI,PI/ATM_2206357_Milton_Brandao_PI.pdf
2206407,Monsenhor Gil,PI,PI/ATM_2206407_Monsenhor_Gil_PI.pdf
2206506,Monsenhor Hipólito,PI,PI/ATM_2206506_Monsenhor_Hipolito_PI.pdf
2206605,Monte Alegre do Piauí,PI,PI/ATM_2206605_Monte_Alegre_do_Piaui_PI.pdf
2206654,Morro Cabeça no Tempo,PI,PI/ATM_2206654_Morro_Cabeca_no_Tempo_PI.pdf
2206670,Morro do Chapéu do Piauí,PI,PI/ATM_2206670_Morro_do_Chapeu_do_Piaui_PI.pdf
2206696,Murici dos Portelas,PI,PI/ATM_2206696_Murici_dos_Portelas_PI.pdf
2206704,Nazaré do Piauí,PI,PI/ATM_2206704_Nazare_do_Piaui_PI.pdf
2206720,Nazária,PI,PI/ATM_2206720_Nazaria_PI.pdf
2206753,Nossa Senhora de Nazaré,PI,PI/ATM_2206753_Nossa_Senhora_de_Nazare_PI.pdf
2206803,Nossa Senhora dos Remédios,PI,PI/ATM_2206803_Nossa_Senhora_dos_Remedios_PI.pdf
2207959,Nova Santa Rita,PI,PI/ATM_2207959_Nova_Santa_Rita_PI.pdf
2206902,Novo Oriente do Piauí,PI,PI/ATM_2206902_Novo_Oriente_do_Piaui_PI.pdf
2206951,Novo Santo Antônio,PI,PI/ATM_2206951_Novo_Santo_Antonio_PI.pdf
2207009,Oeiras,PI,PI/ATM_2207009_Oeiras_PI.pdf
2207108,Olho D'Água do Piauí,PI,PI/ATM_2207108_Olho_D_Agua_do_Piaui_PI.pdf
2207207,Padre Marcos,PI,PI/ATM_2207207_Padre_Marcos_PI.pdf
2207306,Paes Landim,PI,PI/ATM_2207306_Paes_Landim_PI.pdf
2207355,Pajeú do Piauí,PI,PI/ATM_2207355_Pajeu_do_Piaui_PI.pdf
2207405,Palmeira do Piauí,PI,PI/ATM_2207405_Palmeira_do_Piaui_PI.pdf
2207504,Palmeirais,PI,PI/ATM_2207504_Palmeirais_PI.pdf
2207553,Paquetá,PI,PI/ATM_2207553_Paqueta_PI.pdf
2207603,Parnaguá,PI,PI/ATM_2207603_Parnagua_PI.pdf
2207702,Parnaíba,PI,PI/ATM_2207702_Parnaiba_PI.pdf
2207751,Passagem Franca do Piauí,PI,PI/ATM_2207751_Passagem_Franca_do_Piaui_PI.pdf
2207777,Patos do Piauí,PI,PI/ATM_2207777_Patos_do_Piaui_PI.pdf
2207793,Pau D'Arco do Piauí,PI,PI/ATM_2207793_Pau_D_Arco_do_Piaui_PI.pdf
2207801,Paulistana,PI,PI/ATM_2207801_Paulistana_PI.pdf
2207850,Pavussu,PI,PI/ATM_2207850_Pavussu_PI.pdf
2207900,Pedro II,PI,PI/ATM_2207900_Pedro_II_PI.pdf
2207934,Pedro Laurentino,PI,PI/ATM_2207934_Pedro_Laurentino_PI.pdf
2208007,Picos,PI,PI/ATM_2208007_Picos_PI.pdf
2208106,Pimenteiras,PI,PI/ATM_2208106_Pimenteiras_PI.pdf
2208205,Pio IX,PI,PI/ATM_2208205_Pio_IX_PI.pdf
2208304,Piracuruca,PI,PI/ATM_2208304_Piracuruca_PI.pdf
2208403,Piripiri,PI,PI/ATM_2208403_Piripiri_PI.pdf
2208502,Porto,PI,PI/ATM_2208502_Porto_PI.pdf
2208551,Porto Alegre do Piauí,PI,PI/ATM_2208551_Porto_Alegre_do_Piaui_PI.pdf
2208601,Prata do Piauí,PI,PI/ATM_2208601_Prata_do_Piaui_PI.pdf
2208650,Queimada Nova,PI,PI/ATM_2208650_Queimada_Nova_PI.pdf
2208700,Redenção do Gurguéia,PI,PI/ATM_2208700_Redencao_do_Gurgueia_PI.pdf
2208809,Regeneração,PI,PI/ATM_2208809_Regeneracao_PI.pdf
2208858,Riacho Frio,PI,PI/ATM_2208858_Riacho_Frio_PI.pdf
2208874,Ribeira do Piauí,PI,PI/ATM_2208874_Ribeira_do_Piaui_PI.pdf
2208908,Ribeiro Gonçalves,PI,PI/ATM_2208908_Ribeiro_Goncalves_PI.pdf
2209005,Rio Grande do Piauí,PI,PI/ATM_2209005_Rio_Grande_do_Piaui_PI.pdf
2209104,Santa Cruz do Piauí,PI,PI/ATM_2209104_Santa_Cruz_do_Piaui_PI.pdf
2209153,Santa Cruz dos Milagres,PI,PI/ATM_2209153_Santa_Cruz_dos_Milagres_PI.pdf
2209203,Santa Filomena,PI,PI/ATM_2209203_Santa_Filomena_PI.pdf
2209302,Santa Luz,PI,PI/ATM_2209302_Santa_Luz_PI.pdf
2209377,Santa Rosa do Piauí,PI,PI/ATM_2209377_Santa_Rosa_do_Piaui_PI.pdf
2209351,Santana do Piauí,PI,PI/ATM_2209351_Santana_do_Piaui_PI.pdf
2209401,Santo Antônio de Lisboa,PI,PI/ATM_2209401_Santo_Antonio_de_Lisboa_PI.pdf
2209450,Santo Antônio dos Milagres,PI,PI/ATM_2209450_Santo_Antonio_dos_Milagres_PI.pdf
2209500,Santo Inácio do Piauí,PI,PI/ATM_2209500_Santo_Inacio_do_Piaui_PI.pdf
2210623,Sebastião Barros,PI,PI/ATM_2210623_Sebastiao_Barros_PI.pdf
2210631,Sebastião Leal,PI,PI/ATM_2210631_Sebastiao_Leal_PI.pdf
2210656,Sigefredo Pacheco,PI,PI/ATM_2210656_Sigefredo_Pacheco_PI.pdf
2210805,Simplício Mendes,PI,PI/ATM_2210805_Simplicio_Mendes_PI.pdf
2210706,Simões,PI,PI/ATM_2210706_Simoes_PI.pdf
2210904,Socorro do Piauí,PI,PI/ATM_2210904_Socorro_do_Piaui_PI.pdf
2210938,Sussuapara,PI,PI/ATM_2210938_Sussuapara_PI.pdf
2209559,São Braz do Piauí,PI,PI/ATM_2209559_Sao_Braz_do_Piaui_PI.pdf
2209658,São Francisco de Assis do Piauí,PI,PI/ATM_2209658_Sao_Francisco_de_Assis_do_Piaui_PI.pdf
2209708,São Francisco do Piauí,PI,PI/ATM_2209708_Sao_Francisco_do_Piaui_PI.pdf
2209609,São Félix do Piauí,PI,PI/ATM_2209609_Sao_Felix_do_Piaui_PI.pdf
2209757,São Gonçalo do Gurguéia,PI,PI/ATM_2209757_Sao_Goncalo_do_Gurgueia_PI.pdf
2209807,São Gonçalo do Piauí,PI,PI/ATM_2209807_Sao_Goncalo_do_Piaui_PI.pdf
2210052,São José do Divino,PI,PI/ATM_2210052_Sao_Jose_do_Divino_PI.pdf
2210102,São José do Peixe,PI,PI/ATM_2210102_Sao_Jose_do_Peixe_PI.pdf
2210201,São José do Piauí,PI,PI/ATM_2210201_Sao_Jose_do_Piaui_PI.pdf
2209856,São João da Canabrava,PI,PI/ATM_2209856_Sao_Joao_da_Canabrava_PI.pdf
2209872,São João da Fronteira,PI,PI/ATM_2209872_Sao_Joao_da_Fronteira_PI.pdf
2209906,São João da Serra,PI,PI/ATM_2209906_Sao_Joao_da_Serra_PI.pdf
2209955,São João da Varjota,PI,PI/ATM_2209955_Sao_Joao_da_Varjota_PI.pdf
2209971,São João do Arraial,PI,PI/ATM_2209971_Sao_Joao_do_Arraial_PI.pdf
2210003,São João do Piauí,PI,PI/ATM_2210003_Sao_Joao_do_Piaui_PI.pdf
2210300,São Julião,PI,PI/ATM_2210300_Sao_Juliao_PI.pdf
2210359,São Lourenço do Piauí,PI,PI/ATM_2210359_Sao_Lourenco_do_Piaui_PI.pdf
2210375,São Luis do Piauí,PI,PI/ATM_2210375_Sao_Luis_do_Piaui_PI.pdf
2210383,São Miguel da Baixa Grande,PI,PI/ATM_2210383_Sao_Miguel_da_Baixa_Grande_PI.pdf
2210391,São Miguel do Fidalgo,PI,PI/ATM_2210391_Sao_Miguel_do_Fidalgo_PI.pdf
2210409,São Miguel do Tapuio,PI,PI/ATM_2210409_Sao_Miguel_do_Tapuio_PI.pdf
2210508,São Pedro do Piauí,PI,PI/ATM_2210508_Sao_Pedro_do_Piaui_PI.pdf
2210607,São Raimundo Nonato,PI,PI/ATM_2210607_Sao_Raimundo_Nonato_PI.pdf
2210953,Tamboril do Piauí,PI,PI/ATM_2210953_Tamboril_do_Piaui_PI.pdf
2210979,Tanque do Piauí,PI,PI/ATM_2210979_Tanque_do_Piaui_PI.pdf
2211001,Teresina,PI,PI/ATM_2211001_Teresina_PI.pdf
2211100,União,PI,PI/ATM_2211100_Uniao_PI.pdf
2211209,Uruçuí,PI,PI/ATM_2211209_Urucui_PI.pdf
2211308,Valença do Piauí,PI,PI/ATM_2211308_Valenca_do_Piaui_PI.pdf
2211506,Vera Mendes,PI,PI/ATM_2211506_Vera_Mendes_PI.pdf
2211605,Vila Nova do Piauí,PI,PI/ATM_2211605_Vila_Nova_do_Piaui_PI.pdf
2211357,Várzea Branca,PI,PI/ATM_2211357_Varzea_Branca_PI.pdf
2211407,Várzea Grande,PI,PI/ATM_2211407_Varzea_Grande_PI.pdf
2211704,Wall Ferraz,PI,PI/ATM_2211704_Wall_Ferraz_PI.pdf
2200202,Água Branca,PI,PI/ATM_2200202_Agua_Branca_PI.pdf
2400109,Acari,RN,RN/ATM_2400109_Acari_RN.pdf
2400307,Afonso Bezerra,RN,RN/ATM_2400307_Afonso_Bezerra_RN.pdf
2400505,Alexandria,RN,RN/ATM_2400505_Alexandria_RN.pdf
2400604,Almino Afonso,RN,RN/ATM_2400604_Almino_Afonso_RN.pdf
2400703,Alto do Rodrigues,RN,RN/ATM_2400703_Alto_do_Rodrigues_RN.pdf
2400802,Angicos,RN,RN/ATM_2400802_Angicos_RN.pdf
2400901,Antônio Martins,RN,RN/ATM_2400901_Antonio_Martins_RN.pdf
2401008,Apodi,RN,RN/ATM_2401008_Apodi_RN.pdf
2401107,Areia Branca,RN,RN/ATM_2401107_Areia_Branca_RN.pdf
2401206,Arês,RN,RN/ATM_2401206_Ares_RN.pdf
2400208,Açu,RN,RN/ATM_2400208_Acu_RN.pdf
2401453,Baraúna,RN,RN/ATM_2401453_Barauna_RN.pdf
2401503,Barcelona,RN,RN/ATM_2401503_Barcelona_RN.pdf
2401404,Baía Formosa,RN,RN/ATM_2401404_Baia_Formosa_RN.pdf
2401602,Bento Fernandes,RN,RN/ATM_2401602_Bento_Fernandes_RN.pdf
2405306,Boa Saúde,RN,RN/ATM_2405306_Boa_Saude_RN.pdf
2401651,Bodó,RN,RN/ATM_2401651_Bodo_RN.pdf
2401701,Bom Jesus,RN,RN/ATM_2401701_Bom_Jesus_RN.pdf
2401800,Brejinho,RN,RN/ATM_2401800_Brejinho_RN.pdf
2402006,Caicó,RN,RN/ATM_2402006_Caico_RN.pdf
2401859,Caiçara do Norte,RN,RN/ATM_2401859_Caicara_do_Norte_RN.pdf
2401909,Caiçara do Rio do Vento,RN,RN/ATM_2401909_Caicara_do_Rio_do_Vento_RN.pdf
2401305,Campo Grande,RN,RN/ATM_2401305_Campo_Grande_RN.pdf
2402105,Campo Redondo,RN,RN/ATM_2402105_Campo_Redondo_RN.pdf
2402204,Canguaretama,RN,RN/ATM_2402204_Canguaretama_RN.pdf
2402303,Caraúbas,RN,RN/ATM_2402303_Caraubas_RN.pdf
2402501,Carnaubais,RN,RN/ATM_2402501_Carnaubais_RN.pdf
2402402,Carnaúba dos Dantas,RN,RN/ATM_2402402_Carnauba_dos_Dantas_RN.pdf
2402600,Ceará-Mirim,RN,RN/ATM_2402600_Ceara-Mirim_RN.pdf
2402709,Cerro Corá,RN,RN/ATM_2402709_Cerro_Cora_RN.pdf
2402808,Coronel Ezequiel,RN,RN/ATM_2402808_Coronel_Ezequiel_RN.pdf
2402907,Coronel João Pessoa,RN,RN/ATM_2402907_Coronel_Joao_Pessoa_RN.pdf
2403004,Cruzeta,RN,RN/ATM_2403004_Cruzeta_RN.pdf
2403103,Currais Novos,RN,RN/ATM_2403103_Currais_Novos_RN.pdf
2403202,Doutor Severiano,RN,RN/ATM_2403202_Doutor_Severiano_RN.pdf
2403301,Encanto,RN,RN/ATM_2403301_Encanto_RN.pdf
2403400,Equador,RN,RN/ATM_2403400_Equador_RN.pdf
2403509,Espírito Santo,RN,RN/ATM_2403509_Espirito_Santo_RN.pdf
2403608,Extremoz,RN,RN/ATM_2403608_Extremoz_RN.pdf
2403707,Felipe Guerra,RN,RN/ATM_2403707_Felipe_Guerra_RN.pdf
2403756,Fernando Pedroza,RN,RN/ATM_2403756_Fernando_Pedroza_RN.pdf
2403806,Florânia,RN,RN/ATM_2403806_Florania_RN.pdf
2403905,Francisco Dantas,RN,RN/ATM_2403905_Francisco_Dantas_RN.pdf
2404002,Frutuoso Gomes,RN,RN/ATM_2404002_Frutuoso_Gomes_RN.pdf
2404101,Galinhos,RN,RN/ATM_2404101_Galinhos_RN.pdf
2404200,Goianinha,RN,RN/ATM_2404200_Goianinha_RN.pdf
2404309,Governador Dix-Sept Rosado,RN,RN/ATM_2404309_Governador_Dix-Sept_Rosado_RN.pdf
2404408,Grossos,RN,RN/ATM_2404408_Grossos_RN.pdf
2404507,Guamaré,RN,RN/ATM_2404507_Guamare_RN.pdf
2404606,Ielmo Marinho,RN,RN/ATM_2404606_Ielmo_Marinho_RN.pdf
2404705,Ipanguaçu,RN,RN/ATM_2404705_Ipanguacu_RN.pdf
2404804,Ipueira,RN,RN/ATM_2404804_Ipueira_RN.pdf
2404853,Itajá,RN,RN/ATM_2404853_Itaja_RN.pdf
2404903,Itaú,RN,RN/ATM_2404903_Itau_RN.pdf
2405108,Jandaíra,RN,RN/ATM_2405108_Jandaira_RN.pdf
2405207,Janduís,RN,RN/ATM_2405207_Janduis_RN.pdf
2405405,Japi,RN,RN/ATM_2405405_Japi_RN.pdf
2405504,Jardim de Angicos,RN,RN/ATM_2405504_Jardim_de_Angicos_RN.pdf
2405603,Jardim de Piranhas,RN,RN/ATM_2405603_Jardim_de_Piranhas_RN.pdf
2405702,Jardim do Seridó,RN,RN/ATM_2405702_Jardim_do_Serido_RN.pdf
2405009,Jaçanã,RN,RN/ATM_2405009_Jacana_RN.pdf
2406007,José da Penha,RN,RN/ATM_2406007_Jose_da_Penha_RN.pdf
2405801,João Câmara,RN,RN/ATM_2405801_Joao_Camara_RN.pdf
2405900,João Dias,RN,RN/ATM_2405900_Joao_Dias_RN.pdf
2406106,Jucurutu,RN,RN/ATM_2406106_Jucurutu_RN.pdf
2406155,Jundiá,RN,RN/ATM_2406155_Jundia_RN.pdf
2406502,Lagoa Nova,RN,RN/ATM_2406502_Lagoa_Nova_RN.pdf
2406601,Lagoa Salgada,RN,RN/ATM_2406601_Lagoa_Salgada_RN.pdf
2406205,Lagoa d'Anta,RN,RN/ATM_2406205_Lagoa_d_Anta_RN.pdf
2406304,Lagoa de Pedras,RN,RN/ATM_2406304_Lagoa_de_Pedras_RN.pdf
2406403,Lagoa de Velhos,RN,RN/ATM_2406403_Lagoa_de_Velhos_RN.pdf
2406700,Lajes,RN,RN/ATM_2406700_Lajes_RN.pdf
2406809,Lajes Pintadas,RN,RN/ATM_2406809_Lajes_Pintadas_RN.pdf
2406908,Lucrécia,RN,RN/ATM_2406908_Lucrecia_RN.pdf
2407005,Luís Gomes,RN,RN/ATM_2407005_Luis_Gomes_RN.pdf
2407203,Macau,RN,RN/ATM_2407203_Macau_RN.pdf
2407104,Macaíba,RN,RN/ATM_2407104_Macaiba_RN.pdf
2407252,Major Sales,RN,RN/ATM_2407252_Major_Sales_RN.pdf
2407302,Marcelino Vieira,RN,RN/ATM_2407302_Marcelino_Vieira_RN.pdf
2407401,Martins,RN,RN/ATM_2407401_Martins_RN.pdf
2407500,Maxaranguape,RN,RN/ATM_2407500_Maxaranguape_RN.pdf
2407609,Messias Targino,RN,RN/ATM_2407609_Messias_Targino_RN.pdf
2407708,Montanhas,RN,RN/ATM_2407708_Montanhas_RN.pdf
2407807,Monte Alegre,RN,RN/ATM_2407807_Monte_Alegre_RN.pdf
2407906,Monte das Gameleiras,RN,RN/ATM_2407906_Monte_das_Gameleiras_RN.pdf
2408003,Mossoró,RN,RN/ATM_2408003_Mossoro_RN.pdf
2408102,Natal,RN,RN/ATM_2408102_Natal_RN.pdf
2408300,Nova Cruz,RN,RN/ATM_2408300_Nova_Cruz_RN.pdf
2408201,Nísia Floresta,RN,RN/ATM_2408201_Nisia_Floresta_RN.pdf
2408409,Olho-d'Água do Borges,RN,RN/ATM_2408409_Olho-d_Agua_do_Borges_RN.pdf
2408508,Ouro Branco,RN,RN/ATM_2408508_Ouro_Branco_RN.pdf
2408607,Paraná,RN,RN/ATM_2408607_Parana_RN.pdf
2408805,Parazinho,RN,RN/ATM_2408805_Parazinho_RN.pdf
2408706,Paraú,RN,RN/ATM_2408706_Parau_RN.pdf
2408904,Parelhas,RN,RN/ATM_2408904_Parelhas_RN.pdf
2403251,Parnamirim,RN,RN/ATM_2403251_Parnamirim_RN.pdf
2409100,Passa e Fica,RN,RN/ATM_2409100_Passa_e_Fica_RN.pdf
2409209,Passagem,RN,RN/ATM_2409209_Passagem_RN.pdf
2409308,Patu,RN,RN/ATM_2409308_Patu_RN.pdf
2409407,Pau dos Ferros,RN,RN/ATM_2409407_Pau_dos_Ferros_RN.pdf
2409506,Pedra Grande,RN,RN/ATM_2409506_Pedra_Grande_RN.pdf
2409605,Pedra Preta,RN,RN/ATM_2409605_Pedra_Preta_RN.pdf
2409704,Pedro Avelino,RN,RN/ATM_2409704_Pedro_Avelino_RN.pdf
2409803,Pedro Velho,RN,RN/ATM_2409803_Pedro_Velho_RN.pdf
2409902,Pendências,RN,RN/ATM_2409902_Pendencias_RN.pdf
2410009,Pilões,RN,RN/ATM_2410009_Piloes_RN.pdf
2410207,Portalegre,RN,RN/ATM_2410207_Portalegre_RN.pdf
2410256,Porto do Mangue,RN,RN/ATM_2410256_Porto_do_Mangue_RN.pdf
2410108,Poço Branco,RN,RN/ATM_2410108_Poco_Branco_RN.pdf
2410405,Pureza,RN,RN/ATM_2410405_Pureza_RN.pdf
2410504,Rafael Fernandes,RN,RN/ATM_2410504_Rafael_Fernandes_RN.pdf
2410603,Rafael Godeiro,RN,RN/ATM_2410603_Rafael_Godeiro_RN.pdf
2410702,Riacho da Cruz,RN,RN/ATM_2410702_Riacho_da_Cruz_RN.pdf
2410801,Riacho de Santana,RN,RN/ATM_2410801_Riacho_de_Santana_RN.pdf
2410900,Riachuelo,RN,RN/ATM_2410900_Riachuelo_RN.pdf
2408953,Rio do Fogo,RN,RN/ATM_2408953_Rio_do_Fogo_RN.pdf
2411007,Rodolfo Fernandes,RN,RN/ATM_2411007_Rodolfo_Fernandes_RN.pdf
2411106,Ruy Barbosa,RN,RN/ATM_2411106_Ruy_Barbosa_RN.pdf
2411205,Santa Cruz,RN,RN/ATM_2411205_Santa_Cruz_RN.pdf
2409332,Santa Maria,RN,RN/ATM_2409332_Santa_Maria_RN.pdf
2411403,Santana do Matos,RN,RN/ATM_2411403_Santana_do_Matos_RN.pdf
2411429,Santana do Seridó,RN,RN/ATM_2411429_Santana_do_Serido_RN.pdf
2411502,Santo Antônio,RN,RN/ATM_2411502_Santo_Antonio_RN.pdf
2413102,Senador Elói de Souza,RN,RN/ATM_2413102_Senador_Eloi_de_Souza_RN.pdf
2413201,Senador Georgino Avelino,RN,RN/ATM_2413201_Senador_Georgino_Avelino_RN.pdf
2410306,Serra Caiada,RN,RN/ATM_2410306_Serra_Caiada_RN.pdf
2413409,Serra Negra do Norte,RN,RN/ATM_2413409_Serra_Negra_do_Norte_RN.pdf
2413300,Serra de São Bento,RN,RN/ATM_2413300_Serra_de_Sao_Bento_RN.pdf
2413359,Serra do Mel,RN,RN/ATM_2413359_Serra_do_Mel_RN.pdf
2413508,Serrinha,RN,RN/ATM_2413508_Serrinha_RN.pdf
2413557,Serrinha dos Pintos,RN,RN/ATM_2413557_Serrinha_dos_Pintos_RN.pdf
2413607,Severiano Melo,RN,RN/ATM_2413607_Severiano_Melo_RN.pdf
2411601,São Bento do Norte,RN,RN/ATM_2411601_Sao_Bento_do_Norte_RN.pdf
2411700,São Bento do Trairí,RN,RN/ATM_2411700_Sao_Bento_do_Trairi_RN.pdf
2411809,São Fernando,RN,RN/ATM_2411809_Sao_Fernando_RN.pdf
2411908,São Francisco do Oeste,RN,RN/ATM_2411908_Sao_Francisco_do_Oeste_RN.pdf
2412005,São Gonçalo do Amarante,RN,RN/ATM_2412005_Sao_Goncalo_do_Amarante_RN.pdf
2412203,São José de Mipibu,RN,RN/ATM_2412203_Sao_Jose_de_Mipibu_RN.pdf
2412302,São José do Campestre,RN,RN/ATM_2412302_Sao_Jose_do_Campestre_RN.pdf
2412401,São José do Seridó,RN,RN/ATM_2412401_Sao_Jose_do_Serido_RN.pdf
2412104,São João do Sabugi,RN,RN/ATM_2412104_Sao_Joao_do_Sabugi_RN.pdf
2412500,São Miguel,RN,RN/ATM_2412500_Sao_Miguel_RN.pdf
2412559,São Miguel do Gostoso,RN,RN/ATM_2412559_Sao_Miguel_do_Gostoso_RN.pdf
2412609,São Paulo do Potengi,RN,RN/ATM_2412609_Sao_Paulo_do_Potengi_RN.pdf
2412708,São Pedro,RN,RN/ATM_2412708_Sao_Pedro_RN.pdf
2412807,São Rafael,RN,RN/ATM_2412807_Sao_Rafael_RN.pdf
2412906,São Tomé,RN,RN/ATM_2412906_Sao_Tome_RN.pdf
2413003,São Vicente,RN,RN/ATM_2413003_Sao_Vicente_RN.pdf
2413706,Sítio Novo,RN,RN/ATM_2413706_Sitio_Novo_RN.pdf
2413805,Taboleiro Grande,RN,RN/ATM_2413805_Taboleiro_Grande_RN.pdf
2413904,Taipu,RN,RN/ATM_2413904_Taipu_RN.pdf
2414001,Tangará,RN,RN/ATM_2414001_Tangara_RN.pdf
2414100,Tenente Ananias,RN,RN/ATM_2414100_Tenente_Ananias_RN.pdf
2414159,Tenente Laurentino Cruz,RN,RN/ATM_2414159_Tenente_Laurentino_Cruz_RN.pdf
2411056,Tibau,RN,RN/ATM_2411056_Tibau_RN.pdf
2414209,Tibau do Sul,RN,RN/ATM_2414209_Tibau_do_Sul_RN.pdf
2414308,Timbaúba dos Batistas,RN,RN/ATM_2414308_Timbauba_dos_Batistas_RN.pdf
2414407,Touros,RN,RN/ATM_2414407_Touros_RN.pdf
2414456,Triunfo Potiguar,RN,RN/ATM_2414456_Triunfo_Potiguar_RN.pdf
2414506,Umarizal,RN,RN/ATM_2414506_Umarizal_RN.pdf
2414605,Upanema,RN,RN/ATM_2414605_Upanema_RN.pdf
2414753,Venha-Ver,RN,RN/ATM_2414753_Venha-Ver_RN.pdf
2414803,Vera Cruz,RN,RN/ATM_2414803_Vera_Cruz_RN.pdf
2415008,Vila Flor,RN,RN/ATM_2415008_Vila_Flor_RN.pdf
2414902,Viçosa,RN,RN/ATM_2414902_Vicosa_RN.pdf
2414704,Várzea,RN,RN/ATM_2414704_Varzea_RN.pdf
2400406,Água Nova,RN,RN/ATM_2400406_Agua_Nova_RN.pdf
2800100,Amparo de São Francisco,SE,SE/ATM_2800100_Amparo_de_Sao_Francisco_SE.pdf
2800209,Aquidabã,SE,SE/ATM_2800209_Aquidaba_SE.pdf
2800308,Aracaju,SE,SE/ATM_2800308_Aracaju_SE.pdf
2800407,Arauá,SE,SE/ATM_2800407_Araua_SE.pdf
2800506,Areia Branca,SE,SE/ATM_2800506_Areia_Branca_SE.pdf
2800605,Barra dos Coqueiros,SE,SE/ATM_2800605_Barra_dos_Coqueiros_SE.pdf
2800670,Boquim,SE,SE/ATM_2800670_Boquim_SE.pdf
2800704,Brejo Grande,SE,SE/ATM_2800704_Brejo_Grande_SE.pdf
2801009,Campo do Brito,SE,SE/ATM_2801009_Campo_do_Brito_SE.pdf
2801108,Canhoba,SE,SE/ATM_2801108_Canhoba_SE.pdf
2801207,Canindé de São Francisco,SE,SE/ATM_2801207_Caninde_de_Sao_Francisco_SE.pdf
2801306,Capela,SE,SE/ATM_2801306_Capela_SE.pdf
2801405,Carira,SE,SE/ATM_2801405_Carira_SE.pdf
2801504,Carmópolis,SE,SE/ATM_2801504_Carmopolis_SE.pdf
2801603,Cedro de São João,SE,SE/ATM_2801603_Cedro_de_Sao_Joao_SE.pdf
2801702,Cristinápolis,SE,SE/ATM_2801702_Cristinapolis_SE.pdf
2801900,Cumbe,SE,SE/ATM_2801900_Cumbe_SE.pdf
2802007,Divina Pastora,SE,SE/ATM_2802007_Divina_Pastora_SE.pdf
2802106,Estância,SE,SE/ATM_2802106_Estancia_SE.pdf
2802205,Feira Nova,SE,SE/ATM_2802205_Feira_Nova_SE.pdf
2802304,Frei Paulo,SE,SE/ATM_2802304_Frei_Paulo_SE.pdf
2802403,Gararu,SE,SE/ATM_2802403_Gararu_SE.pdf
2802502,General Maynard,SE,SE/ATM_2802502_General_Maynard_SE.pdf
2802601,Gracho Cardoso,SE,SE/ATM_2802601_Gracho_Cardoso_SE.pdf
2802700,Ilha das Flores,SE,SE/ATM_2802700_Ilha_das_Flores_SE.pdf
2802809,Indiaroba,SE,SE/ATM_2802809_Indiaroba_SE.pdf
2802908,Itabaiana,SE,SE/ATM_2802908_Itabaiana_SE.pdf
2803005,Itabaianinha,SE,SE/ATM_2803005_Itabaianinha_SE.pdf
2803104,Itabi,SE,SE/ATM_2803104_Itabi_SE.pdf
2803203,Itaporanga d'Ajuda,SE,SE/ATM_2803203_Itaporanga_d_Ajuda_SE.pdf
2803302,Japaratuba,SE,SE/ATM_2803302_Japaratuba_SE.pdf
2803401,Japoatã,SE,SE/ATM_2803401_Japoata_SE.pdf
2803500,Lagarto,SE,SE/ATM_2803500_Lagarto_SE.pdf
2803609,Laranjeiras,SE,SE/ATM_2803609_Laranjeiras_SE.pdf
2803708,Macambira,SE,SE/ATM_2803708_Macambira_SE.pdf
2803807,Malhada dos Bois,SE,SE/ATM_2803807_Malhada_dos_Bois_SE.pdf
2803906,Malhador,SE,SE/ATM_2803906_Malhador_SE.pdf
2804003,Maruim,SE,SE/ATM_2804003_Maruim_SE.pdf
2804102,Moita Bonita,SE,SE/ATM_2804102_Moita_Bonita_SE.pdf
2804201,Monte Alegre de Sergipe,SE,SE/ATM_2804201_Monte_Alegre_de_Sergipe_SE.pdf
2804300,Muribeca,SE,SE/ATM_2804300_Muribeca_SE.pdf
2804409,Neópolis,SE,SE/ATM_2804409_Neopolis_SE.pdf
2804458,Nossa Senhora Aparecida,SE,SE/ATM_2804458_Nossa_Senhora_Aparecida_SE.pdf
2804508,Nossa Senhora da Glória,SE,SE/ATM_2804508_Nossa_Senhora_da_Gloria_SE.pdf
2804607,Nossa Senhora das Dores,SE,SE/ATM_2804607_Nossa_Senhora_das_Dores_SE.pdf
2804706,Nossa Senhora de Lourdes,SE,SE/ATM_2804706_Nossa_Senhora_de_Lourdes_SE.pdf
2804805,Nossa Senhora do Socorro,SE,SE/ATM_2804805_Nossa_Senhora_do_Socorro_SE.pdf
2804904,Pacatuba,SE,SE/ATM_2804904_Pacatuba_SE.pdf
2805000,Pedra Mole,SE,SE/ATM_2805000_Pedra_Mole_SE.pdf
2805109,Pedrinhas,SE,SE/ATM_2805109_Pedrinhas_SE.pdf
2805208,Pinhão,SE,SE/ATM_2805208_Pinhao_SE.pdf
2805307,Pirambu,SE,SE/ATM_2805307_Pirambu_SE.pdf
2805604,Porto da Folha,SE,SE/ATM_2805604_Porto_da_Folha_SE.pdf
2805406,Poço Redondo,SE,SE/ATM_2805406_Poco_Redondo_SE.pdf
2805505,Poço Verde,SE,SE/ATM_2805505_Poco_Verde_SE.pdf
2805703,Propriá,SE,SE/ATM_2805703_Propria_SE.pdf
2805901,Riachuelo,SE,SE/ATM_2805901_Riachuelo_SE.pdf
2805802,Riachão do Dantas,SE,SE/ATM_2805802_Riachao_do_Dantas_SE.pdf
2806008,Ribeirópolis,SE,SE/ATM_2806008_Ribeiropolis_SE.pdf
2806107,Rosário do Catete,SE,SE/ATM_2806107_Rosario_do_Catete_SE.pdf
2806206,Salgado,SE,SE/ATM_2806206_Salgado_SE.pdf
2806305,Santa Luzia do Itanhy,SE,SE/ATM_2806305_Santa_Luzia_do_Itanhy_SE.pdf
2806503,Santa Rosa de Lima,SE,SE/ATM_2806503_Santa_Rosa_de_Lima_SE.pdf
2806404,Santana do São Francisco,SE,SE/ATM_2806404_Santana_do_Sao_Francisco_SE.pdf
2806602,Santo Amaro das Brotas,SE,SE/ATM_2806602_Santo_Amaro_das_Brotas_SE.pdf
2807105,Simão Dias,SE,SE/ATM_2807105_Simao_Dias_SE.pdf
2807204,Siriri,SE,SE/ATM_2807204_Siriri_SE.pdf
2806701,São Cristóvão,SE,SE/ATM_2806701_Sao_Cristovao_SE.pdf
2806800,São Domingos,SE,SE/ATM_2806800_Sao_Domingos_SE.pdf
2806909,São Francisco,SE,SE/ATM_2806909_Sao_Francisco_SE.pdf
2807006,São Miguel do Aleixo,SE,SE/ATM_2807006_Sao_Miguel_do_Aleixo_SE.pdf
2807303,Telha,SE,SE/ATM_2807303_Telha_SE.pdf
2807402,Tobias Barreto,SE,SE/ATM_2807402_Tobias_Barreto_SE.pdf
2807501,Tomar do Geru,SE,SE/ATM_2807501_Tomar_do_Geru_SE.pdf
2807600,Umbaúba,SE,SE/ATM_2807600_Umbauba_SE.pdf
1200013,Acrelândia,AC,AC/ATM_1200013_Acrelandia_AC.pdf
1200054,Assis Brasil,AC,AC/ATM_1200054_Assis_Brasil_AC.pdf
1200104,Brasiléia,AC,AC/ATM_1200104_Brasileia_AC.pdf
1200138,Bujari,AC,AC/ATM_1200138_Bujari_AC.pdf
1200179,Capixaba,AC,AC/ATM_1200179_Capixaba_AC.pdf
1200203,Cruzeiro do Sul,AC,AC/ATM_1200203_Cruzeiro_do_Sul_AC.pdf
1200252,Epitaciolândia,AC,AC/ATM_1200252_Epitaciolandia_AC.pdf
1200302,Feijó,AC,AC/ATM_1200302_Feijo_AC.pdf
1200328,Jordão,AC,AC/ATM_1200328_Jordao_AC.pdf
1200344,Manoel Urbano,AC,AC/ATM_1200344_Manoel_Urbano_AC.pdf
1200351,Marechal Thaumaturgo,AC,AC/ATM_1200351_Marechal_Thaumaturgo_AC.pdf
1200336,Mâncio Lima,AC,AC/ATM_1200336_Mancio_Lima_AC.pdf
1200385,Plácido de Castro,AC,AC/ATM_1200385_Placido_de_Castro_AC.pdf
1200807,Porto Acre,AC,AC/ATM_1200807_Porto_Acre_AC.pdf
1200393,Porto Walter,AC,AC/ATM_1200393_Porto_Walter_AC.pdf
1200401,Rio Branco,AC,AC/ATM_1200401_Rio_Branco_AC.pdf
1200427,Rodrigues Alves,AC,AC/ATM_1200427_Rodrigues_Alves_AC.pdf
1200435,Santa Rosa do Purus,AC,AC/ATM_1200435_Santa_Rosa_do_Purus_AC.pdf
1200500,Sena Madureira,AC,AC/ATM_1200500_Sena_Madureira_AC.pdf
1200450,Senador Guiomard,AC,AC/ATM_1200450_Senador_Guiomard_AC.pdf
1200609,Tarauacá,AC,AC/ATM_1200609_Tarauaca_AC.pdf
1200708,Xapuri,AC,AC/ATM_1200708_Xapuri_AC.pdf
1300029,Alvarães,AM,AM/ATM_1300029_Alvaraes_AM.pdf
1300060,Amaturá,AM,AM/ATM_1300060_Amatura_AM.pdf
1300086,Anamã,AM,AM/ATM_1300086_Anama_AM.pdf
1300102,Anori,AM,AM/ATM_1300102_Anori_AM.pdf
1300144,Apuí,AM,AM/ATM_1300144_Apui_AM.pdf
1300201,Atalaia do Norte,AM,AM/ATM_1300201_Atalaia_do_Norte_AM.pdf
1300300,Autazes,AM,AM/ATM_1300300_Autazes_AM.pdf
1300409,Barcelos,AM,AM/ATM_1300409_Barcelos_AM.pdf
1300508,Barreirinha,AM,AM/ATM_1300508_Barreirinha_AM.pdf
1300607,Benjamin Constant,AM,AM/ATM_1300607_Benjamin_Constant_AM.pdf
1300631,Beruri,AM,AM/ATM_1300631_Beruri_AM.pdf
1300680,Boa Vista do Ramos,AM,AM/ATM_1300680_Boa_Vista_do_Ramos_AM.pdf
1300706,Boca do Acre,AM,AM/ATM_1300706_Boca_do_Acre_AM.pdf
1300805,Borba,AM,AM/ATM_1300805_Borba_AM.pdf
1300839,Caapiranga,AM,AM/ATM_1300839_Caapiranga_AM.pdf
1300904,Canutama,AM,AM/ATM_1300904_Canutama_AM.pdf
1301001,Carauari,AM,AM/ATM_1301001_Carauari_AM.pdf
1301100,Careiro,AM,AM/ATM_1301100_Careiro_AM.pdf
1301159,Careiro da Várzea,AM,AM/ATM_1301159_Careiro_da_Varzea_AM.pdf
1301209,Coari,AM,AM/ATM_1301209_Coari_AM.pdf
1301308,Codajás,AM,AM/ATM_1301308_Codajas_AM.pdf
1301407,Eirunepé,AM,AM/ATM_1301407_Eirunepe_AM.pdf
1301506,Envira,AM,AM/ATM_1301506_Envira_AM.pdf
1301605,Fonte Boa,AM,AM/ATM_1301605_Fonte_Boa_AM.pdf
1301654,Guajará,AM,AM/ATM_1301654_Guajara_AM.pdf
1301704,Humaitá,AM,AM/ATM_1301704_Humaita_AM.pdf
1301803,Ipixuna,AM,AM/ATM_1301803_Ipixuna_AM.pdf
1301852,Iranduba,AM,AM/ATM_1301852_Iranduba_AM.pdf
1301902,Itacoatiara,AM,AM/ATM_1301902_Itacoatiara_AM.pdf
1301951,Itamarati,AM,AM/ATM_1301951_Itamarati_AM.pdf
1302009,Itapiranga,AM,AM/ATM_1302009_Itapiranga_AM.pdf
1302108,Japurá,AM,AM/ATM_1302108_Japura_AM.pdf
1302207,Juruá,AM,AM/ATM_1302207_Jurua_AM.pdf
1302306,Jutaí,AM,AM/ATM_1302306_Jutai_AM.pdf
1302405,Lábrea,AM,AM/ATM_1302405_Labrea_AM.pdf
1302504,Manacapuru,AM,AM/ATM_1302504_Manacapuru_AM.pdf
1302553,Manaquiri,AM,AM/ATM_1302553_Manaquiri_AM.pdf
1302603,Manaus,AM,AM/ATM_1302603_Manaus_AM.pdf
1302702,Manicoré,AM,AM/ATM_1302702_Manicore_AM.pdf
1302801,Maraã,AM,AM/ATM_1302801_Maraa_AM.pdf
1302900,Maués,AM,AM/ATM_1302900_Maues_AM.pdf
1303007,Nhamundá,AM,AM/ATM_1303007_Nhamunda_AM.pdf
1303106,Nova Olinda do Norte,AM,AM/ATM_1303106_Nova_Olinda_do_Norte_AM.pdf
1303205,Novo Airão,AM,AM/ATM_1303205_Novo_Airao_AM.pdf
1303304,Novo Aripuanã,AM,AM/ATM_1303304_Novo_Aripuana_AM.pdf
1303403,Parintins,AM,AM/ATM_1303403_Parintins_AM.pdf
1303502,Pauini,AM,AM/ATM_1303502_Pauini_AM.pdf
1303536,Presidente Figueiredo,AM,AM/ATM_1303536_Presidente_Figueiredo_AM.pdf
1303569,Rio Preto da Eva,AM,AM/ATM_1303569_Rio_Preto_da_Eva_AM.pdf
1303601,Santa Isabel do Rio Negro,AM,AM/ATM_1303601_Santa_Isabel_do_Rio_Negro_AM.pdf
1303700,Santo Antônio do Içá,AM,AM/ATM_1303700_Santo_Antonio_do_Ica_AM.pdf
1304005,Silves,AM,AM/ATM_1304005_Silves_AM.pdf
1303809,São Gabriel da Cachoeira,AM,AM/ATM_1303809_Sao_Gabriel_da_Cachoeira_AM.pdf
1303908,São Paulo de Olivença,AM,AM/ATM_1303908_Sao_Paulo_de_Olivenca_AM.pdf
1303957,São Sebastião do Uatumã,AM,AM/ATM_1303957_Sao_Sebastiao_do_Uatuma_AM.pdf
1304062,Tabatinga,AM,AM/ATM_1304062_Tabatinga_AM.pdf
1304104,Tapauá,AM,AM/ATM_1304104_Tapaua_AM.pdf
1304203,Tefé,AM,AM/ATM_1304203_Tefe_AM.pdf
1304237,Tonantins,AM,AM/ATM_1304237_Tonantins_AM.pdf
1304260,Uarini,AM,AM/ATM_1304260_Uarini_AM.pdf
1304302,Urucará,AM,AM/ATM_1304302_Urucara_AM.pdf
1304401,Urucurituba,AM,AM/ATM_1304401_Urucurituba_AM.pdf
1600105,Amapá,AP,AP/ATM_1600105_Amapa_AP.pdf
1600204,Calçoene,AP,AP/ATM_1600204_Calcoene_AP.pdf
1600212,Cutias,AP,AP/ATM_1600212_Cutias_AP.pdf
1600238,Ferreira Gomes,AP,AP/ATM_1600238_Ferreira_Gomes_AP.pdf
1600253,Itaubal,AP,AP/ATM_1600253_Itaubal_AP.pdf
1600279,Laranjal do Jari,AP,AP/ATM_1600279_Laranjal_do_Jari_AP.pdf
1600303,Macapá,AP,AP/ATM_1600303_Macapa_AP.pdf
1600402,Mazagão,AP,AP/ATM_1600402_Mazagao_AP.pdf
1600501,Oiapoque,AP,AP/ATM_1600501_Oiapoque_AP.pdf
1600154,Pedra Branca do Amapari,AP,AP/ATM_1600154_Pedra_Branca_do_Amapari_AP.pdf
1600535,Porto Grande,AP,AP/ATM_1600535_Porto_Grande_AP.pdf
1600550,Pracuúba,AP,AP/ATM_1600550_Pracuuba_AP.pdf
1600600,Santana,AP,AP/ATM_1600600_Santana_AP.pdf
1600055,Serra do Navio,AP,AP/ATM_1600055_Serra_do_Navio_AP.pdf
1600709,Tartarugalzinho,AP,AP/ATM_1600709_Tartarugalzinho_AP.pdf
1600808,Vitória do Jari,AP,AP/ATM_1600808_Vitoria_do_Jari_AP.pdf
1500107,Abaetetuba,PA,PA/ATM_1500107_Abaetetuba_PA.pdf
1500131,Abel Figueiredo,PA,PA/ATM_1500131_Abel_Figueiredo_PA.pdf
1500206,Acará,PA,PA/ATM_1500206_Acara_PA.pdf
1500305,Afuá,PA,PA/ATM_1500305_Afua_PA.pdf
1500404,Alenquer,PA,PA/ATM_1500404_Alenquer_PA.pdf
1500503,Almeirim,PA,PA/ATM_1500503_Almeirim_PA.pdf
1500602,Altamira,PA,PA/ATM_1500602_Altamira_PA.pdf
1500701,Anajás,PA,PA/ATM_1500701_Anajas_PA.pdf
1500800,Ananindeua,PA,PA/ATM_1500800_Ananindeua_PA.pdf
1500859,Anapu,PA,PA/ATM_1500859_Anapu_PA.pdf
1500909,Augusto Corrêa,PA,PA/ATM_1500909_Augusto_Correa_PA.pdf
1500958,Aurora do Pará,PA,PA/ATM_1500958_Aurora_do_Para_PA.pdf
1501006,Aveiro,PA,PA/ATM_1501006_Aveiro_PA.pdf
1501105,Bagre,PA,PA/ATM_1501105_Bagre_PA.pdf
1501204,Baião,PA,PA/ATM_1501204_Baiao_PA.pdf
1501253,Bannach,PA,PA/ATM_1501253_Bannach_PA.pdf
1501303,Barcarena,PA,PA/ATM_1501303_Barcarena_PA.pdf
1501451,Belterra,PA,PA/ATM_1501451_Belterra_PA.pdf
1501402,Belém,PA,PA/ATM_1501402_Belem_PA.pdf
1501501,Benevides,PA,PA/ATM_1501501_Benevides_PA.pdf
1501576,Bom Jesus do Tocantins,PA,PA/ATM_1501576_Bom_Jesus_do_Tocantins_PA.pdf
1501600,Bonito,PA,PA/ATM_1501600_Bonito_PA.pdf
1501709,Bragança,PA,PA/ATM_1501709_Braganca_PA.pdf
1501725,Brasil Novo,PA,PA/ATM_1501725_Brasil_Novo_PA.pdf
1501758,Brejo Grande do Araguaia,PA,PA/ATM_1501758_Brejo_Grande_do_Araguaia_PA.pdf
1501782,Breu Branco,PA,PA/ATM_1501782_Breu_Branco_PA.pdf
1501808,Breves,PA,PA/ATM_1501808_Breves_PA.pdf
1501907,Bujaru,PA,PA/ATM_1501907_Bujaru_PA.pdf
1502004,Cachoeira do Arari,PA,PA/ATM_1502004_Cachoeira_do_Arari_PA.pdf
1501956,Cachoeira do Piriá,PA,PA/ATM_1501956_Cachoeira_do_Piria_PA.pdf
1502103,Cametá,PA,PA/ATM_1502103_Cameta_PA.pdf
1502152,Canaã dos Carajás,PA,PA/ATM_1502152_Canaa_dos_Carajas_PA.pdf
1502202,Capanema,PA,PA/ATM_1502202_Capanema_PA.pdf
1502301,Capitão Poço,PA,PA/ATM_1502301_Capitao_Poco_PA.pdf
1502400,Castanhal,PA,PA/ATM_1502400_Castanhal_PA.pdf
1502509,Chaves,PA,PA/ATM_1502509_Chaves_PA.pdf
1502608,Colares,PA,PA/ATM_1502608_Colares_PA.pdf
1502707,Conceição do Araguaia,PA,PA/ATM_1502707_Conceicao_do_Araguaia_PA.pdf
1502756,Concórdia do Pará,PA,PA/ATM_1502756_Concordia_do_Para_PA.pdf
1502764,Cumaru do Norte,PA,PA/ATM_1502764_Cumaru_do_Norte_PA.pdf
1502772,Curionópolis,PA,PA/ATM_1502772_Curionopolis_PA.pdf
1502806,Curralinho,PA,PA/ATM_1502806_Curralinho_PA.pdf
1502855,Curuá,PA,PA/ATM_1502855_Curua_PA.pdf
1502905,Curuçá,PA,PA/ATM_1502905_Curuca_PA.pdf
1502939,Dom Eliseu,PA,PA/ATM_1502939_Dom_Eliseu_PA.pdf
1502954,Eldorado do Carajás,PA,PA/ATM_1502954_Eldorado_do_Carajas_PA.pdf
1503002,Faro,PA,PA/ATM_1503002_Faro_PA.pdf
1503044,Floresta do Araguaia,PA,PA/ATM_1503044_Floresta_do_Araguaia_PA.pdf
1503077,Garrafão do Norte,PA,PA/ATM_1503077_Garrafao_do_Norte_PA.pdf
1503093,Goianésia do Pará,PA,PA/ATM_1503093_Goianesia_do_Para_PA.pdf
1503101,Gurupá,PA,PA/ATM_1503101_Gurupa_PA.pdf
1503200,Igarapé-Açu,PA,PA/ATM_1503200_Igarape-Acu_PA.pdf
1503309,Igarapé-Miri,PA,PA/ATM_1503309_Igarape-Miri_PA.pdf
1503408,Inhangapi,PA,PA/ATM_1503408_Inhangapi_PA.pdf
1503457,Ipixuna do Pará,PA,PA/ATM_1503457_Ipixuna_do_Para_PA.pdf
1503507,Irituia,PA,PA/ATM_1503507_Irituia_PA.pdf
1503606,Itaituba,PA,PA/ATM_1503606_Itaituba_PA.pdf
1503705,Itupiranga,PA,PA/ATM_1503705_Itupiranga_PA.pdf
1503754,Jacareacanga,PA,PA/ATM_1503754_Jacareacanga_PA.pdf
1503804,Jacundá,PA,PA/ATM_1503804_Jacunda_PA.pdf
1503903,Juruti,PA,PA/ATM_1503903_Juruti_PA.pdf
1504000,Limoeiro do Ajuru,PA,PA/ATM_1504000_Limoeiro_do_Ajuru_PA.pdf
1504109,Magalhães Barata,PA,PA/ATM_1504109_Magalhaes_Barata_PA.pdf
1504208,Marabá,PA,PA/ATM_1504208_Maraba_PA.pdf
1504307,Maracanã,PA,PA/ATM_1504307_Maracana_PA.pdf
1504406,Marapanim,PA,PA/ATM_1504406_Marapanim_PA.pdf
1504422,Marituba,PA,PA/ATM_1504422_Marituba_PA.pdf
1504455,Medicilândia,PA,PA/ATM_1504455_Medicilandia_PA.pdf
1504505,Melgaço,PA,PA/ATM_1504505_Melgaco_PA.pdf
1504604,Mocajuba,PA,PA/ATM_1504604_Mocajuba_PA.pdf
1504703,Moju,PA,PA/ATM_1504703_Moju_PA.pdf
1504752,Mojuí dos Campos,PA,PA/ATM_1504752_Mojui_dos_Campos_PA.pdf
1504802,Monte Alegre,PA,PA/ATM_1504802_Monte_Alegre_PA.pdf
1504901,Muaná,PA,PA/ATM_1504901_Muana_PA.pdf
1504059,Mãe do Rio,PA,PA/ATM_1504059_Mae_do_Rio_PA.pdf
1504950,Nova Esperança do Piriá,PA,PA/ATM_1504950_Nova_Esperanca_do_Piria_PA.pdf
1504976,Nova Ipixuna,PA,PA/ATM_1504976_Nova_Ipixuna_PA.pdf
1505007,Nova Timboteua,PA,PA/ATM_1505007_Nova_Timboteua_PA.pdf
1505031,Novo Progresso,PA,PA/ATM_1505031_Novo_Progresso_PA.pdf
1505064,Novo Repartimento,PA,PA/ATM_1505064_Novo_Repartimento_PA.pdf
1505205,Oeiras do Pará,PA,PA/ATM_1505205_Oeiras_do_Para_PA.pdf
1505304,Oriximiná,PA,PA/ATM_1505304_Oriximina_PA.pdf
1505437,Ourilândia do Norte,PA,PA/ATM_1505437_Ourilandia_do_Norte_PA.pdf
1505403,Ourém,PA,PA/ATM_1505403_Ourem_PA.pdf
1505486,Pacajá,PA,PA/ATM_1505486_Pacaja_PA.pdf
1505494,Palestina do Pará,PA,PA/ATM_1505494_Palestina_do_Para_PA.pdf
1505502,Paragominas,PA,PA/ATM_1505502_Paragominas_PA.pdf
1505536,Parauapebas,PA,PA/ATM_1505536_Parauapebas_PA.pdf
1505551,Pau D'Arco,PA,PA/ATM_1505551_Pau_D_Arco_PA.pdf
1505601,Peixe-Boi,PA,PA/ATM_1505601_Peixe-Boi_PA.pdf
1505635,Piçarra,PA,PA/ATM_1505635_Picarra_PA.pdf
1505650,Placas,PA,PA/ATM_1505650_Placas_PA.pdf
1505700,Ponta de Pedras,PA,PA/ATM_1505700_Ponta_de_Pedras_PA.pdf
1505809,Portel,PA,PA/ATM_1505809_Portel_PA.pdf
1505908,Porto de Moz,PA,PA/ATM_1505908_Porto_de_Moz_PA.pdf
1506005,Prainha,PA,PA/ATM_1506005_Prainha_PA.pdf
1506104,Primavera,PA,PA/ATM_1506104_Primavera_PA.pdf
1506112,Quatipuru,PA,PA/ATM_1506112_Quatipuru_PA.pdf
1506138,Redenção,PA,PA/ATM_1506138_Redencao_PA.pdf
1506161,Rio Maria,PA,PA/ATM_1506161_Rio_Maria_PA.pdf
1506187,Rondon do Pará,PA,PA/ATM_1506187_Rondon_do_Para_PA.pdf
1506195,Rurópolis,PA,PA/ATM_1506195_Ruropolis_PA.pdf
1506203,Salinópolis,PA,PA/ATM_1506203_Salinopolis_PA.pdf
1506302,Salvaterra,PA,PA/ATM_1506302_Salvaterra_PA.pdf
1506351,Santa Bárbara do Pará,PA,PA/ATM_1506351_Santa_Barbara_do_Para_PA.pdf
1506401,Santa Cruz do Arari,PA,PA/ATM_1506401_Santa_Cruz_do_Arari_PA.pdf
1506500,Santa Isabel do Pará,PA,PA/ATM_1506500_Santa_Isabel_do_Para_PA.pdf
1506559,Santa Luzia do Pará,PA,PA/ATM_1506559_Santa_Luzia_do_Para_PA.pdf
1506583,Santa Maria das Barreiras,PA,PA/ATM_1506583_Santa_Maria_das_Barreiras_PA.pdf
1506609,Santa Maria do Pará,PA,PA/ATM_1506609_Santa_Maria_do_Para_PA.pdf
1506708,Santana do Araguaia,PA,PA/ATM_1506708_Santana_do_Araguaia_PA.pdf
1506807,Santarém,PA,PA/ATM_1506807_Santarem_PA.pdf
1506906,Santarém Novo,PA,PA/ATM_1506906_Santarem_Novo_PA.pdf
1507003,Santo Antônio do Tauá,PA,PA/ATM_1507003_Santo_Antonio_do_Taua_PA.pdf
1507755,Sapucaia,PA,PA/ATM_1507755_Sapucaia_PA.pdf
1507805,Senador José Porfírio,PA,PA/ATM_1507805_Senador_Jose_Porfirio_PA.pdf
1507904,Soure,PA,PA/ATM_1507904_Soure_PA.pdf
1507102,São Caetano de Odivelas,PA,PA/ATM_1507102_Sao_Caetano_de_Odivelas_PA.pdf
1507151,São Domingos do Araguaia,PA,PA/ATM_1507151_Sao_Domingos_do_Araguaia_PA.pdf
1507201,São Domingos do Capim,PA,PA/ATM_1507201_Sao_Domingos_do_Capim_PA.pdf
1507409,São Francisco do Pará,PA,PA/ATM_1507409_Sao_Francisco_do_Para_PA.pdf
1507300,São Félix do Xingu,PA,PA/ATM_1507300_Sao_Felix_do_Xingu_PA.pdf
1507458,São Geraldo do Araguaia,PA,PA/ATM_1507458_Sao_Geraldo_do_Araguaia_PA.pdf
1507466,São João da Ponta,PA,PA/ATM_1507466_Sao_Joao_da_Ponta_PA.pdf
1507474,São João de Pirabas,PA,PA/ATM_1507474_Sao_Joao_de_Pirabas_PA.pdf
1507508,São João do Araguaia,PA,PA/ATM_1507508_Sao_Joao_do_Araguaia_PA.pdf
1507607,São Miguel do Guamá,PA,PA/ATM_1507607_Sao_Miguel_do_Guama_PA.pdf
1507706,São Sebastião da Boa Vista,PA,PA/ATM_1507706_Sao_Sebastiao_da_Boa_Vista_PA.pdf
1507953,Tailândia,PA,PA/ATM_1507953_Tailandia_PA.pdf
1507961,Terra Alta,PA,PA/ATM_1507961_Terra_Alta_PA.pdf
1507979,Terra Santa,PA,PA/ATM_1507979_Terra_Santa_PA.pdf
1508001,Tomé-Açu,PA,PA/ATM_1508001_Tome-Acu_PA.pdf
1508035,Tracuateua,PA,PA/ATM_1508035_Tracuateua_PA.pdf
1508050,Trairão,PA,PA/ATM_1508050_Trairao_PA.pdf
1508084,Tucumã,PA,PA/ATM_1508084_Tucuma_PA.pdf
1508100,Tucuruí,PA,PA/ATM_1508100_Tucurui_PA.pdf
1508126,Ulianópolis,PA,PA/ATM_1508126_Ulianopolis_PA.pdf
1508159,Uruará,PA,PA/ATM_1508159_Uruara_PA.pdf
1508209,Vigia,PA,PA/ATM_1508209_Vigia_PA.pdf
1508308,Viseu,PA,PA/ATM_1508308_Viseu_PA.pdf
1508357,Vitória do Xingu,PA,PA/ATM_1508357_Vitoria_do_Xingu_PA.pdf
1508407,Xinguara,PA,PA/ATM_1508407_Xinguara_PA.pdf
1500347,Água Azul do Norte,PA,PA/ATM_1500347_Agua_Azul_do_Norte_PA.pdf
1505106,Óbidos,PA,PA/ATM_1505106_Obidos_PA.pdf
1100015,Alta Floresta D'Oeste,RO,RO/ATM_1100015_Alta_Floresta_D_Oeste_RO.pdf
1100379,Alto Alegre dos Parecis,RO,RO/ATM_1100379_Alto_Alegre_dos_Parecis_RO.pdf
1100403,Alto Paraíso,RO,RO/ATM_1100403_Alto_Paraiso_RO.pdf
1100346,Alvorada D'Oeste,RO,RO/ATM_1100346_Alvorada_D_Oeste_RO.pdf
1100023,Ariquemes,RO,RO/ATM_1100023_Ariquemes_RO.pdf
1100452,Buritis,RO,RO/ATM_1100452_Buritis_RO.pdf
1100031,Cabixi,RO,RO/ATM_1100031_Cabixi_RO.pdf
1100601,Cacaulândia,RO,RO/ATM_1100601_Cacaulandia_RO.pdf
1100049,Cacoal,RO,RO/ATM_1100049_Cacoal_RO.pdf
1100700,Campo Novo de Rondônia,RO,RO/ATM_1100700_Campo_Novo_de_Rondonia_RO.pdf
1100809,Candeias do Jamari,RO,RO/ATM_1100809_Candeias_do_Jamari_RO.pdf
1100908,Castanheiras,RO,RO/ATM_1100908_Castanheiras_RO.pdf
1100056,Cerejeiras,RO,RO/ATM_1100056_Cerejeiras_RO.pdf
1100924,Chupinguaia,RO,RO/ATM_1100924_Chupinguaia_RO.pdf
1100064,Colorado do Oeste,RO,RO/ATM_1100064_Colorado_do_Oeste_RO.pdf
1100072,Corumbiara,RO,RO/ATM_1100072_Corumbiara_RO.pdf
1100080,Costa Marques,RO,RO/ATM_1100080_Costa_Marques_RO.pdf
1100940,Cujubim,RO,RO/ATM_1100940_Cujubim_RO.pdf
1100098,Espigão D'Oeste,RO,RO/ATM_1100098_Espigao_D_Oeste_RO.pdf
1101005,Governador Jorge Teixeira,RO,RO/ATM_1101005_Governador_Jorge_Teixeira_RO.pdf
1100106,Guajará-Mirim,RO,RO/ATM_1100106_Guajara-Mirim_RO.pdf
1101104,Itapuã do Oeste,RO,RO/ATM_1101104_Itapua_do_Oeste_RO.pdf
1100114,Jaru,RO,RO/ATM_1100114_Jaru_RO.pdf
1100122,Ji-Paraná,RO,RO/ATM_1100122_Ji-Parana_RO.pdf
1100130,Machadinho D'Oeste,RO,RO/ATM_1100130_Machadinho_D_Oeste_RO.pdf
1101203,Ministro Andreazza,RO,RO/ATM_1101203_Ministro_Andreazza_RO.pdf
1101302,Mirante da Serra,RO,RO/ATM_1101302_Mirante_da_Serra_RO.pdf
1101401,Monte Negro,RO,RO/ATM_1101401_Monte_Negro_RO.pdf
1100148,Nova Brasilândia D'Oeste,RO,RO/ATM_1100148_Nova_Brasilandia_D_Oeste_RO.pdf
1100338,Nova Mamoré,RO,RO/ATM_1100338_Nova_Mamore_RO.pdf
1101435,Nova União,RO,RO/ATM_1101435_Nova_Uniao_RO.pdf
1100502,Novo Horizonte do Oeste,RO,RO/ATM_1100502_Novo_Horizonte_do_Oeste_RO.pdf
1100155,Ouro Preto do Oeste,RO,RO/ATM_1100155_Ouro_Preto_do_Oeste_RO.pdf
1101450,Parecis,RO,RO/ATM_1101450_Parecis_RO.pdf
1100189,Pimenta Bueno,RO,RO/ATM_1100189_Pimenta_Bueno_RO.pdf
1101468,Pimenteiras do Oeste,RO,RO/ATM_1101468_Pimenteiras_do_Oeste_RO.pdf
1100205,Porto Velho,RO,RO/ATM_1100205_Porto_Velho_RO.pdf
1100254,Presidente Médici,RO,RO/ATM_1100254_Presidente_Medici_RO.pdf
1101476,Primavera de Rondônia,RO,RO/ATM_1101476_Primavera_de_Rondonia_RO.pdf
1100262,Rio Crespo,RO,RO/ATM_1100262_Rio_Crespo_RO.pdf
1100288,Rolim de Moura,RO,RO/ATM_1100288_Rolim_de_Moura_RO.pdf
1100296,Santa Luzia D'Oeste,RO,RO/ATM_1100296_Santa_Luzia_D_Oeste_RO.pdf
1101500,Seringueiras,RO,RO/ATM_1101500_Seringueiras_RO.pdf
1101484,São Felipe D'Oeste,RO,RO/ATM_1101484_Sao_Felipe_D_Oeste_RO.pdf
1101492,São Francisco do Guaporé,RO,RO/ATM_1101492_Sao_Francisco_do_Guapore_RO.pdf
1100320,São Miguel do Guaporé,RO,RO/ATM_1100320_Sao_Miguel_do_Guapore_RO.pdf
1101559,Teixeirópolis,RO,RO/ATM_1101559_Teixeiropolis_RO.pdf
1101609,Theobroma,RO,RO/ATM_1101609_Theobroma_RO.pdf
1101708,Urupá,RO,RO/ATM_1101708_Urupa_RO.pdf
1101757,Vale do Anari,RO,RO/ATM_1101757_Vale_do_Anari_RO.pdf
1101807,Vale do Paraíso,RO,RO/ATM_1101807_Vale_do_Paraiso_RO.pdf
1100304,Vilhena,RO,RO/ATM_1100304_Vilhena_RO.pdf
1400050,Alto Alegre,RR,RR/ATM_1400050_Alto_Alegre_RR.pdf
1400027,Amajari,RR,RR/ATM_1400027_Amajari_RR.pdf
1400100,Boa Vista,RR,RR/ATM_1400100_Boa_Vista_RR.pdf
1400159,Bonfim,RR,RR/ATM_1400159_Bonfim_RR.pdf
1400175,Cantá,RR,RR/ATM_1400175_Canta_RR.pdf
1400209,Caracaraí,RR,RR/ATM_1400209_Caracarai_RR.pdf
1400233,Caroebe,RR,RR/ATM_1400233_Caroebe_RR.pdf
1400282,Iracema,RR,RR/ATM_1400282_Iracema_RR.pdf
1400308,Mucajaí,RR,RR/ATM_1400308_Mucajai_RR.pdf
1400407,Normandia,RR,RR/ATM_1400407_Normandia_RR.pdf
1400456,Pacaraima,RR,RR/ATM_1400456_Pacaraima_RR.pdf
1400472,Rorainópolis,RR,RR/ATM_1400472_Rorainopolis_RR.pdf
1400506,São João da Baliza,RR,RR/ATM_1400506_Sao_Joao_da_Baliza_RR.pdf
1400605,São Luiz,RR,RR/ATM_1400605_Sao_Luiz_RR.pdf
1400704,Uiramutã,RR,RR/ATM_1400704_Uiramuta_RR.pdf
1700251,Abreulândia,TO,TO/ATM_1700251_Abreulandia_TO.pdf
1700301,Aguiarnópolis,TO,TO/ATM_1700301_Aguiarnopolis_TO.pdf
1700350,Aliança do Tocantins,TO,TO/ATM_1700350_Alianca_do_Tocantins_TO.pdf
1700400,Almas,TO,TO/ATM_1700400_Almas_TO.pdf
1700707,Alvorada,TO,TO/ATM_1700707_Alvorada_TO.pdf
1701002,Ananás,TO,TO/ATM_1701002_Ananas_TO.pdf
1701051,Angico,TO,TO/ATM_1701051_Angico_TO.pdf
1701101,Aparecida do Rio Negro,TO,TO/ATM_1701101_Aparecida_do_Rio_Negro_TO.pdf
1701309,Aragominas,TO,TO/ATM_1701309_Aragominas_TO.pdf
1701903,Araguacema,TO,TO/ATM_1701903_Araguacema_TO.pdf
1702158,Araguanã,TO,TO/ATM_1702158_Araguana_TO.pdf
1702208,Araguatins,TO,TO/ATM_1702208_Araguatins_TO.pdf
1702000,Araguaçu,TO,TO/ATM_1702000_Araguacu_TO.pdf
1702109,Araguaína,TO,TO/ATM_1702109_Araguaina_TO.pdf
1702307,Arapoema,TO,TO/ATM_1702307_Arapoema_TO.pdf
1702406,Arraias,TO,TO/ATM_1702406_Arraias_TO.pdf
1702554,Augustinópolis,TO,TO/ATM_1702554_Augustinopolis_TO.pdf
1702703,Aurora do Tocantins,TO,TO/ATM_1702703_Aurora_do_Tocantins_TO.pdf
1702901,Axixá do Tocantins,TO,TO/ATM_1702901_Axixa_do_Tocantins_TO.pdf
1703008,Babaçulândia,TO,TO/ATM_1703008_Babaculandia_TO.pdf
1703057,Bandeirantes do Tocantins,TO,TO/ATM_1703057_Bandeirantes_do_Tocantins_TO.pdf
1703073,Barra do Ouro,TO,TO/ATM_1703073_Barra_do_Ouro_TO.pdf
1703107,Barrolândia,TO,TO/ATM_1703107_Barrolandia_TO.pdf
1703206,Bernardo Sayão,TO,TO/ATM_1703206_Bernardo_Sayao_TO.pdf
1703305,Bom Jesus do Tocantins,TO,TO/ATM_1703305_Bom_Jesus_do_Tocantins_TO.pdf
1703602,Brasilândia do Tocantins,TO,TO/ATM_1703602_Brasilandia_do_Tocantins_TO.pdf
1703701,Brejinho de Nazaré,TO,TO/ATM_1703701_Brejinho_de_Nazare_TO.pdf
1703800,Buriti do Tocantins,TO,TO/ATM_1703800_Buriti_do_Tocantins_TO.pdf
1703826,Cachoeirinha,TO,TO/ATM_1703826_Cachoeirinha_TO.pdf
1703842,Campos Lindos,TO,TO/ATM_1703842_Campos_Lindos_TO.pdf
1703867,Cariri do Tocantins,TO,TO/ATM_1703867_Cariri_do_Tocantins_TO.pdf
1703883,Carmolândia,TO,TO/ATM_1703883_Carmolandia_TO.pdf
1703891,Carrasco Bonito,TO,TO/ATM_1703891_Carrasco_Bonito_TO.pdf
1703909,Caseara,TO,TO/ATM_1703909_Caseara_TO.pdf
1704105,Centenário,TO,TO/ATM_1704105_Centenario_TO.pdf
1705102,Chapada da Natividade,TO,TO/ATM_1705102_Chapada_da_Natividade_TO.pdf
1704600,Chapada de Areia,TO,TO/ATM_1704600_Chapada_de_Areia_TO.pdf
1705508,Colinas do Tocantins,TO,TO/ATM_1705508_Colinas_do_Tocantins_TO.pdf
1716703,Colméia,TO,TO/ATM_1716703_Colmeia_TO.pdf
1705557,Combinado,TO,TO/ATM_1705557_Combinado_TO.pdf
1705607,Conceição do Tocantins,TO,TO/ATM_1705607_Conceicao_do_Tocantins_TO.pdf
1706001,Couto Magalhães,TO,TO/ATM_1706001_Couto_Magalhaes_TO.pdf
1706100,Cristalândia,TO,TO/ATM_1706100_Cristalandia_TO.pdf
1706258,Crixás do Tocantins,TO,TO/ATM_1706258_Crixas_do_Tocantins_TO.pdf
1706506,Darcinópolis,TO,TO/ATM_1706506_Darcinopolis_TO.pdf
1707009,Dianópolis,TO,TO/ATM_1707009_Dianopolis_TO.pdf
1707108,Divinópolis do Tocantins,TO,TO/ATM_1707108_Divinopolis_do_Tocantins_TO.pdf
1707207,Dois Irmãos do Tocantins,TO,TO/ATM_1707207_Dois_Irmaos_do_Tocantins_TO.pdf
1707306,Dueré,TO,TO/ATM_1707306_Duere_TO.pdf
1707405,Esperantina,TO,TO/ATM_1707405_Esperantina_TO.pdf
1707652,Figueirópolis,TO,TO/ATM_1707652_Figueiropolis_TO.pdf
1707702,Filadélfia,TO,TO/ATM_1707702_Filadelfia_TO.pdf
1708205,Formoso do Araguaia,TO,TO/ATM_1708205_Formoso_do_Araguaia_TO.pdf
1708254,Fortaleza do Tabocão,TO,TO/ATM_1708254_Fortaleza_do_Tabocao_TO.pdf
1707553,Fátima,TO,TO/ATM_1707553_Fatima_TO.pdf
1708304,Goianorte,TO,TO/ATM_1708304_Goianorte_TO.pdf
1709005,Goiatins,TO,TO/ATM_1709005_Goiatins_TO.pdf
1709302,Guaraí,TO,TO/ATM_1709302_Guarai_TO.pdf
1709500,Gurupi,TO,TO/ATM_1709500_Gurupi_TO.pdf
1709807,Ipueiras,TO,TO/ATM_1709807_Ipueiras_TO.pdf
1710508,Itacajá,TO,TO/ATM_1710508_Itacaja_TO.pdf
1710706,Itaguatins,TO,TO/ATM_1710706_Itaguatins_TO.pdf
1710904,Itapiratins,TO,TO/ATM_1710904_Itapiratins_TO.pdf
1711100,Itaporã do Tocantins,TO,TO/ATM_1711100_Itapora_do_Tocantins_TO.pdf
1711506,Jaú do Tocantins,TO,TO/ATM_1711506_Jau_do_Tocantins_TO.pdf
1711803,Juarina,TO,TO/ATM_1711803_Juarina_TO.pdf
1711902,Lagoa da Confusão,TO,TO/ATM_1711902_Lagoa_da_Confusao_TO.pdf
1711951,Lagoa do Tocantins,TO,TO/ATM_1711951_Lagoa_do_Tocantins_TO.pdf
1712009,Lajeado,TO,TO/ATM_1712009_Lajeado_TO.pdf
1712157,Lavandeira,TO,TO/ATM_1712157_Lavandeira_TO.pdf
1712405,Lizarda,TO,TO/ATM_1712405_Lizarda_TO.pdf
1712454,Luzinópolis,TO,TO/ATM_1712454_Luzinopolis_TO.pdf
1712504,Marianópolis do Tocantins,TO,TO/ATM_1712504_Marianopolis_do_Tocantins_TO.pdf
1712702,Mateiros,TO,TO/ATM_1712702_Mateiros_TO.pdf
1712801,Maurilândia do Tocantins,TO,TO/ATM_1712801_Maurilandia_do_Tocantins_TO.pdf
1713205,Miracema do Tocantins,TO,TO/ATM_1713205_Miracema_do_Tocantins_TO.pdf
1713304,Miranorte,TO,TO/ATM_1713304_Miranorte_TO.pdf
1713700,Monte Santo do Tocantins,TO,TO/ATM_1713700_Monte_Santo_do_Tocantins_TO.pdf
1713601,Monte do Carmo,TO,TO/ATM_1713601_Monte_do_Carmo_TO.pdf
1713957,Muricilândia,TO,TO/ATM_1713957_Muricilandia_TO.pdf
1714203,Natividade,TO,TO/ATM_1714203_Natividade_TO.pdf
1714302,Nazaré,TO,TO/ATM_1714302_Nazare_TO.pdf
1714880,Nova Olinda,TO,TO/ATM_1714880_Nova_Olinda_TO.pdf
1715002,Nova Rosalândia,TO,TO/ATM_1715002_Nova_Rosalandia_TO.pdf
1715101,Novo Acordo,TO,TO/ATM_1715101_Novo_Acordo_TO.pdf
1715150,Novo Alegre,TO,TO/ATM_1715150_Novo_Alegre_TO.pdf
1715259,Novo Jardim,TO,TO/ATM_1715259_Novo_Jardim_TO.pdf
1715507,Oliveira de Fátima,TO,TO/ATM_1715507_Oliveira_de_Fatima_TO.pdf
1721000,Palmas,TO,TO/ATM_1721000_Palmas_TO.pdf
1715705,Palmeirante,TO,TO/ATM_1715705_Palmeirante_TO.pdf
1713809,Palmeiras do Tocantins,TO,TO/ATM_1713809_Palmeiras_do_Tocantins_TO.pdf
1715754,Palmeirópolis,TO,TO/ATM_1715754_Palmeiropolis_TO.pdf
1716208,Paranã,TO,TO/ATM_1716208_Parana_TO.pdf
1716109,Paraíso do Tocantins,TO,TO/ATM_1716109_Paraiso_do_Tocantins_TO.pdf
1716307,Pau D'Arco,TO,TO/ATM_1716307_Pau_D_Arco_TO.pdf
1716505,Pedro Afonso,TO,TO/ATM_1716505_Pedro_Afonso_TO.pdf
1716604,Peixe,TO,TO/ATM_1716604_Peixe_TO.pdf
1716653,Pequizeiro,TO,TO/ATM_1716653_Pequizeiro_TO.pdf
1717008,Pindorama do Tocantins,TO,TO/ATM_1717008_Pindorama_do_Tocantins_TO.pdf
1717206,Piraquê,TO,TO/ATM_1717206_Piraque_TO.pdf
1717503,Pium,TO,TO/ATM_1717503_Pium_TO.pdf
1717800,Ponte Alta do Bom Jesus,TO,TO/ATM_1717800_Ponte_Alta_do_Bom_Jesus_TO.pdf
1717909,Ponte Alta do Tocantins,TO,TO/ATM_1717909_Ponte_Alta_do_Tocantins_TO.pdf
1718006,Porto Alegre do Tocantins,TO,TO/ATM_1718006_Porto_Alegre_do_Tocantins_TO.pdf
1718204,Porto Nacional,TO,TO/ATM_1718204_Porto_Nacional_TO.pdf
1718303,Praia Norte,TO,TO/ATM_1718303_Praia_Norte_TO.pdf
1718402,Presidente Kennedy,TO,TO/ATM_1718402_Presidente_Kennedy_TO.pdf
1718451,Pugmil,TO,TO/ATM_1718451_Pugmil_TO.pdf
1718501,Recursolândia,TO,TO/ATM_1718501_Recursolandia_TO.pdf
1718550,Riachinho,TO,TO/ATM_1718550_Riachinho_TO.pdf
1718758,Rio Sono,TO,TO/ATM_1718758_Rio_Sono_TO.pdf
1718659,Rio da Conceição,TO,TO/ATM_1718659_Rio_da_Conceicao_TO.pdf
1718709,Rio dos Bois,TO,TO/ATM_1718709_Rio_dos_Bois_TO.pdf
1718808,Sampaio,TO,TO/ATM_1718808_Sampaio_TO.pdf
1718840,Sandolândia,TO,TO/ATM_1718840_Sandolandia_TO.pdf
1718865,Santa Fé do Araguaia,TO,TO/ATM_1718865_Santa_Fe_do_Araguaia_TO.pdf
1718881,Santa Maria do Tocantins,TO,TO/ATM_1718881_Santa_Maria_do_Tocantins_TO.pdf
1718899,Santa Rita do Tocantins,TO,TO/ATM_1718899_Santa_Rita_do_Tocantins_TO.pdf
1718907,Santa Rosa do Tocantins,TO,TO/ATM_1718907_Santa_Rosa_do_Tocantins_TO.pdf
1719004,Santa Tereza do Tocantins,TO,TO/ATM_1719004_Santa_Tereza_do_Tocantins_TO.pdf
1720002,Santa Terezinha do Tocantins,TO,TO/ATM_1720002_Santa_Terezinha_do_Tocantins_TO.pdf
1720655,Silvanópolis,TO,TO/ATM_1720655_Silvanopolis_TO.pdf
1720853,Sucupira,TO,TO/ATM_1720853_Sucupira_TO.pdf
1720101,São Bento do Tocantins,TO,TO/ATM_1720101_Sao_Bento_do_Tocantins_TO.pdf
1720150,São Félix do Tocantins,TO,TO/ATM_1720150_Sao_Felix_do_Tocantins_TO.pdf
1720200,São Miguel do Tocantins,TO,TO/ATM_1720200_Sao_Miguel_do_Tocantins_TO.pdf
1720259,São Salvador do Tocantins,TO,TO/ATM_1720259_Sao_Salvador_do_Tocantins_TO.pdf
1720309,São Sebastião do Tocantins,TO,TO/ATM_1720309_Sao_Sebastiao_do_Tocantins_TO.pdf
1720499,São Valério,TO,TO/ATM_1720499_Sao_Valerio_TO.pdf
1720804,Sítio Novo do Tocantins,TO,TO/ATM_1720804_Sitio_Novo_do_Tocantins_TO.pdf
1720903,Taguatinga,TO,TO/ATM_1720903_Taguatinga_TO.pdf
1720937,Taipas do Tocantins,TO,TO/ATM_1720937_Taipas_do_Tocantins_TO.pdf
1720978,Talismã,TO,TO/ATM_1720978_Talisma_TO.pdf
1721208,Tocantinópolis,TO,TO/ATM_1721208_Tocantinopolis_TO.pdf
1721109,Tocantínia,TO,TO/ATM_1721109_Tocantinia_TO.pdf
1721257,Tupirama,TO,TO/ATM_1721257_Tupirama_TO.pdf
1721307,Tupiratins,TO,TO/ATM_1721307_Tupiratins_TO.pdf
1722081,Wanderlândia,TO,TO/ATM_1722081_Wanderlandia_TO.pdf
1722107,Xambioá,TO,TO/ATM_1722107_Xambioa_TO.pdf
3200102,Afonso Cláudio,ES,ES/ATM_3200102_Afonso_Claudio_ES.pdf
3200201,Alegre,ES,ES/ATM_3200201_Alegre_ES.pdf
3200300,Alfredo Chaves,ES,ES/ATM_3200300_Alfredo_Chaves_ES.pdf
3200359,Alto Rio Novo,ES,ES/ATM_3200359_Alto_Rio_Novo_ES.pdf
3200409,Anchieta,ES,ES/ATM_3200409_Anchieta_ES.pdf
3200508,Apiacá,ES,ES/ATM_3200508_Apiaca_ES.pdf
3200607,Aracruz,ES,ES/ATM_3200607_Aracruz_ES.pdf
3200706,Atilio Vivacqua,ES,ES/ATM_3200706_Atilio_Vivacqua_ES.pdf
3200805,Baixo Guandu,ES,ES/ATM_3200805_Baixo_Guandu_ES.pdf
3200904,Barra de São Francisco,ES,ES/ATM_3200904_Barra_de_Sao_Francisco_ES.pdf
3201001,Boa Esperança,ES,ES/ATM_3201001_Boa_Esperanca_ES.pdf
3201100,Bom Jesus do Norte,ES,ES/ATM_3201100_Bom_Jesus_do_Norte_ES.pdf
3201159,Brejetuba,ES,ES/ATM_3201159_Brejetuba_ES.pdf
3201209,Cachoeiro de Itapemirim,ES,ES/ATM_3201209_Cachoeiro_de_Itapemirim_ES.pdf
3201308,Cariacica,ES,ES/ATM_3201308_Cariacica_ES.pdf
3201407,Castelo,ES,ES/ATM_3201407_Castelo_ES.pdf
3201506,Colatina,ES,ES/ATM_3201506_Colatina_ES.pdf
3201605,Conceição da Barra,ES,ES/ATM_3201605_Conceicao_da_Barra_ES.pdf
3201704,Conceição do Castelo,ES,ES/ATM_3201704_Conceicao_do_Castelo_ES.pdf
3201803,Divino de São Lourenço,ES,ES/ATM_3201803_Divino_de_Sao_Lourenco_ES.pdf
3201902,Domingos Martins,ES,ES/ATM_3201902_Domingos_Martins_ES.pdf
3202009,Dores do Rio Preto,ES,ES/ATM_3202009_Dores_do_Rio_Preto_ES.pdf
3202108,Ecoporanga,ES,ES/ATM_3202108_Ecoporanga_ES.pdf
3202207,Fundão,ES,ES/ATM_3202207_Fundao_ES.pdf
3202256,Governador Lindenberg,ES,ES/ATM_3202256_Governador_Lindenberg_ES.pdf
3202405,Guarapari,ES,ES/ATM_3202405_Guarapari_ES.pdf
3202306,Guaçuí,ES,ES/ATM_3202306_Guacui_ES.pdf
3202454,Ibatiba,ES,ES/ATM_3202454_Ibatiba_ES.pdf
3202504,Ibiraçu,ES,ES/ATM_3202504_Ibiracu_ES.pdf
3202553,Ibitirama,ES,ES/ATM_3202553_Ibitirama_ES.pdf
3202603,Iconha,ES,ES/ATM_3202603_Iconha_ES.pdf
3202652,Irupi,ES,ES/ATM_3202652_Irupi_ES.pdf
3202702,Itaguaçu,ES,ES/ATM_3202702_Itaguacu_ES.pdf
3202801,Itapemirim,ES,ES/ATM_3202801_Itapemirim_ES.pdf
3202900,Itarana,ES,ES/ATM_3202900_Itarana_ES.pdf
3203007,Iúna,ES,ES/ATM_3203007_Iuna_ES.pdf
3203056,Jaguaré,ES,ES/ATM_3203056_Jaguare_ES.pdf
3203106,Jerônimo Monteiro,ES,ES/ATM_3203106_Jeronimo_Monteiro_ES.pdf
3203130,João Neiva,ES,ES/ATM_3203130_Joao_Neiva_ES.pdf
3203163,Laranja da Terra,ES,ES/ATM_3203163_Laranja_da_Terra_ES.pdf
3203205,Linhares,ES,ES/ATM_3203205_Linhares_ES.pdf
3203304,Mantenópolis,ES,ES/ATM_3203304_Mantenopolis_ES.pdf
3203320,Marataízes,ES,ES/ATM_3203320_Marataizes_ES.pdf
3203346,Marechal Floriano,ES,ES/ATM_3203346_Marechal_Floriano_ES.pdf
3203353,Marilândia,ES,ES/ATM_3203353_Marilandia_ES.pdf
3203403,Mimoso do Sul,ES,ES/ATM_3203403_Mimoso_do_Sul_ES.pdf
3203502,Montanha,ES,ES/ATM_3203502_Montanha_ES.pdf
3203601,Mucurici,ES,ES/ATM_3203601_Mucurici_ES.pdf
3203700,Muniz Freire,ES,ES/ATM_3203700_Muniz_Freire_ES.pdf
3203809,Muqui,ES,ES/ATM_3203809_Muqui_ES.pdf
3203908,Nova Venécia,ES,ES/ATM_3203908_Nova_Venecia_ES.pdf
3204005,Pancas,ES,ES/ATM_3204005_Pancas_ES.pdf
3204054,Pedro Canário,ES,ES/ATM_3204054_Pedro_Canario_ES.pdf
3204104,Pinheiros,ES,ES/ATM_3204104_Pinheiros_ES.pdf
3204203,Piúma,ES,ES/ATM_3204203_Piuma_ES.pdf
3204252,Ponto Belo,ES,ES/ATM_3204252_Ponto_Belo_ES.pdf
3204302,Presidente Kennedy,ES,ES/ATM_3204302_Presidente_Kennedy_ES.pdf
3204351,Rio Bananal,ES,ES/ATM_3204351_Rio_Bananal_ES.pdf
3204401,Rio Novo do Sul,ES,ES/ATM_3204401_Rio_Novo_do_Sul_ES.pdf
3204500,Santa Leopoldina,ES,ES/ATM_3204500_Santa_Leopoldina_ES.pdf
3204559,Santa Maria de Jetibá,ES,ES/ATM_3204559_Santa_Maria_de_Jetiba_ES.pdf
3204609,Santa Teresa,ES,ES/ATM_3204609_Santa_Teresa_ES.pdf
3205002,Serra,ES,ES/ATM_3205002_Serra_ES.pdf
3205010,Sooretama,ES,ES/ATM_3205010_Sooretama_ES.pdf
3204658,São Domingos do Norte,ES,ES/ATM_3204658_Sao_Domingos_do_Norte_ES.pdf
3204708,São Gabriel da Palha,ES,ES/ATM_3204708_Sao_Gabriel_da_Palha_ES.pdf
3204807,São José do Calçado,ES,ES/ATM_3204807_Sao_Jose_do_Calcado_ES.pdf
3204906,São Mateus,ES,ES/ATM_3204906_Sao_Mateus_ES.pdf
3204955,São Roque do Canaã,ES,ES/ATM_3204955_Sao_Roque_do_Canaa_ES.pdf
3205036,Vargem Alta,ES,ES/ATM_3205036_Vargem_Alta_ES.pdf
3205069,Venda Nova do Imigrante,ES,ES/ATM_3205069_Venda_Nova_do_Imigrante_ES.pdf
3205101,Viana,ES,ES/ATM_3205101_Viana_ES.pdf
3205150,Vila Pavão,ES,ES/ATM_3205150_Vila_Pavao_ES.pdf
3205176,Vila Valério,ES,ES/ATM_3205176_Vila_Valerio_ES.pdf
3205200,Vila Velha,ES,ES/ATM_3205200_Vila_Velha_ES.pdf
3205309,Vitória,ES,ES/ATM_3205309_Vitoria_ES.pdf
3200169,Água Doce do Norte,ES,ES/ATM_3200169_Agua_Doce_do_Norte_ES.pdf
3200136,Águia Branca,ES,ES/ATM_3200136_Aguia_Branca_ES.pdf
3100104,Abadia dos Dourados,MG,MG/ATM_3100104_Abadia_dos_Dourados_MG.pdf
3100203,Abaeté,MG,MG/ATM_3100203_Abaete_MG.pdf
3100302,Abre Campo,MG,MG/ATM_3100302_Abre_Campo_MG.pdf
3100401,Acaiaca,MG,MG/ATM_3100401_Acaiaca_MG.pdf
3100807,Aguanil,MG,MG/ATM_3100807_Aguanil_MG.pdf
3101102,Aimorés,MG,MG/ATM_3101102_Aimores_MG.pdf
3101201,Aiuruoca,MG,MG/ATM_3101201_Aiuruoca_MG.pdf
3101300,Alagoa,MG,MG/ATM_3101300_Alagoa_MG.pdf
3101409,Albertina,MG,MG/ATM_3101409_Albertina_MG.pdf
3101607,Alfenas,MG,MG/ATM_3101607_Alfenas_MG.pdf
3101631,Alfredo Vasconcelos,MG,MG/ATM_3101631_Alfredo_Vasconcelos_MG.pdf
3101706,Almenara,MG,MG/ATM_3101706_Almenara_MG.pdf
3101805,Alpercata,MG,MG/ATM_3101805_Alpercata_MG.pdf
3101904,Alpinópolis,MG,MG/ATM_3101904_Alpinopolis_MG.pdf
3102001,Alterosa,MG,MG/ATM_3102001_Alterosa_MG.pdf
3102050,Alto Caparaó,MG,MG/ATM_3102050_Alto_Caparao_MG.pdf
3153509,Alto Jequitibá,MG,MG/ATM_3153509_Alto_Jequitiba_MG.pdf
3102100,Alto Rio Doce,MG,MG/ATM_3102100_Alto_Rio_Doce_MG.pdf
3102209,Alvarenga,MG,MG/ATM_3102209_Alvarenga_MG.pdf
3102308,Alvinópolis,MG,MG/ATM_3102308_Alvinopolis_MG.pdf
3102407,Alvorada de Minas,MG,MG/ATM_3102407_Alvorada_de_Minas_MG.pdf
3101508,Além Paraíba,MG,MG/ATM_3101508_Alem_Paraiba_MG.pdf
3102506,Amparo do Serra,MG,MG/ATM_3102506_Amparo_do_Serra_MG.pdf
3102605,Andradas,MG,MG/ATM_3102605_Andradas_MG.pdf
3102803,Andrelândia,MG,MG/ATM_3102803_Andrelandia_MG.pdf
3102852,Angelândia,MG,MG/ATM_3102852_Angelandia_MG.pdf
3102902,Antônio Carlos,MG,MG/ATM_3102902_Antonio_Carlos_MG.pdf
3103009,Antônio Dias,MG,MG/ATM_3103009_Antonio_Dias_MG.pdf
3103108,Antônio Prado de Minas,MG,MG/ATM_3103108_Antonio_Prado_de_Minas_MG.pdf
3103306,Aracitaba,MG,MG/ATM_3103306_Aracitaba_MG.pdf
3103504,Araguari,MG,MG/ATM_3103504_Araguari_MG.pdf
3103603,Arantina,MG,MG/ATM_3103603_Arantina_MG.pdf
3103702,Araponga,MG,MG/ATM_3103702_Araponga_MG.pdf
3103751,Araporã,MG,MG/ATM_3103751_Arapora_MG.pdf
3103801,Arapuá,MG,MG/ATM_3103801_Arapua_MG.pdf
3104007,Araxá,MG,MG/ATM_3104007_Araxa_MG.pdf
3103207,Araçaí,MG,MG/ATM_3103207_Aracai_MG.pdf
3103405,Araçuaí,MG,MG/ATM_3103405_Aracuai_MG.pdf
3103900,Araújos,MG,MG/ATM_3103900_Araujos_MG.pdf
3104106,Arceburgo,MG,MG/ATM_3104106_Arceburgo_MG.pdf
3104205,Arcos,MG,MG/ATM_3104205_Arcos_MG.pdf
3104304,Areado,MG,MG/ATM_3104304_Areado_MG.pdf
3104403,Argirita,MG,MG/ATM_3104403_Argirita_MG.pdf
3104452,Aricanduva,MG,MG/ATM_3104452_Aricanduva_MG.pdf
3104502,Arinos,MG,MG/ATM_3104502_Arinos_MG.pdf
3104601,Astolfo Dutra,MG,MG/ATM_3104601_Astolfo_Dutra_MG.pdf
3104700,Ataléia,MG,MG/ATM_3104700_Ataleia_MG.pdf
3104809,Augusto de Lima,MG,MG/ATM_3104809_Augusto_de_Lima_MG.pdf
3100500,Açucena,MG,MG/ATM_3100500_Acucena_MG.pdf
3104908,Baependi,MG,MG/ATM_3104908_Baependi_MG.pdf
3105004,Baldim,MG,MG/ATM_3105004_Baldim_MG.pdf
3105103,Bambuí,MG,MG/ATM_3105103_Bambui_MG.pdf
3105202,Bandeira,MG,MG/ATM_3105202_Bandeira_MG.pdf
3105301,Bandeira do Sul,MG,MG/ATM_3105301_Bandeira_do_Sul_MG.pdf
3105608,Barbacena,MG,MG/ATM_3105608_Barbacena_MG.pdf
3105707,Barra Longa,MG,MG/ATM_3105707_Barra_Longa_MG.pdf
3105905,Barroso,MG,MG/ATM_3105905_Barroso_MG.pdf
3105400,Barão de Cocais,MG,MG/ATM_3105400_Barao_de_Cocais_MG.pdf
3105509,Barão de Monte Alto,MG,MG/ATM_3105509_Barao_de_Monte_Alto_MG.pdf
3106002,Bela Vista de Minas,MG,MG/ATM_3106002_Bela_Vista_de_Minas_MG.pdf
3106101,Belmiro Braga,MG,MG/ATM_3106101_Belmiro_Braga_MG.pdf
3106200,Belo Horizonte,MG,MG/ATM_3106200_Belo_Horizonte_MG.pdf
3106309,Belo Oriente,MG,MG/ATM_3106309_Belo_Oriente_MG.pdf
3106408,Belo Vale,MG,MG/ATM_3106408_Belo_Vale_MG.pdf
3106507,Berilo,MG,MG/ATM_3106507_Berilo_MG.pdf
3106655,Berizal,MG,MG/ATM_3106655_Berizal_MG.pdf
3106606,Bertópolis,MG,MG/ATM_3106606_Bertopolis_MG.pdf
3106705,Betim,MG,MG/ATM_3106705_Betim_MG.pdf
3106804,Bias Fortes,MG,MG/ATM_3106804_Bias_Fortes_MG.pdf
3106903,Bicas,MG,MG/ATM_3106903_Bicas_MG.pdf
3107000,Biquinhas,MG,MG/ATM_3107000_Biquinhas_MG.pdf
3107109,Boa Esperança,MG,MG/ATM_3107109_Boa_Esperanca_MG.pdf
3107208,Bocaina de Minas,MG,MG/ATM_3107208_Bocaina_de_Minas_MG.pdf
3107307,Bocaiúva,MG,MG/ATM_3107307_Bocaiuva_MG.pdf
3107406,Bom Despacho,MG,MG/ATM_3107406_Bom_Despacho_MG.pdf
3107505,Bom Jardim de Minas,MG,MG/ATM_3107505_Bom_Jardim_de_Minas_MG.pdf
3107604,Bom Jesus da Penha,MG,MG/ATM_3107604_Bom_Jesus_da_Penha_MG.pdf
3107703,Bom Jesus do Amparo,MG,MG/ATM_3107703_Bom_Jesus_do_Amparo_MG.pdf
3107802,Bom Jesus do Galho,MG,MG/ATM_3107802_Bom_Jesus_do_Galho_MG.pdf
3107901,Bom Repouso,MG,MG/ATM_3107901_Bom_Repouso_MG.pdf
3108008,Bom Sucesso,MG,MG/ATM_3108008_Bom_Sucesso_MG.pdf
3108107,Bonfim,MG,MG/ATM_3108107_Bonfim_MG.pdf
3108206,Bonfinópolis de Minas,MG,MG/ATM_3108206_Bonfinopolis_de_Minas_MG.pdf
3108255,Bonito de Minas,MG,MG/ATM_3108255_Bonito_de_Minas_MG.pdf
3108305,Borda da Mata,MG,MG/ATM_3108305_Borda_da_Mata_MG.pdf
3108404,Botelhos,MG,MG/ATM_3108404_Botelhos_MG.pdf
3108503,Botumirim,MG,MG/ATM_3108503_Botumirim_MG.pdf
3108552,Brasilândia de Minas,MG,MG/ATM_3108552_Brasilandia_de_Minas_MG.pdf
3108602,Brasília de Minas,MG,MG/ATM_3108602_Brasilia_de_Minas_MG.pdf
3108909,Brazópolis,MG,MG/ATM_3108909_Brazopolis_MG.pdf
3108800,Braúnas,MG,MG/ATM_3108800_Braunas_MG.pdf
3109006,Brumadinho,MG,MG/ATM_3109006_Brumadinho_MG.pdf
3108701,Brás Pires,MG,MG/ATM_3108701_Bras_Pires_MG.pdf
3109105,Bueno Brandão,MG,MG/ATM_3109105_Bueno_Brandao_MG.pdf
3109204,Buenópolis,MG,MG/ATM_3109204_Buenopolis_MG.pdf
3109253,Bugre,MG,MG/ATM_3109253_Bugre_MG.pdf
3109303,Buritis,MG,MG/ATM_3109303_Buritis_MG.pdf
3109402,Buritizeiro,MG,MG/ATM_3109402_Buritizeiro_MG.pdf
3109451,Cabeceira Grande,MG,MG/ATM_3109451_Cabeceira_Grande_MG.pdf
3109501,Cabo Verde,MG,MG/ATM_3109501_Cabo_Verde_MG.pdf
3109808,Cachoeira Dourada,MG,MG/ATM_3109808_Cachoeira_Dourada_MG.pdf
3109600,Cachoeira da Prata,MG,MG/ATM_3109600_Cachoeira_da_Prata_MG.pdf
3109709,Cachoeira de Minas,MG,MG/ATM_3109709_Cachoeira_de_Minas_MG.pdf
3102704,Cachoeira de Pajeú,MG,MG/ATM_3102704_Cachoeira_de_Pajeu_MG.pdf
3109907,Caetanópolis,MG,MG/ATM_3109907_Caetanopolis_MG.pdf
3110004,Caeté,MG,MG/ATM_3110004_Caete_MG.pdf
3110103,Caiana,MG,MG/ATM_3110103_Caiana_MG.pdf
3110202,Cajuri,MG,MG/ATM_3110202_Cajuri_MG.pdf
3110301,Caldas,MG,MG/ATM_3110301_Caldas_MG.pdf
3110400,Camacho,MG,MG/ATM_3110400_Camacho_MG.pdf
3110509,Camanducaia,MG,MG/ATM_3110509_Camanducaia_MG.pdf
3110707,Cambuquira,MG,MG/ATM_3110707_Cambuquira_MG.pdf
3110608,Cambuí,MG,MG/ATM_3110608_Cambui_MG.pdf
3110905,Campanha,MG,MG/ATM_3110905_Campanha_MG.pdf
3110806,Campanário,MG,MG/ATM_3110806_Campanario_MG.pdf
3111002,Campestre,MG,MG/ATM_3111002_Campestre_MG.pdf
3111101,Campina Verde,MG,MG/ATM_3111101_Campina_Verde_MG.pdf
3111150,Campo Azul,MG,MG/ATM_3111150_Campo_Azul_MG.pdf
3111200,Campo Belo,MG,MG/ATM_3111200_Campo_Belo_MG.pdf
3111408,Campo Florido,MG,MG/ATM_3111408_Campo_Florido_MG.pdf
3111309,Campo do Meio,MG,MG/ATM_3111309_Campo_do_Meio_MG.pdf
3111507,Campos Altos,MG,MG/ATM_3111507_Campos_Altos_MG.pdf
3111606,Campos Gerais,MG,MG/ATM_3111606_Campos_Gerais_MG.pdf
3111903,Cana Verde,MG,MG/ATM_3111903_Cana_Verde_MG.pdf
3111705,Canaã,MG,MG/ATM_3111705_Canaa_MG.pdf
3112000,Candeias,MG,MG/ATM_3112000_Candeias_MG.pdf
3112059,Cantagalo,MG,MG/ATM_3112059_Cantagalo_MG.pdf
3111804,Canápolis,MG,MG/ATM_3111804_Canapolis_MG.pdf
3112109,Caparaó,MG,MG/ATM_3112109_Caparao_MG.pdf
3112208,Capela Nova,MG,MG/ATM_3112208_Capela_Nova_MG.pdf
3112307,Capelinha,MG,MG/ATM_3112307_Capelinha_MG.pdf
3112406,Capetinga,MG,MG/ATM_3112406_Capetinga_MG.pdf
3112505,Capim Branco,MG,MG/ATM_3112505_Capim_Branco_MG.pdf
3112604,Capinópolis,MG,MG/ATM_3112604_Capinopolis_MG.pdf
3112653,Capitão Andrade,MG,MG/ATM_3112653_Capitao_Andrade_MG.pdf
3112703,Capitão Enéas,MG,MG/ATM_3112703_Capitao_Eneas_MG.pdf
3112802,Capitólio,MG,MG/ATM_3112802_Capitolio_MG.pdf
3112901,Caputira,MG,MG/ATM_3112901_Caputira_MG.pdf
3113107,Caranaíba,MG,MG/ATM_3113107_Caranaiba_MG.pdf
3113206,Carandaí,MG,MG/ATM_3113206_Carandai_MG.pdf
3113305,Carangola,MG,MG/ATM_3113305_Carangola_MG.pdf
3113404,Caratinga,MG,MG/ATM_3113404_Caratinga_MG.pdf
3113008,Caraí,MG,MG/ATM_3113008_Carai_MG.pdf
3113503,Carbonita,MG,MG/ATM_3113503_Carbonita_MG.pdf
3113602,Careaçu,MG,MG/ATM_3113602_Careacu_MG.pdf
3113701,Carlos Chagas,MG,MG/ATM_3113701_Carlos_Chagas_MG.pdf
3113909,Carmo da Cachoeira,MG,MG/ATM_3113909_Carmo_da_Cachoeira_MG.pdf
3114006,Carmo da Mata,MG,MG/ATM_3114006_Carmo_da_Mata_MG.pdf
3114105,Carmo de Minas,MG,MG/ATM_3114105_Carmo_de_Minas_MG.pdf
3114204,Carmo do Cajuru,MG,MG/ATM_3114204_Carmo_do_Cajuru_MG.pdf
3114303,Carmo do Paranaíba,MG,MG/ATM_3114303_Carmo_do_Paranaiba_MG.pdf
3114402,Carmo do Rio Claro,MG,MG/ATM_3114402_Carmo_do_Rio_Claro_MG.pdf
3113800,Carmésia,MG,MG/ATM_3113800_Carmesia_MG.pdf
3114501,Carmópolis de Minas,MG,MG/ATM_3114501_Carmopolis_de_Minas_MG.pdf
3114550,Carneirinho,MG,MG/ATM_3114550_Carneirinho_MG.pdf
3114600,Carrancas,MG,MG/ATM_3114600_Carrancas_MG.pdf
3114808,Carvalhos,MG,MG/ATM_3114808_Carvalhos_MG.pdf
3114709,Carvalhópolis,MG,MG/ATM_3114709_Carvalhopolis_MG.pdf
3114907,Casa Grande,MG,MG/ATM_3114907_Casa_Grande_MG.pdf
3115003,Cascalho Rico,MG,MG/ATM_3115003_Cascalho_Rico_MG.pdf
3115300,Cataguases,MG,MG/ATM_3115300_Cataguases_MG.pdf
3115359,Catas Altas,MG,MG/ATM_3115359_Catas_Altas_MG.pdf
3115409,Catas Altas da Noruega,MG,MG/ATM_3115409_Catas_Altas_da_Noruega_MG.pdf
3115458,Catuji,MG,MG/ATM_3115458_Catuji_MG.pdf
3115474,Catuti,MG,MG/ATM_3115474_Catuti_MG.pdf
3115508,Caxambu,MG,MG/ATM_3115508_Caxambu_MG.pdf
3115607,Cedro do Abaeté,MG,MG/ATM_3115607_Cedro_do_Abaete_MG.pdf
3115706,Central de Minas,MG,MG/ATM_3115706_Central_de_Minas_MG.pdf
3115805,Centralina,MG,MG/ATM_3115805_Centralina_MG.pdf
3116001,Chalé,MG,MG/ATM_3116001_Chale_MG.pdf
3116159,Chapada Gaúcha,MG,MG/ATM_3116159_Chapada_Gaucha_MG.pdf
3116100,Chapada do Norte,MG,MG/ATM_3116100_Chapada_do_Norte_MG.pdf
3116209,Chiador,MG,MG/ATM_3116209_Chiador_MG.pdf
3115904,Chácara,MG,MG/ATM_3115904_Chacara_MG.pdf
3116308,Cipotânea,MG,MG/ATM_3116308_Cipotanea_MG.pdf
3116407,Claraval,MG,MG/ATM_3116407_Claraval_MG.pdf
3116506,Claro dos Poções,MG,MG/ATM_3116506_Claro_dos_Pocoes_MG.pdf
3116605,Cláudio,MG,MG/ATM_3116605_Claudio_MG.pdf
3116704,Coimbra,MG,MG/ATM_3116704_Coimbra_MG.pdf
3116803,Coluna,MG,MG/ATM_3116803_Coluna_MG.pdf
3116902,Comendador Gomes,MG,MG/ATM_3116902_Comendador_Gomes_MG.pdf
3117009,Comercinho,MG,MG/ATM_3117009_Comercinho_MG.pdf
3117108,Conceição da Aparecida,MG,MG/ATM_3117108_Conceicao_da_Aparecida_MG.pdf
3115201,Conceição da Barra de Minas,MG,MG/ATM_3115201_Conceicao_da_Barra_de_Minas_MG.pdf
3117306,Conceição das Alagoas,MG,MG/ATM_3117306_Conceicao_das_Alagoas_MG.pdf
3117207,Conceição das Pedras,MG,MG/ATM_3117207_Conceicao_das_Pedras_MG.pdf
3117405,Conceição de Ipanema,MG,MG/ATM_3117405_Conceicao_de_Ipanema_MG.pdf
3117504,Conceição do Mato Dentro,MG,MG/ATM_3117504_Conceicao_do_Mato_Dentro_MG.pdf
3117603,Conceição do Pará,MG,MG/ATM_3117603_Conceicao_do_Para_MG.pdf
3117702,Conceição do Rio Verde,MG,MG/ATM_3117702_Conceicao_do_Rio_Verde_MG.pdf
3117801,Conceição dos Ouros,MG,MG/ATM_3117801_Conceicao_dos_Ouros_MG.pdf
3117876,Confins,MG,MG/ATM_3117876_Confins_MG.pdf
3117900,Congonhal,MG,MG/ATM_3117900_Congonhal_MG.pdf
3118007,Congonhas,MG,MG/ATM_3118007_Congonhas_MG.pdf
3118106,Congonhas do Norte,MG,MG/ATM_3118106_Congonhas_do_Norte_MG.pdf
3118205,Conquista,MG,MG/ATM_3118205_Conquista_MG.pdf
3118304,Conselheiro Lafaiete,MG,MG/ATM_3118304_Conselheiro_Lafaiete_MG.pdf
3118403,Conselheiro Pena,MG,MG/ATM_3118403_Conselheiro_Pena_MG.pdf
3118502,Consolação,MG,MG/ATM_3118502_Consolacao_MG.pdf
3118601,Contagem,MG,MG/ATM_3118601_Contagem_MG.pdf
3118700,Coqueiral,MG,MG/ATM_3118700_Coqueiral_MG.pdf
3118809,Coração de Jesus,MG,MG/ATM_3118809_Coracao_de_Jesus_MG.pdf
3118908,Cordisburgo,MG,MG/ATM_3118908_Cordisburgo_MG.pdf
3119005,Cordislândia,MG,MG/ATM_3119005_Cordislandia_MG.pdf
3119104,Corinto,MG,MG/ATM_3119104_Corinto_MG.pdf
3119203,Coroaci,MG,MG/ATM_3119203_Coroaci_MG.pdf
3119302,Coromandel,MG,MG/ATM_3119302_Coromandel_MG.pdf
3119401,Coronel Fabriciano,MG,MG/ATM_3119401_Coronel_Fabriciano_MG.pdf
3119500,Coronel Murta,MG,MG/ATM_3119500_Coronel_Murta_MG.pdf
3119609,Coronel Pacheco,MG,MG/ATM_3119609_Coronel_Pacheco_MG.pdf
3119708,Coronel Xavier Chaves,MG,MG/ATM_3119708_Coronel_Xavier_Chaves_MG.pdf
3120102,Couto de Magalhães de Minas,MG,MG/ATM_3120102_Couto_de_Magalhaes_de_Minas_MG.pdf
3120201,Cristais,MG,MG/ATM_3120201_Cristais_MG.pdf
3120409,Cristiano Otoni,MG,MG/ATM_3120409_Cristiano_Otoni_MG.pdf
3120508,Cristina,MG,MG/ATM_3120508_Cristina_MG.pdf
3120300,Cristália,MG,MG/ATM_3120300_Cristalia_MG.pdf
3120151,Crisólita,MG,MG/ATM_3120151_Crisolita_MG.pdf
3120607,Crucilândia,MG,MG/ATM_3120607_Crucilandia_MG.pdf
3120706,Cruzeiro da Fortaleza,MG,MG/ATM_3120706_Cruzeiro_da_Fortaleza_MG.pdf
3120805,Cruzília,MG,MG/ATM_3120805_Cruzilia_MG.pdf
3120839,Cuparaque,MG,MG/ATM_3120839_Cuparaque_MG.pdf
3120870,Curral de Dentro,MG,MG/ATM_3120870_Curral_de_Dentro_MG.pdf
3120904,Curvelo,MG,MG/ATM_3120904_Curvelo_MG.pdf
3115102,Cássia,MG,MG/ATM_3115102_Cassia_MG.pdf
3119807,Córrego Danta,MG,MG/ATM_3119807_Corrego_Danta_MG.pdf
3119955,Córrego Fundo,MG,MG/ATM_3119955_Corrego_Fundo_MG.pdf
3120003,Córrego Novo,MG,MG/ATM_3120003_Corrego_Novo_MG.pdf
3119906,Córrego do Bom Jesus,MG,MG/ATM_3119906_Corrego_do_Bom_Jesus_MG.pdf
3117836,Cônego Marinho,MG,MG/ATM_3117836_Conego_Marinho_MG.pdf
3121001,Datas,MG,MG/ATM_3121001_Datas_MG.pdf
3121100,Delfim Moreira,MG,MG/ATM_3121100_Delfim_Moreira_MG.pdf
3121209,Delfinópolis,MG,MG/ATM_3121209_Delfinopolis_MG.pdf
3121258,Delta,MG,MG/ATM_3121258_Delta_MG.pdf
3121308,Descoberto,MG,MG/ATM_3121308_Descoberto_MG.pdf
3121407,Desterro de Entre Rios,MG,MG/ATM_3121407_Desterro_de_Entre_Rios_MG.pdf
3121506,Desterro do Melo,MG,MG/ATM_3121506_Desterro_do_Melo_MG.pdf
3121605,Diamantina,MG,MG/ATM_3121605_Diamantina_MG.pdf
3121704,Diogo de Vasconcelos,MG,MG/ATM_3121704_Diogo_de_Vasconcelos_MG.pdf
3121803,Dionísio,MG,MG/ATM_3121803_Dionisio_MG.pdf
3122009,Divino,MG,MG/ATM_3122009_Divino_MG.pdf
3122108,Divino das Laranjeiras,MG,MG/ATM_3122108_Divino_das_Laranjeiras_MG.pdf
3122207,Divinolândia de Minas,MG,MG/ATM_3122207_Divinolandia_de_Minas_MG.pdf
3121902,Divinésia,MG,MG/ATM_3121902_Divinesia_MG.pdf
3122306,Divinópolis,MG,MG/ATM_3122306_Divinopolis_MG.pdf
3122355,Divisa Alegre,MG,MG/ATM_3122355_Divisa_Alegre_MG.pdf
3122405,Divisa Nova,MG,MG/ATM_3122405_Divisa_Nova_MG.pdf
3122454,Divisópolis,MG,MG/ATM_3122454_Divisopolis_MG.pdf
3122470,Dom Bosco,MG,MG/ATM_3122470_Dom_Bosco_MG.pdf
3122504,Dom Cavati,MG,MG/ATM_3122504_Dom_Cavati_MG.pdf
3122603,Dom Joaquim,MG,MG/ATM_3122603_Dom_Joaquim_MG.pdf
3122702,Dom Silvério,MG,MG/ATM_3122702_Dom_Silverio_MG.pdf
3122801,Dom Viçoso,MG,MG/ATM_3122801_Dom_Vicoso_MG.pdf
3122900,Dona Eusébia,MG,MG/ATM_3122900_Dona_Eusebia_MG.pdf
3123007,Dores de Campos,MG,MG/ATM_3123007_Dores_de_Campos_MG.pdf
3123106,Dores de Guanhães,MG,MG/ATM_3123106_Dores_de_Guanhaes_MG.pdf
3123205,Dores do Indaiá,MG,MG/ATM_3123205_Dores_do_Indaia_MG.pdf
3123304,Dores do Turvo,MG,MG/ATM_3123304_Dores_do_Turvo_MG.pdf
3123403,Doresópolis,MG,MG/ATM_3123403_Doresopolis_MG.pdf
3123502,Douradoquara,MG,MG/ATM_3123502_Douradoquara_MG.pdf
3123528,Durandé,MG,MG/ATM_3123528_Durande_MG.pdf
3123601,Elói Mendes,MG,MG/ATM_3123601_Eloi_Mendes_MG.pdf
3123700,Engenheiro Caldas,MG,MG/ATM_3123700_Engenheiro_Caldas_MG.pdf
3123809,Engenheiro Navarro,MG,MG/ATM_3123809_Engenheiro_Navarro_MG.pdf
3123858,Entre Folhas,MG,MG/ATM_3123858_Entre_Folhas_MG.pdf
3123908,Entre Rios de Minas,MG,MG/ATM_3123908_Entre_Rios_de_Minas_MG.pdf
3124005,Ervália,MG,MG/ATM_3124005_Ervalia_MG.pdf
3124104,Esmeraldas,MG,MG/ATM_3124104_Esmeraldas_MG.pdf
3124203,Espera Feliz,MG,MG/ATM_3124203_Espera_Feliz_MG.pdf
3124302,Espinosa,MG,MG/ATM_3124302_Espinosa_MG.pdf
3124401,Espírito Santo do Dourado,MG,MG/ATM_3124401_Espirito_Santo_do_Dourado_MG.pdf
3124500,Estiva,MG,MG/ATM_3124500_Estiva_MG.pdf
3124609,Estrela Dalva,MG,MG/ATM_3124609_Estrela_Dalva_MG.pdf
3124708,Estrela do Indaiá,MG,MG/ATM_3124708_Estrela_do_Indaia_MG.pdf
3124807,Estrela do Sul,MG,MG/ATM_3124807_Estrela_do_Sul_MG.pdf
3124906,Eugenópolis,MG,MG/ATM_3124906_Eugenopolis_MG.pdf
3125002,Ewbank da Câmara,MG,MG/ATM_3125002_Ewbank_da_Camara_MG.pdf
3125101,Extrema,MG,MG/ATM_3125101_Extrema_MG.pdf
3125200,Fama,MG,MG/ATM_3125200_Fama_MG.pdf
3125309,Faria Lemos,MG,MG/ATM_3125309_Faria_Lemos_MG.pdf
3125606,Felisburgo,MG,MG/ATM_3125606_Felisburgo_MG.pdf
3125705,Felixlândia,MG,MG/ATM_3125705_Felixlandia_MG.pdf
3125408,Felício dos Santos,MG,MG/ATM_3125408_Felicio_dos_Santos_MG.pdf
3125804,Fernandes Tourinho,MG,MG/ATM_3125804_Fernandes_Tourinho_MG.pdf
3125903,Ferros,MG,MG/ATM_3125903_Ferros_MG.pdf
3125952,Fervedouro,MG,MG/ATM_3125952_Fervedouro_MG.pdf
3126000,Florestal,MG,MG/ATM_3126000_Florestal_MG.pdf
3126109,Formiga,MG,MG/ATM_3126109_Formiga_MG.pdf
3126208,Formoso,MG,MG/ATM_3126208_Formoso_MG.pdf
3126307,Fortaleza de Minas,MG,MG/ATM_3126307_Fortaleza_de_Minas_MG.pdf
3126406,Fortuna de Minas,MG,MG/ATM_3126406_Fortuna_de_Minas_MG.pdf
3126505,Francisco Badaró,MG,MG/ATM_3126505_Francisco_Badaro_MG.pdf
3126604,Francisco Dumont,MG,MG/ATM_3126604_Francisco_Dumont_MG.pdf
3126703,Francisco Sá,MG,MG/ATM_3126703_Francisco_Sa_MG.pdf
3126752,Franciscópolis,MG,MG/ATM_3126752_Franciscopolis_MG.pdf
3126802,Frei Gaspar,MG,MG/ATM_3126802_Frei_Gaspar_MG.pdf
3126901,Frei Inocêncio,MG,MG/ATM_3126901_Frei_Inocencio_MG.pdf
3126950,Frei Lagonegro,MG,MG/ATM_3126950_Frei_Lagonegro_MG.pdf
3127008,Fronteira,MG,MG/ATM_3127008_Fronteira_MG.pdf
3127057,Fronteira dos Vales,MG,MG/ATM_3127057_Fronteira_dos_Vales_MG.pdf
3127073,Fruta de Leite,MG,MG/ATM_3127073_Fruta_de_Leite_MG.pdf
3127107,Frutal,MG,MG/ATM_3127107_Frutal_MG.pdf
3127206,Funilândia,MG,MG/ATM_3127206_Funilandia_MG.pdf
3127305,Galiléia,MG,MG/ATM_3127305_Galileia_MG.pdf
3127339,Gameleiras,MG,MG/ATM_3127339_Gameleiras_MG.pdf
3127354,Glaucilândia,MG,MG/ATM_3127354_Glaucilandia_MG.pdf
3127370,Goiabeira,MG,MG/ATM_3127370_Goiabeira_MG.pdf
3127388,Goianá,MG,MG/ATM_3127388_Goiana_MG.pdf
3127503,Gonzaga,MG,MG/ATM_3127503_Gonzaga_MG.pdf
3127404,Gonçalves,MG,MG/ATM_3127404_Goncalves_MG.pdf
3127602,Gouveia,MG,MG/ATM_3127602_Gouveia_MG.pdf
3127701,Governador Valadares,MG,MG/ATM_3127701_Governador_Valadares_MG.pdf
3127909,Grupiara,MG,MG/ATM_3127909_Grupiara_MG.pdf
3127800,Grão Mogol,MG,MG/ATM_3127800_Grao_Mogol_MG.pdf
3128006,Guanhães,MG,MG/ATM_3128006_Guanhaes_MG.pdf
3128105,Guapé,MG,MG/ATM_3128105_Guape_MG.pdf
3128204,Guaraciaba,MG,MG/ATM_3128204_Guaraciaba_MG.pdf
3128253,Guaraciama,MG,MG/ATM_3128253_Guaraciama_MG.pdf
3128402,Guarani,MG,MG/ATM_3128402_Guarani_MG.pdf
3128303,Guaranésia,MG,MG/ATM_3128303_Guaranesia_MG.pdf
3128501,Guarará,MG,MG/ATM_3128501_Guarara_MG.pdf
3128600,Guarda-Mor,MG,MG/ATM_3128600_Guarda-Mor_MG.pdf
3128709,Guaxupé,MG,MG/ATM_3128709_Guaxupe_MG.pdf
3128808,Guidoval,MG,MG/ATM_3128808_Guidoval_MG.pdf
3128907,Guimarânia,MG,MG/ATM_3128907_Guimarania_MG.pdf
3129004,Guiricema,MG,MG/ATM_3129004_Guiricema_MG.pdf
3129103,Gurinhatã,MG,MG/ATM_3129103_Gurinhata_MG.pdf
3129202,Heliodora,MG,MG/ATM_3129202_Heliodora_MG.pdf
3129301,Iapu,MG,MG/ATM_3129301_Iapu_MG.pdf
3129400,Ibertioga,MG,MG/ATM_3129400_Ibertioga_MG.pdf
3129608,Ibiaí,MG,MG/ATM_3129608_Ibiai_MG.pdf
3129657,Ibiracatu,MG,MG/ATM_3129657_Ibiracatu_MG.pdf
3129707,Ibiraci,MG,MG/ATM_3129707_Ibiraci_MG.pdf
3129806,Ibirité,MG,MG/ATM_3129806_Ibirite_MG.pdf
3129905,Ibitiúra de Minas,MG,MG/ATM_3129905_Ibitiura_de_Minas_MG.pdf
3130002,Ibituruna,MG,MG/ATM_3130002_Ibituruna_MG.pdf
3129509,Ibiá,MG,MG/ATM_3129509_Ibia_MG.pdf
3130051,Icaraí de Minas,MG,MG/ATM_3130051_Icarai_de_Minas_MG.pdf
3130101,Igarapé,MG,MG/ATM_3130101_Igarape_MG.pdf
3130200,Igaratinga,MG,MG/ATM_3130200_Igaratinga_MG.pdf
3130309,Iguatama,MG,MG/ATM_3130309_Iguatama_MG.pdf
3130408,Ijaci,MG,MG/ATM_3130408_Ijaci_MG.pdf
3130507,Ilicínea,MG,MG/ATM_3130507_Ilicinea_MG.pdf
3130556,Imbé de Minas,MG,MG/ATM_3130556_Imbe_de_Minas_MG.pdf
3130606,Inconfidentes,MG,MG/ATM_3130606_Inconfidentes_MG.pdf
3130655,Indaiabira,MG,MG/ATM_3130655_Indaiabira_MG.pdf
3130705,Indianópolis,MG,MG/ATM_3130705_Indianopolis_MG.pdf
3130804,Ingaí,MG,MG/ATM_3130804_Ingai_MG.pdf
3130903,Inhapim,MG,MG/ATM_3130903_Inhapim_MG.pdf
3131000,Inhaúma,MG,MG/ATM_3131000_Inhauma_MG.pdf
3131109,Inimutaba,MG,MG/ATM_3131109_Inimutaba_MG.pdf
3131158,Ipaba,MG,MG/ATM_3131158_Ipaba_MG.pdf
3131208,Ipanema,MG,MG/ATM_3131208_Ipanema_MG.pdf
3131307,Ipatinga,MG,MG/ATM_3131307_Ipatinga_MG.pdf
3131406,Ipiaçu,MG,MG/ATM_3131406_Ipiacu_MG.pdf
3131505,Ipuiúna,MG,MG/ATM_3131505_Ipuiuna_MG.pdf
3131604,Iraí de Minas,MG,MG/ATM_3131604_Irai_de_Minas_MG.pdf
3131703,Itabira,MG,MG/ATM_3131703_Itabira_MG.pdf
3131802,Itabirinha,MG,MG/ATM_3131802_Itabirinha_MG.pdf
3131901,Itabirito,MG,MG/ATM_3131901_Itabirito_MG.pdf
3132008,Itacambira,MG,MG/ATM_3132008_Itacambira_MG.pdf
3132107,Itacarambi,MG,MG/ATM_3132107_Itacarambi_MG.pdf
3132206,Itaguara,MG,MG/ATM_3132206_Itaguara_MG.pdf
3132305,Itaipé,MG,MG/ATM_3132305_Itaipe_MG.pdf
3132404,Itajubá,MG,MG/ATM_3132404_Itajuba_MG.pdf
3132503,Itamarandiba,MG,MG/ATM_3132503_Itamarandiba_MG.pdf
3132602,Itamarati de Minas,MG,MG/ATM_3132602_Itamarati_de_Minas_MG.pdf
3132701,Itambacuri,MG,MG/ATM_3132701_Itambacuri_MG.pdf
3132800,Itambé do Mato Dentro,MG,MG/ATM_3132800_Itambe_do_Mato_Dentro_MG.pdf
3132909,Itamogi,MG,MG/ATM_3132909_Itamogi_MG.pdf
3133006,Itamonte,MG,MG/ATM_3133006_Itamonte_MG.pdf
3133105,Itanhandu,MG,MG/ATM_3133105_Itanhandu_MG.pdf
3133204,Itanhomi,MG,MG/ATM_3133204_Itanhomi_MG.pdf
3133303,Itaobim,MG,MG/ATM_3133303_Itaobim_MG.pdf
3133402,Itapagipe,MG,MG/ATM_3133402_Itapagipe_MG.pdf
3133501,Itapecerica,MG,MG/ATM_3133501_Itapecerica_MG.pdf
3133600,Itapeva,MG,MG/ATM_3133600_Itapeva_MG.pdf
3133709,Itatiaiuçu,MG,MG/ATM_3133709_Itatiaiucu_MG.pdf
3133907,Itaverava,MG,MG/ATM_3133907_Itaverava_MG.pdf
3133758,Itaú de Minas,MG,MG/ATM_3133758_Itau_de_Minas_MG.pdf
3133808,Itaúna,MG,MG/ATM_3133808_Itauna_MG.pdf
3134004,Itinga,MG,MG/ATM_3134004_Itinga_MG.pdf
3134103,Itueta,MG,MG/ATM_3134103_Itueta_MG.pdf
3134202,Ituiutaba,MG,MG/ATM_3134202_Ituiutaba_MG.pdf
3134301,Itumirim,MG,MG/ATM_3134301_Itumirim_MG.pdf
3134400,Iturama,MG,MG/ATM_3134400_Iturama_MG.pdf
3134509,Itutinga,MG,MG/ATM_3134509_Itutinga_MG.pdf
3134608,Jaboticatubas,MG,MG/ATM_3134608_Jaboticatubas_MG.pdf
3134707,Jacinto,MG,MG/ATM_3134707_Jacinto_MG.pdf
3134905,Jacutinga,MG,MG/ATM_3134905_Jacutinga_MG.pdf
3134806,Jacuí,MG,MG/ATM_3134806_Jacui_MG.pdf
3135001,Jaguaraçu,MG,MG/ATM_3135001_Jaguaracu_MG.pdf
3135076,Jampruca,MG,MG/ATM_3135076_Jampruca_MG.pdf
3135100,Janaúba,MG,MG/ATM_3135100_Janauba_MG.pdf
3135209,Januária,MG,MG/ATM_3135209_Januaria_MG.pdf
3135308,Japaraíba,MG,MG/ATM_3135308_Japaraiba_MG.pdf
3135357,Japonvar,MG,MG/ATM_3135357_Japonvar_MG.pdf
3135050,Jaíba,MG,MG/ATM_3135050_Jaiba_MG.pdf
3135407,Jeceaba,MG,MG/ATM_3135407_Jeceaba_MG.pdf
3135456,Jenipapo de Minas,MG,MG/ATM_3135456_Jenipapo_de_Minas_MG.pdf
3135506,Jequeri,MG,MG/ATM_3135506_Jequeri_MG.pdf
3135605,Jequitaí,MG,MG/ATM_3135605_Jequitai_MG.pdf
3135704,Jequitibá,MG,MG/ATM_3135704_Jequitiba_MG.pdf
3135803,Jequitinhonha,MG,MG/ATM_3135803_Jequitinhonha_MG.pdf
3135902,Jesuânia,MG,MG/ATM_3135902_Jesuania_MG.pdf
3136108,Joanésia,MG,MG/ATM_3136108_Joanesia_MG.pdf
3136405,Joaquim Felício,MG,MG/ATM_3136405_Joaquim_Felicio_MG.pdf
3136009,Joaíma,MG,MG/ATM_3136009_Joaima_MG.pdf
3136504,Jordânia,MG,MG/ATM_3136504_Jordania_MG.pdf
3136579,Josenópolis,MG,MG/ATM_3136579_Josenopolis_MG.pdf
3136520,José Gonçalves de Minas,MG,MG/ATM_3136520_Jose_Goncalves_de_Minas_MG.pdf
3136553,José Raydan,MG,MG/ATM_3136553_Jose_Raydan_MG.pdf
3136207,João Monlevade,MG,MG/ATM_3136207_Joao_Monlevade_MG.pdf
3136306,João Pinheiro,MG,MG/ATM_3136306_Joao_Pinheiro_MG.pdf
3136652,Juatuba,MG,MG/ATM_3136652_Juatuba_MG.pdf
3136702,Juiz de Fora,MG,MG/ATM_3136702_Juiz_de_Fora_MG.pdf
3136801,Juramento,MG,MG/ATM_3136801_Juramento_MG.pdf
3136900,Juruaia,MG,MG/ATM_3136900_Juruaia_MG.pdf
3136959,Juvenília,MG,MG/ATM_3136959_Juvenilia_MG.pdf
3137007,Ladainha,MG,MG/ATM_3137007_Ladainha_MG.pdf
3137106,Lagamar,MG,MG/ATM_3137106_Lagamar_MG.pdf
3137403,Lagoa Dourada,MG,MG/ATM_3137403_Lagoa_Dourada_MG.pdf
3137502,Lagoa Formosa,MG,MG/ATM_3137502_Lagoa_Formosa_MG.pdf
3137536,Lagoa Grande,MG,MG/ATM_3137536_Lagoa_Grande_MG.pdf
3137601,Lagoa Santa,MG,MG/ATM_3137601_Lagoa_Santa_MG.pdf
3137205,Lagoa da Prata,MG,MG/ATM_3137205_Lagoa_da_Prata_MG.pdf
3137304,Lagoa dos Patos,MG,MG/ATM_3137304_Lagoa_dos_Patos_MG.pdf
3137700,Lajinha,MG,MG/ATM_3137700_Lajinha_MG.pdf
3137809,Lambari,MG,MG/ATM_3137809_Lambari_MG.pdf
3137908,Lamim,MG,MG/ATM_3137908_Lamim_MG.pdf
3138005,Laranjal,MG,MG/ATM_3138005_Laranjal_MG.pdf
3138104,Lassance,MG,MG/ATM_3138104_Lassance_MG.pdf
3138203,Lavras,MG,MG/ATM_3138203_Lavras_MG.pdf
3138302,Leandro Ferreira,MG,MG/ATM_3138302_Leandro_Ferreira_MG.pdf
3138351,Leme do Prado,MG,MG/ATM_3138351_Leme_do_Prado_MG.pdf
3138401,Leopoldina,MG,MG/ATM_3138401_Leopoldina_MG.pdf
3138500,Liberdade,MG,MG/ATM_3138500_Liberdade_MG.pdf
3138609,Lima Duarte,MG,MG/ATM_3138609_Lima_Duarte_MG.pdf
3138625,Limeira do Oeste,MG,MG/ATM_3138625_Limeira_do_Oeste_MG.pdf
3138658,Lontra,MG,MG/ATM_3138658_Lontra_MG.pdf
3138674,Luisburgo,MG,MG/ATM_3138674_Luisburgo_MG.pdf
3138682,Luislândia,MG,MG/ATM_3138682_Luislandia_MG.pdf
3138708,Luminárias,MG,MG/ATM_3138708_Luminarias_MG.pdf
3138807,Luz,MG,MG/ATM_3138807_Luz_MG.pdf
3138906,Machacalis,MG,MG/ATM_3138906_Machacalis_MG.pdf
3139003,Machado,MG,MG/ATM_3139003_Machado_MG.pdf
3139102,Madre de Deus de Minas,MG,MG/ATM_3139102_Madre_de_Deus_de_Minas_MG.pdf
3139201,Malacacheta,MG,MG/ATM_3139201_Malacacheta_MG.pdf
3139250,Mamonas,MG,MG/ATM_3139250_Mamonas_MG.pdf
3139300,Manga,MG,MG/ATM_3139300_Manga_MG.pdf
3139409,Manhuaçu,MG,MG/ATM_3139409_Manhuacu_MG.pdf
3139508,Manhumirim,MG,MG/ATM_3139508_Manhumirim_MG.pdf
3139607,Mantena,MG,MG/ATM_3139607_Mantena_MG.pdf
3139805,Mar de Espanha,MG,MG/ATM_3139805_Mar_de_Espanha_MG.pdf
3139706,Maravilhas,MG,MG/ATM_3139706_Maravilhas_MG.pdf
3139904,Maria da Fé,MG,MG/ATM_3139904_Maria_da_Fe_MG.pdf
3140001,Mariana,MG,MG/ATM_3140001_Mariana_MG.pdf
3140100,Marilac,MG,MG/ATM_3140100_Marilac_MG.pdf
3140209,Maripá de Minas,MG,MG/ATM_3140209_Maripa_de_Minas_MG.pdf
3140308,Marliéria,MG,MG/ATM_3140308_Marlieria_MG.pdf
3140407,Marmelópolis,MG,MG/ATM_3140407_Marmelopolis_MG.pdf
3140506,Martinho Campos,MG,MG/ATM_3140506_Martinho_Campos_MG.pdf
3140530,Martins Soares,MG,MG/ATM_3140530_Martins_Soares_MG.pdf
3140555,Mata Verde,MG,MG/ATM_3140555_Mata_Verde_MG.pdf
3140605,Materlândia,MG,MG/ATM_3140605_Materlandia_MG.pdf
3140704,Mateus Leme,MG,MG/ATM_3140704_Mateus_Leme_MG.pdf
3171501,Mathias Lobato,MG,MG/ATM_3171501_Mathias_Lobato_MG.pdf
3140803,Matias Barbosa,MG,MG/ATM_3140803_Matias_Barbosa_MG.pdf
3140852,Matias Cardoso,MG,MG/ATM_3140852_Matias_Cardoso_MG.pdf
3140902,Matipó,MG,MG/ATM_3140902_Matipo_MG.pdf
3141009,Mato Verde,MG,MG/ATM_3141009_Mato_Verde_MG.pdf
3141108,Matozinhos,MG,MG/ATM_3141108_Matozinhos_MG.pdf
3141207,Matutina,MG,MG/ATM_3141207_Matutina_MG.pdf
3141306,Medeiros,MG,MG/ATM_3141306_Medeiros_MG.pdf
3141405,Medina,MG,MG/ATM_3141405_Medina_MG.pdf
3141504,Mendes Pimentel,MG,MG/ATM_3141504_Mendes_Pimentel_MG.pdf
3141603,Mercês,MG,MG/ATM_3141603_Merces_MG.pdf
3141702,Mesquita,MG,MG/ATM_3141702_Mesquita_MG.pdf
3141801,Minas Novas,MG,MG/ATM_3141801_Minas_Novas_MG.pdf
3141900,Minduri,MG,MG/ATM_3141900_Minduri_MG.pdf
3142007,Mirabela,MG,MG/ATM_3142007_Mirabela_MG.pdf
3142106,Miradouro,MG,MG/ATM_3142106_Miradouro_MG.pdf
3142254,Miravânia,MG,MG/ATM_3142254_Miravania_MG.pdf
3142205,Miraí,MG,MG/ATM_3142205_Mirai_MG.pdf
3142304,Moeda,MG,MG/ATM_3142304_Moeda_MG.pdf
3142403,Moema,MG,MG/ATM_3142403_Moema_MG.pdf
3142502,Monjolos,MG,MG/ATM_3142502_Monjolos_MG.pdf
3142601,Monsenhor Paulo,MG,MG/ATM_3142601_Monsenhor_Paulo_MG.pdf
3142700,Montalvânia,MG,MG/ATM_3142700_Montalvania_MG.pdf
3142809,Monte Alegre de Minas,MG,MG/ATM_3142809_Monte_Alegre_de_Minas_MG.pdf
3142908,Monte Azul,MG,MG/ATM_3142908_Monte_Azul_MG.pdf
3143005,Monte Belo,MG,MG/ATM_3143005_Monte_Belo_MG.pdf
3143104,Monte Carmelo,MG,MG/ATM_3143104_Monte_Carmelo_MG.pdf
3143153,Monte Formoso,MG,MG/ATM_3143153_Monte_Formoso_MG.pdf
3143203,Monte Santo de Minas,MG,MG/ATM_3143203_Monte_Santo_de_Minas_MG.pdf
3143401,Monte Sião,MG,MG/ATM_3143401_Monte_Siao_MG.pdf
3143302,Montes Claros,MG,MG/ATM_3143302_Montes_Claros_MG.pdf
3143450,Montezuma,MG,MG/ATM_3143450_Montezuma_MG.pdf
3143500,Morada Nova de Minas,MG,MG/ATM_3143500_Morada_Nova_de_Minas_MG.pdf
3143609,Morro da Garça,MG,MG/ATM_3143609_Morro_da_Garca_MG.pdf
3143708,Morro do Pilar,MG,MG/ATM_3143708_Morro_do_Pilar_MG.pdf
3143807,Munhoz,MG,MG/ATM_3143807_Munhoz_MG.pdf
3143906,Muriaé,MG,MG/ATM_3143906_Muriae_MG.pdf
3144003,Mutum,MG,MG/ATM_3144003_Mutum_MG.pdf
3144102,Muzambinho,MG,MG/ATM_3144102_Muzambinho_MG.pdf
3140159,Mário Campos,MG,MG/ATM_3140159_Mario_Campos_MG.pdf
3144201,Nacip Raydan,MG,MG/ATM_3144201_Nacip_Raydan_MG.pdf
3144300,Nanuque,MG,MG/ATM_3144300_Nanuque_MG.pdf
3144359,Naque,MG,MG/ATM_3144359_Naque_MG.pdf
3144375,Natalândia,MG,MG/ATM_3144375_Natalandia_MG.pdf
3144409,Natércia,MG,MG/ATM_3144409_Natercia_MG.pdf
3144508,Nazareno,MG,MG/ATM_3144508_Nazareno_MG.pdf
3144607,Nepomuceno,MG,MG/ATM_3144607_Nepomuceno_MG.pdf
3144656,Ninheira,MG,MG/ATM_3144656_Ninheira_MG.pdf
3144672,Nova Belém,MG,MG/ATM_3144672_Nova_Belem_MG.pdf
3144706,Nova Era,MG,MG/ATM_3144706_Nova_Era_MG.pdf
3144805,Nova Lima,MG,MG/ATM_3144805_Nova_Lima_MG.pdf
3144904,Nova Módica,MG,MG/ATM_3144904_Nova_Modica_MG.pdf
3145000,Nova Ponte,MG,MG/ATM_3145000_Nova_Ponte_MG.pdf
3145059,Nova Porteirinha,MG,MG/ATM_3145059_Nova_Porteirinha_MG.pdf
3145109,Nova Resende,MG,MG/ATM_3145109_Nova_Resende_MG.pdf
3145208,Nova Serrana,MG,MG/ATM_3145208_Nova_Serrana_MG.pdf
3136603,Nova União,MG,MG/ATM_3136603_Nova_Uniao_MG.pdf
3145307,Novo Cruzeiro,MG,MG/ATM_3145307_Novo_Cruzeiro_MG.pdf
3145356,Novo Oriente de Minas,MG,MG/ATM_3145356_Novo_Oriente_de_Minas_MG.pdf
3145372,Novorizonte,MG,MG/ATM_3145372_Novorizonte_MG.pdf
3145406,Olaria,MG,MG/ATM_3145406_Olaria_MG.pdf
3145455,Olhos-d'Água,MG,MG/ATM_3145455_Olhos-d_Agua_MG.pdf
3145604,Oliveira,MG,MG/ATM_3145604_Oliveira_MG.pdf
3145703,Oliveira Fortes,MG,MG/ATM_3145703_Oliveira_Fortes_MG.pdf
3145505,Olímpio Noronha,MG,MG/ATM_3145505_Olimpio_Noronha_MG.pdf
3145802,Onça de Pitangui,MG,MG/ATM_3145802_Onca_de_Pitangui_MG.pdf
3145851,Oratórios,MG,MG/ATM_3145851_Oratorios_MG.pdf
3145877,Orizânia,MG,MG/ATM_3145877_Orizania_MG.pdf
3145901,Ouro Branco,MG,MG/ATM_3145901_Ouro_Branco_MG.pdf
3146008,Ouro Fino,MG,MG/ATM_3146008_Ouro_Fino_MG.pdf
3146107,Ouro Preto,MG,MG/ATM_3146107_Ouro_Preto_MG.pdf
3146206,Ouro Verde de Minas,MG,MG/ATM_3146206_Ouro_Verde_de_Minas_MG.pdf
3146255,Padre Carvalho,MG,MG/ATM_3146255_Padre_Carvalho_MG.pdf
3146305,Padre Paraíso,MG,MG/ATM_3146305_Padre_Paraiso_MG.pdf
3146552,Pai Pedro,MG,MG/ATM_3146552_Pai_Pedro_MG.pdf
3146404,Paineiras,MG,MG/ATM_3146404_Paineiras_MG.pdf
3146503,Pains,MG,MG/ATM_3146503_Pains_MG.pdf
3146602,Paiva,MG,MG/ATM_3146602_Paiva_MG.pdf
3146701,Palma,MG,MG/ATM_3146701_Palma_MG.pdf
3146750,Palmópolis,MG,MG/ATM_3146750_Palmopolis_MG.pdf
3146909,Papagaios,MG,MG/ATM_3146909_Papagaios_MG.pdf
3147006,Paracatu,MG,MG/ATM_3147006_Paracatu_MG.pdf
3147204,Paraguaçu,MG,MG/ATM_3147204_Paraguacu_MG.pdf
3147303,Paraisópolis,MG,MG/ATM_3147303_Paraisopolis_MG.pdf
3147402,Paraopeba,MG,MG/ATM_3147402_Paraopeba_MG.pdf
3147105,Pará de Minas,MG,MG/ATM_3147105_Para_de_Minas_MG.pdf
3147600,Passa Quatro,MG,MG/ATM_3147600_Passa_Quatro_MG.pdf
3147709,Passa Tempo,MG,MG/ATM_3147709_Passa_Tempo_MG.pdf
3147808,Passa-Vinte,MG,MG/ATM_3147808_Passa-Vinte_MG.pdf
3147501,Passabém,MG,MG/ATM_3147501_Passabem_MG.pdf
3147907,Passos,MG,MG/ATM_3147907_Passos_MG.pdf
3147956,Patis,MG,MG/ATM_3147956_Patis_MG.pdf
3148004,Patos de Minas,MG,MG/ATM_3148004_Patos_de_Minas_MG.pdf
3148103,Patrocínio,MG,MG/ATM_3148103_Patrocinio_MG.pdf
3148202,Patrocínio do Muriaé,MG,MG/ATM_3148202_Patrocinio_do_Muriae_MG.pdf
3148301,Paula Cândido,MG,MG/ATM_3148301_Paula_Candido_MG.pdf
3148400,Paulistas,MG,MG/ATM_3148400_Paulistas_MG.pdf
3148509,Pavão,MG,MG/ATM_3148509_Pavao_MG.pdf
3148707,Pedra Azul,MG,MG/ATM_3148707_Pedra_Azul_MG.pdf
3148756,Pedra Bonita,MG,MG/ATM_3148756_Pedra_Bonita_MG.pdf
3149002,Pedra Dourada,MG,MG/ATM_3149002_Pedra_Dourada_MG.pdf
3148806,Pedra do Anta,MG,MG/ATM_3148806_Pedra_do_Anta_MG.pdf
3148905,Pedra do Indaiá,MG,MG/ATM_3148905_Pedra_do_Indaia_MG.pdf
3149101,Pedralva,MG,MG/ATM_3149101_Pedralva_MG.pdf
3149150,Pedras de Maria da Cruz,MG,MG/ATM_3149150_Pedras_de_Maria_da_Cruz_MG.pdf
3149200,Pedrinópolis,MG,MG/ATM_3149200_Pedrinopolis_MG.pdf
3149309,Pedro Leopoldo,MG,MG/ATM_3149309_Pedro_Leopoldo_MG.pdf
3149408,Pedro Teixeira,MG,MG/ATM_3149408_Pedro_Teixeira_MG.pdf
3149507,Pequeri,MG,MG/ATM_3149507_Pequeri_MG.pdf
3149606,Pequi,MG,MG/ATM_3149606_Pequi_MG.pdf
3149705,Perdigão,MG,MG/ATM_3149705_Perdigao_MG.pdf
3149804,Perdizes,MG,MG/ATM_3149804_Perdizes_MG.pdf
3149903,Perdões,MG,MG/ATM_3149903_Perdoes_MG.pdf
3149952,Periquito,MG,MG/ATM_3149952_Periquito_MG.pdf
3150000,Pescador,MG,MG/ATM_3150000_Pescador_MG.pdf
3148608,Peçanha,MG,MG/ATM_3148608_Pecanha_MG.pdf
3150109,Piau,MG,MG/ATM_3150109_Piau_MG.pdf
3150158,Piedade de Caratinga,MG,MG/ATM_3150158_Piedade_de_Caratinga_MG.pdf
3150208,Piedade de Ponte Nova,MG,MG/ATM_3150208_Piedade_de_Ponte_Nova_MG.pdf
3150307,Piedade do Rio Grande,MG,MG/ATM_3150307_Piedade_do_Rio_Grande_MG.pdf
3150406,Piedade dos Gerais,MG,MG/ATM_3150406_Piedade_dos_Gerais_MG.pdf
3150505,Pimenta,MG,MG/ATM_3150505_Pimenta_MG.pdf
3150539,Pingo-d'Água,MG,MG/ATM_3150539_Pingo-d_Agua_MG.pdf
3150570,Pintópolis,MG,MG/ATM_3150570_Pintopolis_MG.pdf
3150604,Piracema,MG,MG/ATM_3150604_Piracema_MG.pdf
3150703,Pirajuba,MG,MG/ATM_3150703_Pirajuba_MG.pdf
3150802,Piranga,MG,MG/ATM_3150802_Piranga_MG.pdf
3151008,Piranguinho,MG,MG/ATM_3151008_Piranguinho_MG.pdf
3150901,Piranguçu,MG,MG/ATM_3150901_Pirangucu_MG.pdf
3151107,Pirapetinga,MG,MG/ATM_3151107_Pirapetinga_MG.pdf
3151206,Pirapora,MG,MG/ATM_3151206_Pirapora_MG.pdf
3151305,Piraúba,MG,MG/ATM_3151305_Pirauba_MG.pdf
3151404,Pitangui,MG,MG/ATM_3151404_Pitangui_MG.pdf
3151503,Piumhi,MG,MG/ATM_3151503_Piumhi_MG.pdf
3151602,Planura,MG,MG/ATM_3151602_Planura_MG.pdf
3151909,Pocrane,MG,MG/ATM_3151909_Pocrane_MG.pdf
3152006,Pompéu,MG,MG/ATM_3152006_Pompeu_MG.pdf
3152105,Ponte Nova,MG,MG/ATM_3152105_Ponte_Nova_MG.pdf
3152131,Ponto Chique,MG,MG/ATM_3152131_Ponto_Chique_MG.pdf
3152170,Ponto dos Volantes,MG,MG/ATM_3152170_Ponto_dos_Volantes_MG.pdf
3152204,Porteirinha,MG,MG/ATM_3152204_Porteirinha_MG.pdf
3152303,Porto Firme,MG,MG/ATM_3152303_Porto_Firme_MG.pdf
3152402,Poté,MG,MG/ATM_3152402_Pote_MG.pdf
3152501,Pouso Alegre,MG,MG/ATM_3152501_Pouso_Alegre_MG.pdf
3152600,Pouso Alto,MG,MG/ATM_3152600_Pouso_Alto_MG.pdf
3151701,Poço Fundo,MG,MG/ATM_3151701_Poco_Fundo_MG.pdf
3151800,Poços de Caldas,MG,MG/ATM_3151800_Pocos_de_Caldas_MG.pdf
3152709,Prados,MG,MG/ATM_3152709_Prados_MG.pdf
3152808,Prata,MG,MG/ATM_3152808_Prata_MG.pdf
3153004,Pratinha,MG,MG/ATM_3153004_Pratinha_MG.pdf
3152907,Pratápolis,MG,MG/ATM_3152907_Pratapolis_MG.pdf
3153103,Presidente Bernardes,MG,MG/ATM_3153103_Presidente_Bernardes_MG.pdf
3153202,Presidente Juscelino,MG,MG/ATM_3153202_Presidente_Juscelino_MG.pdf
3153301,Presidente Kubitschek,MG,MG/ATM_3153301_Presidente_Kubitschek_MG.pdf
3153400,Presidente Olegário,MG,MG/ATM_3153400_Presidente_Olegario_MG.pdf
3153608,Prudente de Morais,MG,MG/ATM_3153608_Prudente_de_Morais_MG.pdf
3153707,Quartel Geral,MG,MG/ATM_3153707_Quartel_Geral_MG.pdf
3153806,Queluzito,MG,MG/ATM_3153806_Queluzito_MG.pdf
3153905,Raposos,MG,MG/ATM_3153905_Raposos_MG.pdf
3154002,Raul Soares,MG,MG/ATM_3154002_Raul_Soares_MG.pdf
3154101,Recreio,MG,MG/ATM_3154101_Recreio_MG.pdf
3154150,Reduto,MG,MG/ATM_3154150_Reduto_MG.pdf
3154200,Resende Costa,MG,MG/ATM_3154200_Resende_Costa_MG.pdf
3154309,Resplendor,MG,MG/ATM_3154309_Resplendor_MG.pdf
3154408,Ressaquinha,MG,MG/ATM_3154408_Ressaquinha_MG.pdf
3154457,Riachinho,MG,MG/ATM_3154457_Riachinho_MG.pdf
3154507,Riacho dos Machados,MG,MG/ATM_3154507_Riacho_dos_Machados_MG.pdf
3154705,Ribeirão Vermelho,MG,MG/ATM_3154705_Ribeirao_Vermelho_MG.pdf
3154606,Ribeirão das Neves,MG,MG/ATM_3154606_Ribeirao_das_Neves_MG.pdf
3154804,Rio Acima,MG,MG/ATM_3154804_Rio_Acima_MG.pdf
3154903,Rio Casca,MG,MG/ATM_3154903_Rio_Casca_MG.pdf
3155009,Rio Doce,MG,MG/ATM_3155009_Rio_Doce_MG.pdf
3155207,Rio Espera,MG,MG/ATM_3155207_Rio_Espera_MG.pdf
3155306,Rio Manso,MG,MG/ATM_3155306_Rio_Manso_MG.pdf
3155405,Rio Novo,MG,MG/ATM_3155405_Rio_Novo_MG.pdf
3155504,Rio Paranaíba,MG,MG/ATM_3155504_Rio_Paranaiba_MG.pdf
3155603,Rio Pardo de Minas,MG,MG/ATM_3155603_Rio_Pardo_de_Minas_MG.pdf
3155702,Rio Piracicaba,MG,MG/ATM_3155702_Rio_Piracicaba_MG.pdf
3155801,Rio Pomba,MG,MG/ATM_3155801_Rio_Pomba_MG.pdf
3155900,Rio Preto,MG,MG/ATM_3155900_Rio_Preto_MG.pdf
3156007,Rio Vermelho,MG,MG/ATM_3156007_Rio_Vermelho_MG.pdf
3155108,Rio do Prado,MG,MG/ATM_3155108_Rio_do_Prado_MG.pdf
3156106,Ritápolis,MG,MG/ATM_3156106_Ritapolis_MG.pdf
3156205,Rochedo de Minas,MG,MG/ATM_3156205_Rochedo_de_Minas_MG.pdf
3156304,Rodeiro,MG,MG/ATM_3156304_Rodeiro_MG.pdf
3156403,Romaria,MG,MG/ATM_3156403_Romaria_MG.pdf
3156452,Rosário da Limeira,MG,MG/ATM_3156452_Rosario_da_Limeira_MG.pdf
3156502,Rubelita,MG,MG/ATM_3156502_Rubelita_MG.pdf
3156601,Rubim,MG,MG/ATM_3156601_Rubim_MG.pdf
3156700,Sabará,MG,MG/ATM_3156700_Sabara_MG.pdf
3156809,Sabinópolis,MG,MG/ATM_3156809_Sabinopolis_MG.pdf
3156908,Sacramento,MG,MG/ATM_3156908_Sacramento_MG.pdf
3157005,Salinas,MG,MG/ATM_3157005_Salinas_MG.pdf
3157104,Salto da Divisa,MG,MG/ATM_3157104_Salto_da_Divisa_MG.pdf
3157203,Santa Bárbara,MG,MG/ATM_3157203_Santa_Barbara_MG.pdf
3157252,Santa Bárbara do Leste,MG,MG/ATM_3157252_Santa_Barbara_do_Leste_MG.pdf
3157278,Santa Bárbara do Monte Verde,MG,MG/ATM_3157278_Santa_Barbara_do_Monte_Verde_MG.pdf
3157302,Santa Bárbara do Tugúrio,MG,MG/ATM_3157302_Santa_Barbara_do_Tugurio_MG.pdf
3157336,Santa Cruz de Minas,MG,MG/ATM_3157336_Santa_Cruz_de_Minas_MG.pdf
3157377,Santa Cruz de Salinas,MG,MG/ATM_3157377_Santa_Cruz_de_Salinas_MG.pdf
3157401,Santa Cruz do Escalvado,MG,MG/ATM_3157401_Santa_Cruz_do_Escalvado_MG.pdf
3157500,Santa Efigênia de Minas,MG,MG/ATM_3157500_Santa_Efigenia_de_Minas_MG.pdf
3157609,Santa Fé de Minas,MG,MG/ATM_3157609_Santa_Fe_de_Minas_MG.pdf
3157658,Santa Helena de Minas,MG,MG/ATM_3157658_Santa_Helena_de_Minas_MG.pdf
3157708,Santa Juliana,MG,MG/ATM_3157708_Santa_Juliana_MG.pdf
3157807,Santa Luzia,MG,MG/ATM_3157807_Santa_Luzia_MG.pdf
3157906,Santa Margarida,MG,MG/ATM_3157906_Santa_Margarida_MG.pdf
3158003,Santa Maria de Itabira,MG,MG/ATM_3158003_Santa_Maria_de_Itabira_MG.pdf
3158102,Santa Maria do Salto,MG,MG/ATM_3158102_Santa_Maria_do_Salto_MG.pdf
3158201,Santa Maria do Suaçuí,MG,MG/ATM_3158201_Santa_Maria_do_Suacui_MG.pdf
3159209,Santa Rita de Caldas,MG,MG/ATM_3159209_Santa_Rita_de_Caldas_MG.pdf
3159407,Santa Rita de Ibitipoca,MG,MG/ATM_3159407_Santa_Rita_de_Ibitipoca_MG.pdf
3159308,Santa Rita de Jacutinga,MG,MG/ATM_3159308_Santa_Rita_de_Jacutinga_MG.pdf
3159357,Santa Rita de Minas,MG,MG/ATM_3159357_Santa_Rita_de_Minas_MG.pdf
3159506,Santa Rita do Itueto,MG,MG/ATM_3159506_Santa_Rita_do_Itueto_MG.pdf
3159605,Santa Rita do Sapucaí,MG,MG/ATM_3159605_Santa_Rita_do_Sapucai_MG.pdf
3159704,Santa Rosa da Serra,MG,MG/ATM_3159704_Santa_Rosa_da_Serra_MG.pdf
3159803,Santa Vitória,MG,MG/ATM_3159803_Santa_Vitoria_MG.pdf
3158300,Santana da Vargem,MG,MG/ATM_3158300_Santana_da_Vargem_MG.pdf
3158409,Santana de Cataguases,MG,MG/ATM_3158409_Santana_de_Cataguases_MG.pdf
3158508,Santana de Pirapama,MG,MG/ATM_3158508_Santana_de_Pirapama_MG.pdf
3158607,Santana do Deserto,MG,MG/ATM_3158607_Santana_do_Deserto_MG.pdf
3158706,Santana do Garambéu,MG,MG/ATM_3158706_Santana_do_Garambeu_MG.pdf
3158805,Santana do Jacaré,MG,MG/ATM_3158805_Santana_do_Jacare_MG.pdf
3158904,Santana do Manhuaçu,MG,MG/ATM_3158904_Santana_do_Manhuacu_MG.pdf
3158953,Santana do Paraíso,MG,MG/ATM_3158953_Santana_do_Paraiso_MG.pdf
3159001,Santana do Riacho,MG,MG/ATM_3159001_Santana_do_Riacho_MG.pdf
3159100,Santana dos Montes,MG,MG/ATM_3159100_Santana_dos_Montes_MG.pdf
3159902,Santo Antônio do Amparo,MG,MG/ATM_3159902_Santo_Antonio_do_Amparo_MG.pdf
3160009,Santo Antônio do Aventureiro,MG,MG/ATM_3160009_Santo_Antonio_do_Aventureiro_MG.pdf
3160108,Santo Antônio do Grama,MG,MG/ATM_3160108_Santo_Antonio_do_Grama_MG.pdf
3160207,Santo Antônio do Itambé,MG,MG/ATM_3160207_Santo_Antonio_do_Itambe_MG.pdf
3160306,Santo Antônio do Jacinto,MG,MG/ATM_3160306_Santo_Antonio_do_Jacinto_MG.pdf
3160405,Santo Antônio do Monte,MG,MG/ATM_3160405_Santo_Antonio_do_Monte_MG.pdf
3160454,Santo Antônio do Retiro,MG,MG/ATM_3160454_Santo_Antonio_do_Retiro_MG.pdf
3160504,Santo Antônio do Rio Abaixo,MG,MG/ATM_3160504_Santo_Antonio_do_Rio_Abaixo_MG.pdf
3160603,Santo Hipólito,MG,MG/ATM_3160603_Santo_Hipolito_MG.pdf
3160702,Santos Dumont,MG,MG/ATM_3160702_Santos_Dumont_MG.pdf
3165404,Sapucaí-Mirim,MG,MG/ATM_3165404_Sapucai-Mirim_MG.pdf
3165503,Sardoá,MG,MG/ATM_3165503_Sardoa_MG.pdf
3165537,Sarzedo,MG,MG/ATM_3165537_Sarzedo_MG.pdf
3165560,Sem-Peixe,MG,MG/ATM_3165560_Sem-Peixe_MG.pdf
3165578,Senador Amaral,MG,MG/ATM_3165578_Senador_Amaral_MG.pdf
3165602,Senador Cortes,MG,MG/ATM_3165602_Senador_Cortes_MG.pdf
3165701,Senador Firmino,MG,MG/ATM_3165701_Senador_Firmino_MG.pdf
3165800,Senador José Bento,MG,MG/ATM_3165800_Senador_Jose_Bento_MG.pdf
3165909,Senador Modestino Gonçalves,MG,MG/ATM_3165909_Senador_Modestino_Goncalves_MG.pdf
3166006,Senhora de Oliveira,MG,MG/ATM_3166006_Senhora_de_Oliveira_MG.pdf
3166105,Senhora do Porto,MG,MG/ATM_3166105_Senhora_do_Porto_MG.pdf
3166204,Senhora dos Remédios,MG,MG/ATM_3166204_Senhora_dos_Remedios_MG.pdf
3166303,Sericita,MG,MG/ATM_3166303_Sericita_MG.pdf
3166402,Seritinga,MG,MG/ATM_3166402_Seritinga_MG.pdf
3166501,Serra Azul de Minas,MG,MG/ATM_3166501_Serra_Azul_de_Minas_MG.pdf
3166600,Serra da Saudade,MG,MG/ATM_3166600_Serra_da_Saudade_MG.pdf
3166808,Serra do Salitre,MG,MG/ATM_3166808_Serra_do_Salitre_MG.pdf
3166709,Serra dos Aimorés,MG,MG/ATM_3166709_Serra_dos_Aimores_MG.pdf
3166907,Serrania,MG,MG/ATM_3166907_Serrania_MG.pdf
3167004,Serranos,MG,MG/ATM_3167004_Serranos_MG.pdf
3166956,Serranópolis de Minas,MG,MG/ATM_3166956_Serranopolis_de_Minas_MG.pdf
3167103,Serro,MG,MG/ATM_3167103_Serro_MG.pdf
3167202,Sete Lagoas,MG,MG/ATM_3167202_Sete_Lagoas_MG.pdf
3165552,Setubinha,MG,MG/ATM_3165552_Setubinha_MG.pdf
3167301,Silveirânia,MG,MG/ATM_3167301_Silveirania_MG.pdf
3167400,Silvianópolis,MG,MG/ATM_3167400_Silvianopolis_MG.pdf
3167608,Simonésia,MG,MG/ATM_3167608_Simonesia_MG.pdf
3167509,Simão Pereira,MG,MG/ATM_3167509_Simao_Pereira_MG.pdf
3167707,Sobrália,MG,MG/ATM_3167707_Sobralia_MG.pdf
3167806,Soledade de Minas,MG,MG/ATM_3167806_Soledade_de_Minas_MG.pdf
3160801,São Bento Abade,MG,MG/ATM_3160801_Sao_Bento_Abade_MG.pdf
3160900,São Brás do Suaçuí,MG,MG/ATM_3160900_Sao_Bras_do_Suacui_MG.pdf
3160959,São Domingos das Dores,MG,MG/ATM_3160959_Sao_Domingos_das_Dores_MG.pdf
3161007,São Domingos do Prata,MG,MG/ATM_3161007_Sao_Domingos_do_Prata_MG.pdf
3161106,São Francisco,MG,MG/ATM_3161106_Sao_Francisco_MG.pdf
3161205,São Francisco de Paula,MG,MG/ATM_3161205_Sao_Francisco_de_Paula_MG.pdf
3161304,São Francisco de Sales,MG,MG/ATM_3161304_Sao_Francisco_de_Sales_MG.pdf
3161403,São Francisco do Glória,MG,MG/ATM_3161403_Sao_Francisco_do_Gloria_MG.pdf
3161056,São Félix de Minas,MG,MG/ATM_3161056_Sao_Felix_de_Minas_MG.pdf
3161502,São Geraldo,MG,MG/ATM_3161502_Sao_Geraldo_MG.pdf
3161601,São Geraldo da Piedade,MG,MG/ATM_3161601_Sao_Geraldo_da_Piedade_MG.pdf
3161650,São Geraldo do Baixio,MG,MG/ATM_3161650_Sao_Geraldo_do_Baixio_MG.pdf
3161700,São Gonçalo do Abaeté,MG,MG/ATM_3161700_Sao_Goncalo_do_Abaete_MG.pdf
3161809,São Gonçalo do Pará,MG,MG/ATM_3161809_Sao_Goncalo_do_Para_MG.pdf
3161908,São Gonçalo do Rio Abaixo,MG,MG/ATM_3161908_Sao_Goncalo_do_Rio_Abaixo_MG.pdf
3125507,São Gonçalo do Rio Preto,MG,MG/ATM_3125507_Sao_Goncalo_do_Rio_Preto_MG.pdf
3162005,São Gonçalo do Sapucaí,MG,MG/ATM_3162005_Sao_Goncalo_do_Sapucai_MG.pdf
3162104,São Gotardo,MG,MG/ATM_3162104_Sao_Gotardo_MG.pdf
3162922,São Joaquim de Bicas,MG,MG/ATM_3162922_Sao_Joaquim_de_Bicas_MG.pdf
3162948,São José da Barra,MG,MG/ATM_3162948_Sao_Jose_da_Barra_MG.pdf
3162955,São José da Lapa,MG,MG/ATM_3162955_Sao_Jose_da_Lapa_MG.pdf
3163003,São José da Safira,MG,MG/ATM_3163003_Sao_Jose_da_Safira_MG.pdf
3163102,São José da Varginha,MG,MG/ATM_3163102_Sao_Jose_da_Varginha_MG.pdf
3163201,São José do Alegre,MG,MG/ATM_3163201_Sao_Jose_do_Alegre_MG.pdf
3163300,São José do Divino,MG,MG/ATM_3163300_Sao_Jose_do_Divino_MG.pdf
3163409,São José do Goiabal,MG,MG/ATM_3163409_Sao_Jose_do_Goiabal_MG.pdf
3163508,São José do Jacuri,MG,MG/ATM_3163508_Sao_Jose_do_Jacuri_MG.pdf
3163607,São José do Mantimento,MG,MG/ATM_3163607_Sao_Jose_do_Mantimento_MG.pdf
3162203,São João Batista do Glória,MG,MG/ATM_3162203_Sao_Joao_Batista_do_Gloria_MG.pdf
3162807,São João Evangelista,MG,MG/ATM_3162807_Sao_Joao_Evangelista_MG.pdf
3162906,São João Nepomuceno,MG,MG/ATM_3162906_Sao_Joao_Nepomuceno_MG.pdf
3162252,São João da Lagoa,MG,MG/ATM_3162252_Sao_Joao_da_Lagoa_MG.pdf
3162302,São João da Mata,MG,MG/ATM_3162302_Sao_Joao_da_Mata_MG.pdf
3162401,São João da Ponte,MG,MG/ATM_3162401_Sao_Joao_da_Ponte_MG.pdf
3162450,São João das Missões,MG,MG/ATM_3162450_Sao_Joao_das_Missoes_MG.pdf
3162500,São João del Rei,MG,MG/ATM_3162500_Sao_Joao_del_Rei_MG.pdf
3162559,São João do Manhuaçu,MG,MG/ATM_3162559_Sao_Joao_do_Manhuacu_MG.pdf
3162575,São João do Manteninha,MG,MG/ATM_3162575_Sao_Joao_do_Manteninha_MG.pdf
3162609,São João do Oriente,MG,MG/ATM_3162609_Sao_Joao_do_Oriente_MG.pdf
3162658,São João do Pacuí,MG,MG/ATM_3162658_Sao_Joao_do_Pacui_MG.pdf
3162708,São João do Paraíso,MG,MG/ATM_3162708_Sao_Joao_do_Paraiso_MG.pdf
3163706,São Lourenço,MG,MG/ATM_3163706_Sao_Lourenco_MG.pdf
3163805,São Miguel do Anta,MG,MG/ATM_3163805_Sao_Miguel_do_Anta_MG.pdf
3163904,São Pedro da União,MG,MG/ATM_3163904_Sao_Pedro_da_Uniao_MG.pdf
3164100,São Pedro do Suaçuí,MG,MG/ATM_3164100_Sao_Pedro_do_Suacui_MG.pdf
3164001,São Pedro dos Ferros,MG,MG/ATM_3164001_Sao_Pedro_dos_Ferros_MG.pdf
3164209,São Romão,MG,MG/ATM_3164209_Sao_Romao_MG.pdf
3164308,São Roque de Minas,MG,MG/ATM_3164308_Sao_Roque_de_Minas_MG.pdf
3164407,São Sebastião da Bela Vista,MG,MG/ATM_3164407_Sao_Sebastiao_da_Bela_Vista_MG.pdf
3164431,São Sebastião da Vargem Alegre,MG,MG/ATM_3164431_Sao_Sebastiao_da_Vargem_Alegre_MG.pdf
3164472,São Sebastião do Anta,MG,MG/ATM_3164472_Sao_Sebastiao_do_Anta_MG.pdf
3164506,São Sebastião do Maranhão,MG,MG/ATM_3164506_Sao_Sebastiao_do_Maranhao_MG.pdf
3164605,São Sebastião do Oeste,MG,MG/ATM_3164605_Sao_Sebastiao_do_Oeste_MG.pdf
3164704,São Sebastião do Paraíso,MG,MG/ATM_3164704_Sao_Sebastiao_do_Paraiso_MG.pdf
3164803,São Sebastião do Rio Preto,MG,MG/ATM_3164803_Sao_Sebastiao_do_Rio_Preto_MG.pdf
3164902,São Sebastião do Rio Verde,MG,MG/ATM_3164902_Sao_Sebastiao_do_Rio_Verde_MG.pdf
3165206,São Thomé das Letras,MG,MG/ATM_3165206_Sao_Thome_das_Letras_MG.pdf
3165008,São Tiago,MG,MG/ATM_3165008_Sao_Tiago_MG.pdf
3165107,São Tomás de Aquino,MG,MG/ATM_3165107_Sao_Tomas_de_Aquino_MG.pdf
3165305,São Vicente de Minas,MG,MG/ATM_3165305_Sao_Vicente_de_Minas_MG.pdf
3167905,Tabuleiro,MG,MG/ATM_3167905_Tabuleiro_MG.pdf
3168002,Taiobeiras,MG,MG/ATM_3168002_Taiobeiras_MG.pdf
3168051,Taparuba,MG,MG/ATM_3168051_Taparuba_MG.pdf
3168101,Tapira,MG,MG/ATM_3168101_Tapira_MG.pdf
3168200,Tapiraí,MG,MG/ATM_3168200_Tapirai_MG.pdf
3168309,Taquaraçu de Minas,MG,MG/ATM_3168309_Taquaracu_de_Minas_MG.pdf
3168408,Tarumirim,MG,MG/ATM_3168408_Tarumirim_MG.pdf
3168507,Teixeiras,MG,MG/ATM_3168507_Teixeiras_MG.pdf
3168606,Teófilo Otoni,MG,MG/ATM_3168606_Teofilo_Otoni_MG.pdf
3168705,Timóteo,MG,MG/ATM_3168705_Timoteo_MG.pdf
3168804,Tiradentes,MG,MG/ATM_3168804_Tiradentes_MG.pdf
3168903,Tiros,MG,MG/ATM_3168903_Tiros_MG.pdf
3169000,Tocantins,MG,MG/ATM_3169000_Tocantins_MG.pdf
3169059,Tocos do Moji,MG,MG/ATM_3169059_Tocos_do_Moji_MG.pdf
3169109,Toledo,MG,MG/ATM_3169109_Toledo_MG.pdf
3169208,Tombos,MG,MG/ATM_3169208_Tombos_MG.pdf
3169307,Três Corações,MG,MG/ATM_3169307_Tres_Coracoes_MG.pdf
3169356,Três Marias,MG,MG/ATM_3169356_Tres_Marias_MG.pdf
3169406,Três Pontas,MG,MG/ATM_3169406_Tres_Pontas_MG.pdf
3169505,Tumiritinga,MG,MG/ATM_3169505_Tumiritinga_MG.pdf
3169604,Tupaciguara,MG,MG/ATM_3169604_Tupaciguara_MG.pdf
3169703,Turmalina,MG,MG/ATM_3169703_Turmalina_MG.pdf
3169802,Turvolândia,MG,MG/ATM_3169802_Turvolandia_MG.pdf
3170057,Ubaporanga,MG,MG/ATM_3170057_Ubaporanga_MG.pdf
3170008,Ubaí,MG,MG/ATM_3170008_Ubai_MG.pdf
3170107,Uberaba,MG,MG/ATM_3170107_Uberaba_MG.pdf
3170206,Uberlândia,MG,MG/ATM_3170206_Uberlandia_MG.pdf
3169901,Ubá,MG,MG/ATM_3169901_Uba_MG.pdf
3170305,Umburatiba,MG,MG/ATM_3170305_Umburatiba_MG.pdf
3170404,Unaí,MG,MG/ATM_3170404_Unai_MG.pdf
3170438,União de Minas,MG,MG/ATM_3170438_Uniao_de_Minas_MG.pdf
3170479,Uruana de Minas,MG,MG/ATM_3170479_Uruana_de_Minas_MG.pdf
3170529,Urucuia,MG,MG/ATM_3170529_Urucuia_MG.pdf
3170503,Urucânia,MG,MG/ATM_3170503_Urucania_MG.pdf
3170578,Vargem Alegre,MG,MG/ATM_3170578_Vargem_Alegre_MG.pdf
3170602,Vargem Bonita,MG,MG/ATM_3170602_Vargem_Bonita_MG.pdf
3170651,Vargem Grande do Rio Pardo,MG,MG/ATM_3170651_Vargem_Grande_do_Rio_Pardo_MG.pdf
3170701,Varginha,MG,MG/ATM_3170701_Varginha_MG.pdf
3170750,Varjão de Minas,MG,MG/ATM_3170750_Varjao_de_Minas_MG.pdf
3170909,Varzelândia,MG,MG/ATM_3170909_Varzelandia_MG.pdf
3171006,Vazante,MG,MG/ATM_3171006_Vazante_MG.pdf
3171030,Verdelândia,MG,MG/ATM_3171030_Verdelandia_MG.pdf
3171071,Veredinha,MG,MG/ATM_3171071_Veredinha_MG.pdf
3171154,Vermelho Novo,MG,MG/ATM_3171154_Vermelho_Novo_MG.pdf
3171105,Veríssimo,MG,MG/ATM_3171105_Verissimo_MG.pdf
3171204,Vespasiano,MG,MG/ATM_3171204_Vespasiano_MG.pdf
3171402,Vieiras,MG,MG/ATM_3171402_Vieiras_MG.pdf
3171600,Virgem da Lapa,MG,MG/ATM_3171600_Virgem_da_Lapa_MG.pdf
3171808,Virginópolis,MG,MG/ATM_3171808_Virginopolis_MG.pdf
3171907,Virgolândia,MG,MG/ATM_3171907_Virgolandia_MG.pdf
3171709,Virgínia,MG,MG/ATM_3171709_Virginia_MG.pdf
3172004,Visconde do Rio Branco,MG,MG/ATM_3172004_Visconde_do_Rio_Branco_MG.pdf
3171303,Viçosa,MG,MG/ATM_3171303_Vicosa_MG.pdf
3172103,Volta Grande,MG,MG/ATM_3172103_Volta_Grande_MG.pdf
3170800,Várzea da Palma,MG,MG/ATM_3170800_Varzea_da_Palma_MG.pdf
3172202,Wenceslau Braz,MG,MG/ATM_3172202_Wenceslau_Braz_MG.pdf
3100609,Água Boa,MG,MG/ATM_3100609_Agua_Boa_MG.pdf
3100708,Água Comprida,MG,MG/ATM_3100708_Agua_Comprida_MG.pdf
3100906,Águas Formosas,MG,MG/ATM_3100906_Aguas_Formosas_MG.pdf
3101003,Águas Vermelhas,MG,MG/ATM_3101003_Aguas_Vermelhas_MG.pdf
3300100,Angra dos Reis,RJ,RJ/ATM_3300100_Angra_dos_Reis_RJ.pdf
3300159,Aperibé,RJ,RJ/ATM_3300159_Aperibe_RJ.pdf
3300209,Araruama,RJ,RJ/ATM_3300209_Araruama_RJ.pdf
3300225,Areal,RJ,RJ/ATM_3300225_Areal_RJ.pdf
3300233,Armação dos Búzios,RJ,RJ/ATM_3300233_Armacao_dos_Buzios_RJ.pdf
3300258,Arraial do Cabo,RJ,RJ/ATM_3300258_Arraial_do_Cabo_RJ.pdf
3300407,Barra Mansa,RJ,RJ/ATM_3300407_Barra_Mansa_RJ.pdf
3300308,Barra do Piraí,RJ,RJ/ATM_3300308_Barra_do_Pirai_RJ.pdf
3300456,Belford Roxo,RJ,RJ/ATM_3300456_Belford_Roxo_RJ.pdf
3300506,Bom Jardim,RJ,RJ/ATM_3300506_Bom_Jardim_RJ.pdf
3300605,Bom Jesus do Itabapoana,RJ,RJ/ATM_3300605_Bom_Jesus_do_Itabapoana_RJ.pdf
3300704,Cabo Frio,RJ,RJ/ATM_3300704_Cabo_Frio_RJ.pdf
3300803,Cachoeiras de Macacu,RJ,RJ/ATM_3300803_Cachoeiras_de_Macacu_RJ.pdf
3300902,Cambuci,RJ,RJ/ATM_3300902_Cambuci_RJ.pdf
3301009,Campos dos Goytacazes,RJ,RJ/ATM_3301009_Campos_dos_Goytacazes_RJ.pdf
3301108,Cantagalo,RJ,RJ/ATM_3301108_Cantagalo_RJ.pdf
3300936,Carapebus,RJ,RJ/ATM_3300936_Carapebus_RJ.pdf
3301157,Cardoso Moreira,RJ,RJ/ATM_3301157_Cardoso_Moreira_RJ.pdf
3301207,Carmo,RJ,RJ/ATM_3301207_Carmo_RJ.pdf
3301306,Casimiro de Abreu,RJ,RJ/ATM_3301306_Casimiro_de_Abreu_RJ.pdf
3300951,Comendador Levy Gasparian,RJ,RJ/ATM_3300951_Comendador_Levy_Gasparian_RJ.pdf
3301405,Conceição de Macabu,RJ,RJ/ATM_3301405_Conceicao_de_Macabu_RJ.pdf
3301504,Cordeiro,RJ,RJ/ATM_3301504_Cordeiro_RJ.pdf
3301603,Duas Barras,RJ,RJ/ATM_3301603_Duas_Barras_RJ.pdf
3301702,Duque de Caxias,RJ,RJ/ATM_3301702_Duque_de_Caxias_RJ.pdf
3301801,Engenheiro Paulo de Frontin,RJ,RJ/ATM_3301801_Engenheiro_Paulo_de_Frontin_RJ.pdf
3301850,Guapimirim,RJ,RJ/ATM_3301850_Guapimirim_RJ.pdf
3301876,Iguaba Grande,RJ,RJ/ATM_3301876_Iguaba_Grande_RJ.pdf
3301900,Itaboraí,RJ,RJ/ATM_3301900_Itaborai_RJ.pdf
3302007,Itaguaí,RJ,RJ/ATM_3302007_Itaguai_RJ.pdf
3302056,Italva,RJ,RJ/ATM_3302056_Italva_RJ.pdf
3302106,Itaocara,RJ,RJ/ATM_3302106_Itaocara_RJ.pdf
3302205,Itaperuna,RJ,RJ/ATM_3302205_Itaperuna_RJ.pdf
3302254,Itatiaia,RJ,RJ/ATM_3302254_Itatiaia_RJ.pdf
3302270,Japeri,RJ,RJ/ATM_3302270_Japeri_RJ.pdf
3302304,Laje do Muriaé,RJ,RJ/ATM_3302304_Laje_do_Muriae_RJ.pdf
3302403,Macaé,RJ,RJ/ATM_3302403_Macae_RJ.pdf
3302452,Macuco,RJ,RJ/ATM_3302452_Macuco_RJ.pdf
3302502,Magé,RJ,RJ/ATM_3302502_Mage_RJ.pdf
3302601,Mangaratiba,RJ,RJ/ATM_3302601_Mangaratiba_RJ.pdf
3302700,Maricá,RJ,RJ/ATM_3302700_Marica_RJ.pdf
3302809,Mendes,RJ,RJ/ATM_3302809_Mendes_RJ.pdf
3302858,Mesquita,RJ,RJ/ATM_3302858_Mesquita_RJ.pdf
3302908,Miguel Pereira,RJ,RJ/ATM_3302908_Miguel_Pereira_RJ.pdf
3303005,Miracema,RJ,RJ/ATM_3303005_Miracema_RJ.pdf
3303104,Natividade,RJ,RJ/ATM_3303104_Natividade_RJ.pdf
3303203,Nilópolis,RJ,RJ/ATM_3303203_Nilopolis_RJ.pdf
3303302,Niterói,RJ,RJ/ATM_3303302_Niteroi_RJ.pdf
3303401,Nova Friburgo,RJ,RJ/ATM_3303401_Nova_Friburgo_RJ.pdf
3303500,Nova Iguaçu,RJ,RJ/ATM_3303500_Nova_Iguacu_RJ.pdf
3303609,Paracambi,RJ,RJ/ATM_3303609_Paracambi_RJ.pdf
3303807,Paraty,RJ,RJ/ATM_3303807_Paraty_RJ.pdf
3303708,Paraíba do Sul,RJ,RJ/ATM_3303708_Paraiba_do_Sul_RJ.pdf
3303856,Paty do Alferes,RJ,RJ/ATM_3303856_Paty_do_Alferes_RJ.pdf
3303906,Petrópolis,RJ,RJ/ATM_3303906_Petropolis_RJ.pdf
3303955,Pinheiral,RJ,RJ/ATM_3303955_Pinheiral_RJ.pdf
3304003,Piraí,RJ,RJ/ATM_3304003_Pirai_RJ.pdf
3304102,Porciúncula,RJ,RJ/ATM_3304102_Porciuncula_RJ.pdf
3304110,Porto Real,RJ,RJ/ATM_3304110_Porto_Real_RJ.pdf
3304128,Quatis,RJ,RJ/ATM_3304128_Quatis_RJ.pdf
3304144,Queimados,RJ,RJ/ATM_3304144_Queimados_RJ.pdf
3304151,Quissamã,RJ,RJ/ATM_3304151_Quissama_RJ.pdf
3304201,Resende,RJ,RJ/ATM_3304201_Resende_RJ.pdf
3304300,Rio Bonito,RJ,RJ/ATM_3304300_Rio_Bonito_RJ.pdf
3304409,Rio Claro,RJ,RJ/ATM_3304409_Rio_Claro_RJ.pdf
3304508,Rio das Flores,RJ,RJ/ATM_3304508_Rio_das_Flores_RJ.pdf
3304524,Rio das Ostras,RJ,RJ/ATM_3304524_Rio_das_Ostras_RJ.pdf
3304557,Rio de Janeiro,RJ,RJ/ATM_3304557_Rio_de_Janeiro_RJ.pdf
3304607,Santa Maria Madalena,RJ,RJ/ATM_3304607_Santa_Maria_Madalena_RJ.pdf
3304706,Santo Antônio de Pádua,RJ,RJ/ATM_3304706_Santo_Antonio_de_Padua_RJ.pdf
3305406,Sapucaia,RJ,RJ/ATM_3305406_Sapucaia_RJ.pdf
3305505,Saquarema,RJ,RJ/ATM_3305505_Saquarema_RJ.pdf
3305554,Seropédica,RJ,RJ/ATM_3305554_Seropedica_RJ.pdf
3305604,Silva Jardim,RJ,RJ/ATM_3305604_Silva_Jardim_RJ.pdf
3305703,Sumidouro,RJ,RJ/ATM_3305703_Sumidouro_RJ.pdf
3304805,São Fidélis,RJ,RJ/ATM_3304805_Sao_Fidelis_RJ.pdf
3304755,São Francisco de Itabapoana,RJ,RJ/ATM_3304755_Sao_Francisco_de_Itabapoana_RJ.pdf
3304904,São Gonçalo,RJ,RJ/ATM_3304904_Sao_Goncalo_RJ.pdf
3305133,São José de Ubá,RJ,RJ/ATM_3305133_Sao_Jose_de_Uba_RJ.pdf
3305158,São José do Vale do Rio Preto,RJ,RJ/ATM_3305158_Sao_Jose_do_Vale_do_Rio_Preto_RJ.pdf
3305000,São João da Barra,RJ,RJ/ATM_3305000_Sao_Joao_da_Barra_RJ.pdf
3305109,São João de Meriti,RJ,RJ/ATM_3305109_Sao_Joao_de_Meriti_RJ.pdf
3305208,São Pedro da Aldeia,RJ,RJ/ATM_3305208_Sao_Pedro_da_Aldeia_RJ.pdf
3305307,São Sebastião do Alto,RJ,RJ/ATM_3305307_Sao_Sebastiao_do_Alto_RJ.pdf
3305752,Tanguá,RJ,RJ/ATM_3305752_Tangua_RJ.pdf
3305802,Teresópolis,RJ,RJ/ATM_3305802_Teresopolis_RJ.pdf
3305901,Trajano de Moraes,RJ,RJ/ATM_3305901_Trajano_de_Moraes_RJ.pdf
3306008,Três Rios,RJ,RJ/ATM_3306008_Tres_Rios_RJ.pdf
3306107,Valença,RJ,RJ/ATM_3306107_Valenca_RJ.pdf
3306156,Varre-Sai,RJ,RJ/ATM_3306156_Varre-Sai_RJ.pdf
3306206,Vassouras,RJ,RJ/ATM_3306206_Vassouras_RJ.pdf
3306305,Volta Redonda,RJ,RJ/ATM_3306305_Volta_Redonda_RJ.pdf
3500105,Adamantina,SP,SP/ATM_3500105_Adamantina_SP.pdf
3500204,Adolfo,SP,SP/ATM_3500204_Adolfo_SP.pdf
3500303,Aguaí,SP,SP/ATM_3500303_Aguai_SP.pdf
3500709,Agudos,SP,SP/ATM_3500709_Agudos_SP.pdf
3500758,Alambari,SP,SP/ATM_3500758_Alambari_SP.pdf
3500808,Alfredo Marcondes,SP,SP/ATM_3500808_Alfredo_Marcondes_SP.pdf
3500907,Altair,SP,SP/ATM_3500907_Altair_SP.pdf
3501004,Altinópolis,SP,SP/ATM_3501004_Altinopolis_SP.pdf
3501103,Alto Alegre,SP,SP/ATM_3501103_Alto_Alegre_SP.pdf
3501152,Alumínio,SP,SP/ATM_3501152_Aluminio_SP.pdf
3501509,Alvinlândia,SP,SP/ATM_3501509_Alvinlandia_SP.pdf
3501608,Americana,SP,SP/ATM_3501608_Americana_SP.pdf
3501905,Amparo,SP,SP/ATM_3501905_Amparo_SP.pdf
3501707,Américo Brasiliense,SP,SP/ATM_3501707_Americo_Brasiliense_SP.pdf
3501806,Américo de Campos,SP,SP/ATM_3501806_Americo_de_Campos_SP.pdf
3502002,Analândia,SP,SP/ATM_3502002_Analandia_SP.pdf
3502101,Andradina,SP,SP/ATM_3502101_Andradina_SP.pdf
3502200,Angatuba,SP,SP/ATM_3502200_Angatuba_SP.pdf
3502309,Anhembi,SP,SP/ATM_3502309_Anhembi_SP.pdf
3502408,Anhumas,SP,SP/ATM_3502408_Anhumas_SP.pdf
3502507,Aparecida,SP,SP/ATM_3502507_Aparecida_SP.pdf
3502606,Aparecida d'Oeste,SP,SP/ATM_3502606_Aparecida_d_Oeste_SP.pdf
3502705,Apiaí,SP,SP/ATM_3502705_Apiai_SP.pdf
3503000,Aramina,SP,SP/ATM_3503000_Aramina_SP.pdf
3503109,Arandu,SP,SP/ATM_3503109_Arandu_SP.pdf
3503158,Arapeí,SP,SP/ATM_3503158_Arapei_SP.pdf
3503208,Araraquara,SP,SP/ATM_3503208_Araraquara_SP.pdf
3503307,Araras,SP,SP/ATM_3503307_Araras_SP.pdf
3502754,Araçariguama,SP,SP/ATM_3502754_Aracariguama_SP.pdf
3502804,Araçatuba,SP,SP/ATM_3502804_Aracatuba_SP.pdf
3502903,Araçoiaba da Serra,SP,SP/ATM_3502903_Aracoiaba_da_Serra_SP.pdf
3503356,Arco-Íris,SP,SP/ATM_3503356_Arco-Iris_SP.pdf
3503406,Arealva,SP,SP/ATM_3503406_Arealva_SP.pdf
3503505,Areias,SP,SP/ATM_3503505_Areias_SP.pdf
3503604,Areiópolis,SP,SP/ATM_3503604_Areiopolis_SP.pdf
3503703,Ariranha,SP,SP/ATM_3503703_Ariranha_SP.pdf
3503802,Artur Nogueira,SP,SP/ATM_3503802_Artur_Nogueira_SP.pdf
3503901,Arujá,SP,SP/ATM_3503901_Aruja_SP.pdf
3503950,Aspásia,SP,SP/ATM_3503950_Aspasia_SP.pdf
3504008,Assis,SP,SP/ATM_3504008_Assis_SP.pdf
3504107,Atibaia,SP,SP/ATM_3504107_Atibaia_SP.pdf
3504206,Auriflama,SP,SP/ATM_3504206_Auriflama_SP.pdf
3504404,Avanhandava,SP,SP/ATM_3504404_Avanhandava_SP.pdf
3504503,Avaré,SP,SP/ATM_3504503_Avare_SP.pdf
3504305,Avaí,SP,SP/ATM_3504305_Avai_SP.pdf
3504602,Bady Bassitt,SP,SP/ATM_3504602_Bady_Bassitt_SP.pdf
3504701,Balbinos,SP,SP/ATM_3504701_Balbinos_SP.pdf
3504909,Bananal,SP,SP/ATM_3504909_Bananal_SP.pdf
3505104,Barbosa,SP,SP/ATM_3505104_Barbosa_SP.pdf
3505203,Bariri,SP,SP/ATM_3505203_Bariri_SP.pdf
3505302,Barra Bonita,SP,SP/ATM_3505302_Barra_Bonita_SP.pdf
3505351,Barra do Chapéu,SP,SP/ATM_3505351_Barra_do_Chapeu_SP.pdf
3505401,Barra do Turvo,SP,SP/ATM_3505401_Barra_do_Turvo_SP.pdf
3505500,Barretos,SP,SP/ATM_3505500_Barretos_SP.pdf
3505609,Barrinha,SP,SP/ATM_3505609_Barrinha_SP.pdf
3505708,Barueri,SP,SP/ATM_3505708_Barueri_SP.pdf
3505005,Barão de Antonina,SP,SP/ATM_3505005_Barao_de_Antonina_SP.pdf
3505807,Bastos,SP,SP/ATM_3505807_Bastos_SP.pdf
3505906,Batatais,SP,SP/ATM_3505906_Batatais_SP.pdf
3506003,Bauru,SP,SP/ATM_3506003_Bauru_SP.pdf
3506102,Bebedouro,SP,SP/ATM_3506102_Bebedouro_SP.pdf
3506201,Bento de Abreu,SP,SP/ATM_3506201_Bento_de_Abreu_SP.pdf
3506300,Bernardino de Campos,SP,SP/ATM_3506300_Bernardino_de_Campos_SP.pdf
3506359,Bertioga,SP,SP/ATM_3506359_Bertioga_SP.pdf
3506409,Bilac,SP,SP/ATM_3506409_Bilac_SP.pdf
3506508,Birigui,SP,SP/ATM_3506508_Birigui_SP.pdf
3506607,Biritiba-Mirim,SP,SP/ATM_3506607_Biritiba-Mirim_SP.pdf
3506706,Boa Esperança do Sul,SP,SP/ATM_3506706_Boa_Esperanca_do_Sul_SP.pdf
3506805,Bocaina,SP,SP/ATM_3506805_Bocaina_SP.pdf
3506904,Bofete,SP,SP/ATM_3506904_Bofete_SP.pdf
3507001,Boituva,SP,SP/ATM_3507001_Boituva_SP.pdf
3507100,Bom Jesus dos Perdões,SP,SP/ATM_3507100_Bom_Jesus_dos_Perdoes_SP.pdf
3507159,Bom Sucesso de Itararé,SP,SP/ATM_3507159_Bom_Sucesso_de_Itarare_SP.pdf
3507308,Boracéia,SP,SP/ATM_3507308_Boraceia_SP.pdf
3507407,Borborema,SP,SP/ATM_3507407_Borborema_SP.pdf
3507456,Borebi,SP,SP/ATM_3507456_Borebi_SP.pdf
3507209,Borá,SP,SP/ATM_3507209_Bora_SP.pdf
3507506,Botucatu,SP,SP/ATM_3507506_Botucatu_SP.pdf
3507605,Bragança Paulista,SP,SP/ATM_3507605_Braganca_Paulista_SP.pdf
3507704,Braúna,SP,SP/ATM_3507704_Brauna_SP.pdf
3507753,Brejo Alegre,SP,SP/ATM_3507753_Brejo_Alegre_SP.pdf
3507803,Brodowski,SP,SP/ATM_3507803_Brodowski_SP.pdf
3507902,Brotas,SP,SP/ATM_3507902_Brotas_SP.pdf
3508009,Buri,SP,SP/ATM_3508009_Buri_SP.pdf
3508108,Buritama,SP,SP/ATM_3508108_Buritama_SP.pdf
3508207,Buritizal,SP,SP/ATM_3508207_Buritizal_SP.pdf
3504800,Bálsamo,SP,SP/ATM_3504800_Balsamo_SP.pdf
3508405,Cabreúva,SP,SP/ATM_3508405_Cabreuva_SP.pdf
3508306,Cabrália Paulista,SP,SP/ATM_3508306_Cabralia_Paulista_SP.pdf
3508603,Cachoeira Paulista,SP,SP/ATM_3508603_Cachoeira_Paulista_SP.pdf
3508702,Caconde,SP,SP/ATM_3508702_Caconde_SP.pdf
3508801,Cafelândia,SP,SP/ATM_3508801_Cafelandia_SP.pdf
3508900,Caiabu,SP,SP/ATM_3508900_Caiabu_SP.pdf
3509007,Caieiras,SP,SP/ATM_3509007_Caieiras_SP.pdf
3509106,Caiuá,SP,SP/ATM_3509106_Caiua_SP.pdf
3509205,Cajamar,SP,SP/ATM_3509205_Cajamar_SP.pdf
3509254,Cajati,SP,SP/ATM_3509254_Cajati_SP.pdf
3509304,Cajobi,SP,SP/ATM_3509304_Cajobi_SP.pdf
3509403,Cajuru,SP,SP/ATM_3509403_Cajuru_SP.pdf
3509452,Campina do Monte Alegre,SP,SP/ATM_3509452_Campina_do_Monte_Alegre_SP.pdf
3509502,Campinas,SP,SP/ATM_3509502_Campinas_SP.pdf
3509601,Campo Limpo Paulista,SP,SP/ATM_3509601_Campo_Limpo_Paulista_SP.pdf
3509809,Campos Novos Paulista,SP,SP/ATM_3509809_Campos_Novos_Paulista_SP.pdf
3509700,Campos do Jordão,SP,SP/ATM_3509700_Campos_do_Jordao_SP.pdf
3509908,Cananéia,SP,SP/ATM_3509908_Cananeia_SP.pdf
3509957,Canas,SP,SP/ATM_3509957_Canas_SP.pdf
3510153,Canitar,SP,SP/ATM_3510153_Canitar_SP.pdf
3510302,Capela do Alto,SP,SP/ATM_3510302_Capela_do_Alto_SP.pdf
3510401,Capivari,SP,SP/ATM_3510401_Capivari_SP.pdf
3510203,Capão Bonito,SP,SP/ATM_3510203_Capao_Bonito_SP.pdf
3510500,Caraguatatuba,SP,SP/ATM_3510500_Caraguatatuba_SP.pdf
3510609,Carapicuíba,SP,SP/ATM_3510609_Carapicuiba_SP.pdf
3510708,Cardoso,SP,SP/ATM_3510708_Cardoso_SP.pdf
3510807,Casa Branca,SP,SP/ATM_3510807_Casa_Branca_SP.pdf
3511003,Castilho,SP,SP/ATM_3511003_Castilho_SP.pdf
3511102,Catanduva,SP,SP/ATM_3511102_Catanduva_SP.pdf
3511201,Catiguá,SP,SP/ATM_3511201_Catigua_SP.pdf
3508504,Caçapava,SP,SP/ATM_3508504_Cacapava_SP.pdf
3511300,Cedral,SP,SP/ATM_3511300_Cedral_SP.pdf
3511409,Cerqueira César,SP,SP/ATM_3511409_Cerqueira_Cesar_SP.pdf
3511508,Cerquilho,SP,SP/ATM_3511508_Cerquilho_SP.pdf
3511607,Cesário Lange,SP,SP/ATM_3511607_Cesario_Lange_SP.pdf
3511706,Charqueada,SP,SP/ATM_3511706_Charqueada_SP.pdf
3557204,Chavantes,SP,SP/ATM_3557204_Chavantes_SP.pdf
3511904,Clementina,SP,SP/ATM_3511904_Clementina_SP.pdf
3512001,Colina,SP,SP/ATM_3512001_Colina_SP.pdf
3512100,Colômbia,SP,SP/ATM_3512100_Colombia_SP.pdf
3512209,Conchal,SP,SP/ATM_3512209_Conchal_SP.pdf
3512308,Conchas,SP,SP/ATM_3512308_Conchas_SP.pdf
3512407,Cordeirópolis,SP,SP/ATM_3512407_Cordeiropolis_SP.pdf
3512506,Coroados,SP,SP/ATM_3512506_Coroados_SP.pdf
3512605,Coronel Macedo,SP,SP/ATM_3512605_Coronel_Macedo_SP.pdf
3512704,Corumbataí,SP,SP/ATM_3512704_Corumbatai_SP.pdf
3512902,Cosmorama,SP,SP/ATM_3512902_Cosmorama_SP.pdf
3512803,Cosmópolis,SP,SP/ATM_3512803_Cosmopolis_SP.pdf
3513009,Cotia,SP,SP/ATM_3513009_Cotia_SP.pdf
3513108,Cravinhos,SP,SP/ATM_3513108_Cravinhos_SP.pdf
3513207,Cristais Paulista,SP,SP/ATM_3513207_Cristais_Paulista_SP.pdf
3513405,Cruzeiro,SP,SP/ATM_3513405_Cruzeiro_SP.pdf
3513306,Cruzália,SP,SP/ATM_3513306_Cruzalia_SP.pdf
3513504,Cubatão,SP,SP/ATM_3513504_Cubatao_SP.pdf
3513603,Cunha,SP,SP/ATM_3513603_Cunha_SP.pdf
3510906,Cássia dos Coqueiros,SP,SP/ATM_3510906_Cassia_dos_Coqueiros_SP.pdf
3510005,Cândido Mota,SP,SP/ATM_3510005_Candido_Mota_SP.pdf
3510104,Cândido Rodrigues,SP,SP/ATM_3510104_Candido_Rodrigues_SP.pdf
3513702,Descalvado,SP,SP/ATM_3513702_Descalvado_SP.pdf
3513801,Diadema,SP,SP/ATM_3513801_Diadema_SP.pdf
3513850,Dirce Reis,SP,SP/ATM_3513850_Dirce_Reis_SP.pdf
3513900,Divinolândia,SP,SP/ATM_3513900_Divinolandia_SP.pdf
3514007,Dobrada,SP,SP/ATM_3514007_Dobrada_SP.pdf
3514106,Dois Córregos,SP,SP/ATM_3514106_Dois_Corregos_SP.pdf
3514205,Dolcinópolis,SP,SP/ATM_3514205_Dolcinopolis_SP.pdf
3514304,Dourado,SP,SP/ATM_3514304_Dourado_SP.pdf
3514403,Dracena,SP,SP/ATM_3514403_Dracena_SP.pdf
3514502,Duartina,SP,SP/ATM_3514502_Duartina_SP.pdf
3514601,Dumont,SP,SP/ATM_3514601_Dumont_SP.pdf
3514700,Echaporã,SP,SP/ATM_3514700_Echapora_SP.pdf
3514809,Eldorado,SP,SP/ATM_3514809_Eldorado_SP.pdf
3514908,Elias Fausto,SP,SP/ATM_3514908_Elias_Fausto_SP.pdf
3514924,Elisiário,SP,SP/ATM_3514924_Elisiario_SP.pdf
3514957,Embaúba,SP,SP/ATM_3514957_Embauba_SP.pdf
3515004,Embu das Artes,SP,SP/ATM_3515004_Embu_das_Artes_SP.pdf
3515103,Embu-Guaçu,SP,SP/ATM_3515103_Embu-Guacu_SP.pdf
3515129,Emilianópolis,SP,SP/ATM_3515129_Emilianopolis_SP.pdf
3515152,Engenheiro Coelho,SP,SP/ATM_3515152_Engenheiro_Coelho_SP.pdf
3515186,Espírito Santo do Pinhal,SP,SP/ATM_3515186_Espirito_Santo_do_Pinhal_SP.pdf
3515194,Espírito Santo do Turvo,SP,SP/ATM_3515194_Espirito_Santo_do_Turvo_SP.pdf
3557303,Estiva Gerbi,SP,SP/ATM_3557303_Estiva_Gerbi_SP.pdf
3515202,Estrela d'Oeste,SP,SP/ATM_3515202_Estrela_d_Oeste_SP.pdf
3515301,Estrela do Norte,SP,SP/ATM_3515301_Estrela_do_Norte_SP.pdf
3515350,Euclides da Cunha Paulista,SP,SP/ATM_3515350_Euclides_da_Cunha_Paulista_SP.pdf
3515400,Fartura,SP,SP/ATM_3515400_Fartura_SP.pdf
3515608,Fernando Prestes,SP,SP/ATM_3515608_Fernando_Prestes_SP.pdf
3515509,Fernandópolis,SP,SP/ATM_3515509_Fernandopolis_SP.pdf
3515657,Fernão,SP,SP/ATM_3515657_Fernao_SP.pdf
3515707,Ferraz de Vasconcelos,SP,SP/ATM_3515707_Ferraz_de_Vasconcelos_SP.pdf
3515806,Flora Rica,SP,SP/ATM_3515806_Flora_Rica_SP.pdf
3515905,Floreal,SP,SP/ATM_3515905_Floreal_SP.pdf
3516101,Florínia,SP,SP/ATM_3516101_Florinia_SP.pdf
3516002,Flórida Paulista,SP,SP/ATM_3516002_Florida_Paulista_SP.pdf
3516200,Franca,SP,SP/ATM_3516200_Franca_SP.pdf
3516309,Francisco Morato,SP,SP/ATM_3516309_Francisco_Morato_SP.pdf
3516408,Franco da Rocha,SP,SP/ATM_3516408_Franco_da_Rocha_SP.pdf
3516507,Gabriel Monteiro,SP,SP/ATM_3516507_Gabriel_Monteiro_SP.pdf
3516705,Garça,SP,SP/ATM_3516705_Garca_SP.pdf
3516804,Gastão Vidigal,SP,SP/ATM_3516804_Gastao_Vidigal_SP.pdf
3516853,Gavião Peixoto,SP,SP/ATM_3516853_Gaviao_Peixoto_SP.pdf
3516903,General Salgado,SP,SP/ATM_3516903_General_Salgado_SP.pdf
3517000,Getulina,SP,SP/ATM_3517000_Getulina_SP.pdf
3517109,Glicério,SP,SP/ATM_3517109_Glicerio_SP.pdf
3517307,Guaimbê,SP,SP/ATM_3517307_Guaimbe_SP.pdf
3517208,Guaiçara,SP,SP/ATM_3517208_Guaicara_SP.pdf
3517604,Guapiara,SP,SP/ATM_3517604_Guapiara_SP.pdf
3517505,Guapiaçu,SP,SP/ATM_3517505_Guapiacu_SP.pdf
3517901,Guaraci,SP,SP/ATM_3517901_Guaraci_SP.pdf
3518008,Guarani d'Oeste,SP,SP/ATM_3518008_Guarani_d_Oeste_SP.pdf
3518107,Guarantã,SP,SP/ATM_3518107_Guaranta_SP.pdf
3518206,Guararapes,SP,SP/ATM_3518206_Guararapes_SP.pdf
3518305,Guararema,SP,SP/ATM_3518305_Guararema_SP.pdf
3518404,Guaratinguetá,SP,SP/ATM_3518404_Guaratingueta_SP.pdf
3517802,Guaraçaí,SP,SP/ATM_3517802_Guaracai_SP.pdf
3518503,Guareí,SP,SP/ATM_3518503_Guarei_SP.pdf
3518602,Guariba,SP,SP/ATM_3518602_Guariba_SP.pdf
3518701,Guarujá,SP,SP/ATM_3518701_Guaruja_SP.pdf
3518800,Guarulhos,SP,SP/ATM_3518800_Guarulhos_SP.pdf
3517703,Guará,SP,SP/ATM_3517703_Guara_SP.pdf
3518859,Guatapará,SP,SP/ATM_3518859_Guatapara_SP.pdf
3517406,Guaíra,SP,SP/ATM_3517406_Guaira_SP.pdf
3518909,Guzolândia,SP,SP/ATM_3518909_Guzolandia_SP.pdf
3516606,Gália,SP,SP/ATM_3516606_Galia_SP.pdf
3519006,Herculândia,SP,SP/ATM_3519006_Herculandia_SP.pdf
3519055,Holambra,SP,SP/ATM_3519055_Holambra_SP.pdf
3519071,Hortolândia,SP,SP/ATM_3519071_Hortolandia_SP.pdf
3519105,Iacanga,SP,SP/ATM_3519105_Iacanga_SP.pdf
3519204,Iacri,SP,SP/ATM_3519204_Iacri_SP.pdf
3519253,Iaras,SP,SP/ATM_3519253_Iaras_SP.pdf
3519303,Ibaté,SP,SP/ATM_3519303_Ibate_SP.pdf
3519501,Ibirarema,SP,SP/ATM_3519501_Ibirarema_SP.pdf
3519402,Ibirá,SP,SP/ATM_3519402_Ibira_SP.pdf
3519600,Ibitinga,SP,SP/ATM_3519600_Ibitinga_SP.pdf
3519709,Ibiúna,SP,SP/ATM_3519709_Ibiuna_SP.pdf
3519808,Icém,SP,SP/ATM_3519808_Icem_SP.pdf
3519907,Iepê,SP,SP/ATM_3519907_Iepe_SP.pdf
3520103,Igarapava,SP,SP/ATM_3520103_Igarapava_SP.pdf
3520202,Igaratá,SP,SP/ATM_3520202_Igarata_SP.pdf
3520004,Igaraçu do Tietê,SP,SP/ATM_3520004_Igaracu_do_Tiete_SP.pdf
3520301,Iguape,SP,SP/ATM_3520301_Iguape_SP.pdf
3520426,Ilha Comprida,SP,SP/ATM_3520426_Ilha_Comprida_SP.pdf
3520442,Ilha Solteira,SP,SP/ATM_3520442_Ilha_Solteira_SP.pdf
3520400,Ilhabela,SP,SP/ATM_3520400_Ilhabela_SP.pdf
3520509,Indaiatuba,SP,SP/ATM_3520509_Indaiatuba_SP.pdf
3520608,Indiana,SP,SP/ATM_3520608_Indiana_SP.pdf
3520707,Indiaporã,SP,SP/ATM_3520707_Indiapora_SP.pdf
3520806,Inúbia Paulista,SP,SP/ATM_3520806_Inubia_Paulista_SP.pdf
3520905,Ipaussu,SP,SP/ATM_3520905_Ipaussu_SP.pdf
3521002,Iperó,SP,SP/ATM_3521002_Ipero_SP.pdf
3521101,Ipeúna,SP,SP/ATM_3521101_Ipeuna_SP.pdf
3521150,Ipiguá,SP,SP/ATM_3521150_Ipigua_SP.pdf
3521200,Iporanga,SP,SP/ATM_3521200_Iporanga_SP.pdf
3521309,Ipuã,SP,SP/ATM_3521309_Ipua_SP.pdf
3521408,Iracemápolis,SP,SP/ATM_3521408_Iracemapolis_SP.pdf
3521606,Irapuru,SP,SP/ATM_3521606_Irapuru_SP.pdf
3521507,Irapuã,SP,SP/ATM_3521507_Irapua_SP.pdf
3521705,Itaberá,SP,SP/ATM_3521705_Itabera_SP.pdf
3521903,Itajobi,SP,SP/ATM_3521903_Itajobi_SP.pdf
3522000,Itaju,SP,SP/ATM_3522000_Itaju_SP.pdf
3522109,Itanhaém,SP,SP/ATM_3522109_Itanhaem_SP.pdf
3522208,Itapecerica da Serra,SP,SP/ATM_3522208_Itapecerica_da_Serra_SP.pdf
3522307,Itapetininga,SP,SP/ATM_3522307_Itapetininga_SP.pdf
3522406,Itapeva,SP,SP/ATM_3522406_Itapeva_SP.pdf
3522505,Itapevi,SP,SP/ATM_3522505_Itapevi_SP.pdf
3522604,Itapira,SP,SP/ATM_3522604_Itapira_SP.pdf
3522653,Itapirapuã Paulista,SP,SP/ATM_3522653_Itapirapua_Paulista_SP.pdf
3522802,Itaporanga,SP,SP/ATM_3522802_Itaporanga_SP.pdf
3523008,Itapura,SP,SP/ATM_3523008_Itapura_SP.pdf
3522901,Itapuí,SP,SP/ATM_3522901_Itapui_SP.pdf
3523107,Itaquaquecetuba,SP,SP/ATM_3523107_Itaquaquecetuba_SP.pdf
3523206,Itararé,SP,SP/ATM_3523206_Itarare_SP.pdf
3523305,Itariri,SP,SP/ATM_3523305_Itariri_SP.pdf
3523404,Itatiba,SP,SP/ATM_3523404_Itatiba_SP.pdf
3523503,Itatinga,SP,SP/ATM_3523503_Itatinga_SP.pdf
3521804,Itaí,SP,SP/ATM_3521804_Itai_SP.pdf
3522158,Itaóca,SP,SP/ATM_3522158_Itaoca_SP.pdf
3523602,Itirapina,SP,SP/ATM_3523602_Itirapina_SP.pdf
3523701,Itirapuã,SP,SP/ATM_3523701_Itirapua_SP.pdf
3523800,Itobi,SP,SP/ATM_3523800_Itobi_SP.pdf
3523909,Itu,SP,SP/ATM_3523909_Itu_SP.pdf
3524006,Itupeva,SP,SP/ATM_3524006_Itupeva_SP.pdf
3524105,Ituverava,SP,SP/ATM_3524105_Ituverava_SP.pdf
3522703,Itápolis,SP,SP/ATM_3522703_Itapolis_SP.pdf
3524204,Jaborandi,SP,SP/ATM_3524204_Jaborandi_SP.pdf
3524303,Jaboticabal,SP,SP/ATM_3524303_Jaboticabal_SP.pdf
3524402,Jacareí,SP,SP/ATM_3524402_Jacarei_SP.pdf
3524501,Jaci,SP,SP/ATM_3524501_Jaci_SP.pdf
3524600,Jacupiranga,SP,SP/ATM_3524600_Jacupiranga_SP.pdf
3524709,Jaguariúna,SP,SP/ATM_3524709_Jaguariuna_SP.pdf
3524808,Jales,SP,SP/ATM_3524808_Jales_SP.pdf
3524907,Jambeiro,SP,SP/ATM_3524907_Jambeiro_SP.pdf
3525003,Jandira,SP,SP/ATM_3525003_Jandira_SP.pdf
3525102,Jardinópolis,SP,SP/ATM_3525102_Jardinopolis_SP.pdf
3525201,Jarinu,SP,SP/ATM_3525201_Jarinu_SP.pdf
3525300,Jaú,SP,SP/ATM_3525300_Jau_SP.pdf
3525409,Jeriquara,SP,SP/ATM_3525409_Jeriquara_SP.pdf
3525508,Joanópolis,SP,SP/ATM_3525508_Joanopolis_SP.pdf
3525706,José Bonifácio,SP,SP/ATM_3525706_Jose_Bonifacio_SP.pdf
3525607,João Ramalho,SP,SP/ATM_3525607_Joao_Ramalho_SP.pdf
3525854,Jumirim,SP,SP/ATM_3525854_Jumirim_SP.pdf
3525904,Jundiaí,SP,SP/ATM_3525904_Jundiai_SP.pdf
3526001,Junqueirópolis,SP,SP/ATM_3526001_Junqueiropolis_SP.pdf
3526209,Juquitiba,SP,SP/ATM_3526209_Juquitiba_SP.pdf
3526100,Juquiá,SP,SP/ATM_3526100_Juquia_SP.pdf
3525805,Júlio Mesquita,SP,SP/ATM_3525805_Julio_Mesquita_SP.pdf
3526308,Lagoinha,SP,SP/ATM_3526308_Lagoinha_SP.pdf
3526407,Laranjal Paulista,SP,SP/ATM_3526407_Laranjal_Paulista_SP.pdf
3526605,Lavrinhas,SP,SP/ATM_3526605_Lavrinhas_SP.pdf
3526506,Lavínia,SP,SP/ATM_3526506_Lavinia_SP.pdf
3526704,Leme,SP,SP/ATM_3526704_Leme_SP.pdf
3526803,Lençóis Paulista,SP,SP/ATM_3526803_Lencois_Paulista_SP.pdf
3526902,Limeira,SP,SP/ATM_3526902_Limeira_SP.pdf
3527009,Lindóia,SP,SP/ATM_3527009_Lindoia_SP.pdf
3527108,Lins,SP,SP/ATM_3527108_Lins_SP.pdf
3527207,Lorena,SP,SP/ATM_3527207_Lorena_SP.pdf
3527256,Lourdes,SP,SP/ATM_3527256_Lourdes_SP.pdf
3527306,Louveira,SP,SP/ATM_3527306_Louveira_SP.pdf
3527504,Lucianópolis,SP,SP/ATM_3527504_Lucianopolis_SP.pdf
3527405,Lucélia,SP,SP/ATM_3527405_Lucelia_SP.pdf
3527702,Luiziânia,SP,SP/ATM_3527702_Luiziania_SP.pdf
3527801,Lupércio,SP,SP/ATM_3527801_Lupercio_SP.pdf
3527900,Lutécia,SP,SP/ATM_3527900_Lutecia_SP.pdf
3527603,Luís Antônio,SP,SP/ATM_3527603_Luis_Antonio_SP.pdf
3528007,Macatuba,SP,SP/ATM_3528007_Macatuba_SP.pdf
3528106,Macaubal,SP,SP/ATM_3528106_Macaubal_SP.pdf
3528205,Macedônia,SP,SP/ATM_3528205_Macedonia_SP.pdf
3528304,Magda,SP,SP/ATM_3528304_Magda_SP.pdf
3528403,Mairinque,SP,SP/ATM_3528403_Mairinque_SP.pdf
3528502,Mairiporã,SP,SP/ATM_3528502_Mairipora_SP.pdf
3528601,Manduri,SP,SP/ATM_3528601_Manduri_SP.pdf
3528700,Marabá Paulista,SP,SP/ATM_3528700_Maraba_Paulista_SP.pdf
3528809,Maracaí,SP,SP/ATM_3528809_Maracai_SP.pdf
3528858,Marapoama,SP,SP/ATM_3528858_Marapoama_SP.pdf
3529104,Marinópolis,SP,SP/ATM_3529104_Marinopolis_SP.pdf
3528908,Mariápolis,SP,SP/ATM_3528908_Mariapolis_SP.pdf
3529203,Martinópolis,SP,SP/ATM_3529203_Martinopolis_SP.pdf
3529005,Marília,SP,SP/ATM_3529005_Marilia_SP.pdf
3529302,Matão,SP,SP/ATM_3529302_Matao_SP.pdf
3529401,Mauá,SP,SP/ATM_3529401_Maua_SP.pdf
3529500,Mendonça,SP,SP/ATM_3529500_Mendonca_SP.pdf
3529609,Meridiano,SP,SP/ATM_3529609_Meridiano_SP.pdf
3529658,Mesópolis,SP,SP/ATM_3529658_Mesopolis_SP.pdf
3529708,Miguelópolis,SP,SP/ATM_3529708_Miguelopolis_SP.pdf
3529807,Mineiros do Tietê,SP,SP/ATM_3529807_Mineiros_do_Tiete_SP.pdf
3530003,Mira Estrela,SP,SP/ATM_3530003_Mira_Estrela_SP.pdf
3529906,Miracatu,SP,SP/ATM_3529906_Miracatu_SP.pdf
3530102,Mirandópolis,SP,SP/ATM_3530102_Mirandopolis_SP.pdf
3530201,Mirante do Paranapanema,SP,SP/ATM_3530201_Mirante_do_Paranapanema_SP.pdf
3530300,Mirassol,SP,SP/ATM_3530300_Mirassol_SP.pdf
3530409,Mirassolândia,SP,SP/ATM_3530409_Mirassolandia_SP.pdf
3530508,Mococa,SP,SP/ATM_3530508_Mococa_SP.pdf
3530706,Mogi Guaçu,SP,SP/ATM_3530706_Mogi_Guacu_SP.pdf
3530805,Mogi Mirim,SP,SP/ATM_3530805_Mogi_Mirim_SP.pdf
3530607,Mogi das Cruzes,SP,SP/ATM_3530607_Mogi_das_Cruzes_SP.pdf
3530904,Mombuca,SP,SP/ATM_3530904_Mombuca_SP.pdf
3531100,Mongaguá,SP,SP/ATM_3531100_Mongagua_SP.pdf
3531209,Monte Alegre do Sul,SP,SP/ATM_3531209_Monte_Alegre_do_Sul_SP.pdf
3531308,Monte Alto,SP,SP/ATM_3531308_Monte_Alto_SP.pdf
3531407,Monte Aprazível,SP,SP/ATM_3531407_Monte_Aprazivel_SP.pdf
3531506,Monte Azul Paulista,SP,SP/ATM_3531506_Monte_Azul_Paulista_SP.pdf
3531605,Monte Castelo,SP,SP/ATM_3531605_Monte_Castelo_SP.pdf
3531803,Monte Mor,SP,SP/ATM_3531803_Monte_Mor_SP.pdf
3531704,Monteiro Lobato,SP,SP/ATM_3531704_Monteiro_Lobato_SP.pdf
3531001,Monções,SP,SP/ATM_3531001_Moncoes_SP.pdf
3531902,Morro Agudo,SP,SP/ATM_3531902_Morro_Agudo_SP.pdf
3532009,Morungaba,SP,SP/ATM_3532009_Morungaba_SP.pdf
3532058,Motuca,SP,SP/ATM_3532058_Motuca_SP.pdf
3532108,Murutinga do Sul,SP,SP/ATM_3532108_Murutinga_do_Sul_SP.pdf
3532157,Nantes,SP,SP/ATM_3532157_Nantes_SP.pdf
3532207,Narandiba,SP,SP/ATM_3532207_Narandiba_SP.pdf
3532306,Natividade da Serra,SP,SP/ATM_3532306_Natividade_da_Serra_SP.pdf
3532405,Nazaré Paulista,SP,SP/ATM_3532405_Nazare_Paulista_SP.pdf
3532504,Neves Paulista,SP,SP/ATM_3532504_Neves_Paulista_SP.pdf
3532603,Nhandeara,SP,SP/ATM_3532603_Nhandeara_SP.pdf
3532702,Nipoã,SP,SP/ATM_3532702_Nipoa_SP.pdf
3532801,Nova Aliança,SP,SP/ATM_3532801_Nova_Alianca_SP.pdf
3532827,Nova Campina,SP,SP/ATM_3532827_Nova_Campina_SP.pdf
3532843,Nova Canaã Paulista,SP,SP/ATM_3532843_Nova_Canaa_Paulista_SP.pdf
3532868,Nova Castilho,SP,SP/ATM_3532868_Nova_Castilho_SP.pdf
3532900,Nova Europa,SP,SP/ATM_3532900_Nova_Europa_SP.pdf
3533007,Nova Granada,SP,SP/ATM_3533007_Nova_Granada_SP.pdf
3533106,Nova Guataporanga,SP,SP/ATM_3533106_Nova_Guataporanga_SP.pdf
3533205,Nova Independência,SP,SP/ATM_3533205_Nova_Independencia_SP.pdf
3533304,Nova Luzitânia,SP,SP/ATM_3533304_Nova_Luzitania_SP.pdf
3533403,Nova Odessa,SP,SP/ATM_3533403_Nova_Odessa_SP.pdf
3533254,Novais,SP,SP/ATM_3533254_Novais_SP.pdf
3533502,Novo Horizonte,SP,SP/ATM_3533502_Novo_Horizonte_SP.pdf
3533601,Nuporanga,SP,SP/ATM_3533601_Nuporanga_SP.pdf
3533700,Ocauçu,SP,SP/ATM_3533700_Ocaucu_SP.pdf
3533908,Olímpia,SP,SP/ATM_3533908_Olimpia_SP.pdf
3534005,Onda Verde,SP,SP/ATM_3534005_Onda_Verde_SP.pdf
3534104,Oriente,SP,SP/ATM_3534104_Oriente_SP.pdf
3534203,Orindiúva,SP,SP/ATM_3534203_Orindiuva_SP.pdf
3534302,Orlândia,SP,SP/ATM_3534302_Orlandia_SP.pdf
3534401,Osasco,SP,SP/ATM_3534401_Osasco_SP.pdf
3534500,Oscar Bressane,SP,SP/ATM_3534500_Oscar_Bressane_SP.pdf
3534609,Osvaldo Cruz,SP,SP/ATM_3534609_Osvaldo_Cruz_SP.pdf
3534708,Ourinhos,SP,SP/ATM_3534708_Ourinhos_SP.pdf
3534807,Ouro Verde,SP,SP/ATM_3534807_Ouro_Verde_SP.pdf
3534757,Ouroeste,SP,SP/ATM_3534757_Ouroeste_SP.pdf
3534906,Pacaembu,SP,SP/ATM_3534906_Pacaembu_SP.pdf
3535002,Palestina,SP,SP/ATM_3535002_Palestina_SP.pdf
3535101,Palmares Paulista,SP,SP/ATM_3535101_Palmares_Paulista_SP.pdf
3535200,Palmeira d'Oeste,SP,SP/ATM_3535200_Palmeira_d_Oeste_SP.pdf
3535309,Palmital,SP,SP/ATM_3535309_Palmital_SP.pdf
3535408,Panorama,SP,SP/ATM_3535408_Panorama_SP.pdf
3535507,Paraguaçu Paulista,SP,SP/ATM_3535507_Paraguacu_Paulista_SP.pdf
3535606,Paraibuna,SP,SP/ATM_3535606_Paraibuna_SP.pdf
3535804,Paranapanema,SP,SP/ATM_3535804_Paranapanema_SP.pdf
3535903,Paranapuã,SP,SP/ATM_3535903_Paranapua_SP.pdf
3536000,Parapuã,SP,SP/ATM_3536000_Parapua_SP.pdf
3535705,Paraíso,SP,SP/ATM_3535705_Paraiso_SP.pdf
3536109,Pardinho,SP,SP/ATM_3536109_Pardinho_SP.pdf
3536208,Pariquera-Açu,SP,SP/ATM_3536208_Pariquera-Acu_SP.pdf
3536257,Parisi,SP,SP/ATM_3536257_Parisi_SP.pdf
3536307,Patrocínio Paulista,SP,SP/ATM_3536307_Patrocinio_Paulista_SP.pdf
3536406,Paulicéia,SP,SP/ATM_3536406_Pauliceia_SP.pdf
3536570,Paulistânia,SP,SP/ATM_3536570_Paulistania_SP.pdf
3536604,Paulo de Faria,SP,SP/ATM_3536604_Paulo_de_Faria_SP.pdf
3536505,Paulínia,SP,SP/ATM_3536505_Paulinia_SP.pdf
3536703,Pederneiras,SP,SP/ATM_3536703_Pederneiras_SP.pdf
3536802,Pedra Bela,SP,SP/ATM_3536802_Pedra_Bela_SP.pdf
3536901,Pedranópolis,SP,SP/ATM_3536901_Pedranopolis_SP.pdf
3537008,Pedregulho,SP,SP/ATM_3537008_Pedregulho_SP.pdf
3537107,Pedreira,SP,SP/ATM_3537107_Pedreira_SP.pdf
3537156,Pedrinhas Paulista,SP,SP/ATM_3537156_Pedrinhas_Paulista_SP.pdf
3537206,Pedro de Toledo,SP,SP/ATM_3537206_Pedro_de_Toledo_SP.pdf
3537305,Penápolis,SP,SP/ATM_3537305_Penapolis_SP.pdf
3537404,Pereira Barreto,SP,SP/ATM_3537404_Pereira_Barreto_SP.pdf
3537503,Pereiras,SP,SP/ATM_3537503_Pereiras_SP.pdf
3537602,Peruíbe,SP,SP/ATM_3537602_Peruibe_SP.pdf
3537701,Piacatu,SP,SP/ATM_3537701_Piacatu_SP.pdf
3537800,Piedade,SP,SP/ATM_3537800_Piedade_SP.pdf
3537909,Pilar do Sul,SP,SP/ATM_3537909_Pilar_do_Sul_SP.pdf
3538006,Pindamonhangaba,SP,SP/ATM_3538006_Pindamonhangaba_SP.pdf
3538105,Pindorama,SP,SP/ATM_3538105_Pindorama_SP.pdf
3538204,Pinhalzinho,SP,SP/ATM_3538204_Pinhalzinho_SP.pdf
3538303,Piquerobi,SP,SP/ATM_3538303_Piquerobi_SP.pdf
3538501,Piquete,SP,SP/ATM_3538501_Piquete_SP.pdf
3538600,Piracaia,SP,SP/ATM_3538600_Piracaia_SP.pdf
3538709,Piracicaba,SP,SP/ATM_3538709_Piracicaba_SP.pdf
3538808,Piraju,SP,SP/ATM_3538808_Piraju_SP.pdf
3538907,Pirajuí,SP,SP/ATM_3538907_Pirajui_SP.pdf
3539004,Pirangi,SP,SP/ATM_3539004_Pirangi_SP.pdf
3539103,Pirapora do Bom Jesus,SP,SP/ATM_3539103_Pirapora_do_Bom_Jesus_SP.pdf
3539202,Pirapozinho,SP,SP/ATM_3539202_Pirapozinho_SP.pdf
3539301,Pirassununga,SP,SP/ATM_3539301_Pirassununga_SP.pdf
3539400,Piratininga,SP,SP/ATM_3539400_Piratininga_SP.pdf
3539509,Pitangueiras,SP,SP/ATM_3539509_Pitangueiras_SP.pdf
3539608,Planalto,SP,SP/ATM_3539608_Planalto_SP.pdf
3539707,Platina,SP,SP/ATM_3539707_Platina_SP.pdf
3539905,Poloni,SP,SP/ATM_3539905_Poloni_SP.pdf
3540002,Pompéia,SP,SP/ATM_3540002_Pompeia_SP.pdf
3540101,Pongaí,SP,SP/ATM_3540101_Pongai_SP.pdf
3540200,Pontal,SP,SP/ATM_3540200_Pontal_SP.pdf
3540259,Pontalinda,SP,SP/ATM_3540259_Pontalinda_SP.pdf
3540309,Pontes Gestal,SP,SP/ATM_3540309_Pontes_Gestal_SP.pdf
3540408,Populina,SP,SP/ATM_3540408_Populina_SP.pdf
3540507,Porangaba,SP,SP/ATM_3540507_Porangaba_SP.pdf
3540606,Porto Feliz,SP,SP/ATM_3540606_Porto_Feliz_SP.pdf
3540705,Porto Ferreira,SP,SP/ATM_3540705_Porto_Ferreira_SP.pdf
3540754,Potim,SP,SP/ATM_3540754_Potim_SP.pdf
3540804,Potirendaba,SP,SP/ATM_3540804_Potirendaba_SP.pdf
3539806,Poá,SP,SP/ATM_3539806_Poa_SP.pdf
3540853,Pracinha,SP,SP/ATM_3540853_Pracinha_SP.pdf
3540903,Pradópolis,SP,SP/ATM_3540903_Pradopolis_SP.pdf
3541000,Praia Grande,SP,SP/ATM_3541000_Praia_Grande_SP.pdf
3541059,Pratânia,SP,SP/ATM_3541059_Pratania_SP.pdf
3541109,Presidente Alves,SP,SP/ATM_3541109_Presidente_Alves_SP.pdf
3541208,Presidente Bernardes,SP,SP/ATM_3541208_Presidente_Bernardes_SP.pdf
3541307,Presidente Epitácio,SP,SP/ATM_3541307_Presidente_Epitacio_SP.pdf
3541406,Presidente Prudente,SP,SP/ATM_3541406_Presidente_Prudente_SP.pdf
3541505,Presidente Venceslau,SP,SP/ATM_3541505_Presidente_Venceslau_SP.pdf
3541604,Promissão,SP,SP/ATM_3541604_Promissao_SP.pdf
3541653,Quadra,SP,SP/ATM_3541653_Quadra_SP.pdf
3541703,Quatá,SP,SP/ATM_3541703_Quata_SP.pdf
3541802,Queiroz,SP,SP/ATM_3541802_Queiroz_SP.pdf
3541901,Queluz,SP,SP/ATM_3541901_Queluz_SP.pdf
3542008,Quintana,SP,SP/ATM_3542008_Quintana_SP.pdf
3542107,Rafard,SP,SP/ATM_3542107_Rafard_SP.pdf
3542206,Rancharia,SP,SP/ATM_3542206_Rancharia_SP.pdf
3542305,Redenção da Serra,SP,SP/ATM_3542305_Redencao_da_Serra_SP.pdf
3542404,Regente Feijó,SP,SP/ATM_3542404_Regente_Feijo_SP.pdf
3542503,Reginópolis,SP,SP/ATM_3542503_Reginopolis_SP.pdf
3542602,Registro,SP,SP/ATM_3542602_Registro_SP.pdf
3542701,Restinga,SP,SP/ATM_3542701_Restinga_SP.pdf
3542800,Ribeira,SP,SP/ATM_3542800_Ribeira_SP.pdf
3542909,Ribeirão Bonito,SP,SP/ATM_3542909_Ribeirao_Bonito_SP.pdf
3543006,Ribeirão Branco,SP,SP/ATM_3543006_Ribeirao_Branco_SP.pdf
3543105,Ribeirão Corrente,SP,SP/ATM_3543105_Ribeirao_Corrente_SP.pdf
3543253,Ribeirão Grande,SP,SP/ATM_3543253_Ribeirao_Grande_SP.pdf
3543303,Ribeirão Pires,SP,SP/ATM_3543303_Ribeirao_Pires_SP.pdf
3543402,Ribeirão Preto,SP,SP/ATM_3543402_Ribeirao_Preto_SP.pdf
3543204,Ribeirão do Sul,SP,SP/ATM_3543204_Ribeirao_do_Sul_SP.pdf
3543238,Ribeirão dos Índios,SP,SP/ATM_3543238_Ribeirao_dos_Indios_SP.pdf
3543600,Rifaina,SP,SP/ATM_3543600_Rifaina_SP.pdf
3543709,Rincão,SP,SP/ATM_3543709_Rincao_SP.pdf
3543808,Rinópolis,SP,SP/ATM_3543808_Rinopolis_SP.pdf
3543907,Rio Claro,SP,SP/ATM_3543907_Rio_Claro_SP.pdf
3544103,Rio Grande da Serra,SP,SP/ATM_3544103_Rio_Grande_da_Serra_SP.pdf
3544004,Rio das Pedras,SP,SP/ATM_3544004_Rio_das_Pedras_SP.pdf
3544202,Riolândia,SP,SP/ATM_3544202_Riolandia_SP.pdf
3543501,Riversul,SP,SP/ATM_3543501_Riversul_SP.pdf
3544251,Rosana,SP,SP/ATM_3544251_Rosana_SP.pdf
3544301,Roseira,SP,SP/ATM_3544301_Roseira_SP.pdf
3544509,Rubinéia,SP,SP/ATM_3544509_Rubineia_SP.pdf
3544400,Rubiácea,SP,SP/ATM_3544400_Rubiacea_SP.pdf
3544608,Sabino,SP,SP/ATM_3544608_Sabino_SP.pdf
3544707,Sagres,SP,SP/ATM_3544707_Sagres_SP.pdf
3544806,Sales,SP,SP/ATM_3544806_Sales_SP.pdf
3544905,Sales Oliveira,SP,SP/ATM_3544905_Sales_Oliveira_SP.pdf
3545001,Salesópolis,SP,SP/ATM_3545001_Salesopolis_SP.pdf
3545100,Salmourão,SP,SP/ATM_3545100_Salmourao_SP.pdf
3545159,Saltinho,SP,SP/ATM_3545159_Saltinho_SP.pdf
3545209,Salto,SP,SP/ATM_3545209_Salto_SP.pdf
3545407,Salto Grande,SP,SP/ATM_3545407_Salto_Grande_SP.pdf
3545308,Salto de Pirapora,SP,SP/ATM_3545308_Salto_de_Pirapora_SP.pdf
3545506,Sandovalina,SP,SP/ATM_3545506_Sandovalina_SP.pdf
3545605,Santa Adélia,SP,SP/ATM_3545605_Santa_Adelia_SP.pdf
3545704,Santa Albertina,SP,SP/ATM_3545704_Santa_Albertina_SP.pdf
3546009,Santa Branca,SP,SP/ATM_3546009_Santa_Branca_SP.pdf
3545803,Santa Bárbara d'Oeste,SP,SP/ATM_3545803_Santa_Barbara_d_Oeste_SP.pdf
3546108,Santa Clara d'Oeste,SP,SP/ATM_3546108_Santa_Clara_d_Oeste_SP.pdf
3546207,Santa Cruz da Conceição,SP,SP/ATM_3546207_Santa_Cruz_da_Conceicao_SP.pdf
3546256,Santa Cruz da Esperança,SP,SP/ATM_3546256_Santa_Cruz_da_Esperanca_SP.pdf
3546306,Santa Cruz das Palmeiras,SP,SP/ATM_3546306_Santa_Cruz_das_Palmeiras_SP.pdf
3546405,Santa Cruz do Rio Pardo,SP,SP/ATM_3546405_Santa_Cruz_do_Rio_Pardo_SP.pdf
3546504,Santa Ernestina,SP,SP/ATM_3546504_Santa_Ernestina_SP.pdf
3546603,Santa Fé do Sul,SP,SP/ATM_3546603_Santa_Fe_do_Sul_SP.pdf
3546702,Santa Gertrudes,SP,SP/ATM_3546702_Santa_Gertrudes_SP.pdf
3546801,Santa Isabel,SP,SP/ATM_3546801_Santa_Isabel_SP.pdf
3546900,Santa Lúcia,SP,SP/ATM_3546900_Santa_Lucia_SP.pdf
3547007,Santa Maria da Serra,SP,SP/ATM_3547007_Santa_Maria_da_Serra_SP.pdf
3547106,Santa Mercedes,SP,SP/ATM_3547106_Santa_Mercedes_SP.pdf
3547403,Santa Rita d'Oeste,SP,SP/ATM_3547403_Santa_Rita_d_Oeste_SP.pdf
3547502,Santa Rita do Passa Quatro,SP,SP/ATM_3547502_Santa_Rita_do_Passa_Quatro_SP.pdf
3547601,Santa Rosa de Viterbo,SP,SP/ATM_3547601_Santa_Rosa_de_Viterbo_SP.pdf
3547650,Santa Salete,SP,SP/ATM_3547650_Santa_Salete_SP.pdf
3547205,Santana da Ponte Pensa,SP,SP/ATM_3547205_Santana_da_Ponte_Pensa_SP.pdf
3547304,Santana de Parnaíba,SP,SP/ATM_3547304_Santana_de_Parnaiba_SP.pdf
3547700,Santo Anastácio,SP,SP/ATM_3547700_Santo_Anastacio_SP.pdf
3547809,Santo André,SP,SP/ATM_3547809_Santo_Andre_SP.pdf
3547908,Santo Antônio da Alegria,SP,SP/ATM_3547908_Santo_Antonio_da_Alegria_SP.pdf
3548005,Santo Antônio de Posse,SP,SP/ATM_3548005_Santo_Antonio_de_Posse_SP.pdf
3548054,Santo Antônio do Aracanguá,SP,SP/ATM_3548054_Santo_Antonio_do_Aracangua_SP.pdf
3548104,Santo Antônio do Jardim,SP,SP/ATM_3548104_Santo_Antonio_do_Jardim_SP.pdf
3548203,Santo Antônio do Pinhal,SP,SP/ATM_3548203_Santo_Antonio_do_Pinhal_SP.pdf
3548302,Santo Expedito,SP,SP/ATM_3548302_Santo_Expedito_SP.pdf
3548500,Santos,SP,SP/ATM_3548500_Santos_SP.pdf
3548401,Santópolis do Aguapeí,SP,SP/ATM_3548401_Santopolis_do_Aguapei_SP.pdf
3551108,Sarapuí,SP,SP/ATM_3551108_Sarapui_SP.pdf
3551207,Sarutaiá,SP,SP/ATM_3551207_Sarutaia_SP.pdf
3551306,Sebastianópolis do Sul,SP,SP/ATM_3551306_Sebastianopolis_do_Sul_SP.pdf
3551405,Serra Azul,SP,SP/ATM_3551405_Serra_Azul_SP.pdf
3551603,Serra Negra,SP,SP/ATM_3551603_Serra_Negra_SP.pdf
3551504,Serrana,SP,SP/ATM_3551504_Serrana_SP.pdf
3551702,Sertãozinho,SP,SP/ATM_3551702_Sertaozinho_SP.pdf
3551801,Sete Barras,SP,SP/ATM_3551801_Sete_Barras_SP.pdf
3551900,Severínia,SP,SP/ATM_3551900_Severinia_SP.pdf
3552007,Silveiras,SP,SP/ATM_3552007_Silveiras_SP.pdf
3552106,Socorro,SP,SP/ATM_3552106_Socorro_SP.pdf
3552205,Sorocaba,SP,SP/ATM_3552205_Sorocaba_SP.pdf
3552304,Sud Mennucci,SP,SP/ATM_3552304_Sud_Mennucci_SP.pdf
3552403,Sumaré,SP,SP/ATM_3552403_Sumare_SP.pdf
3552502,Suzano,SP,SP/ATM_3552502_Suzano_SP.pdf
3552551,Suzanápolis,SP,SP/ATM_3552551_Suzanapolis_SP.pdf
3548609,São Bento do Sapucaí,SP,SP/ATM_3548609_Sao_Bento_do_Sapucai_SP.pdf
3548708,São Bernardo do Campo,SP,SP/ATM_3548708_Sao_Bernardo_do_Campo_SP.pdf
3548807,São Caetano do Sul,SP,SP/ATM_3548807_Sao_Caetano_do_Sul_SP.pdf
3548906,São Carlos,SP,SP/ATM_3548906_Sao_Carlos_SP.pdf
3549003,São Francisco,SP,SP/ATM_3549003_Sao_Francisco_SP.pdf
3549409,São Joaquim da Barra,SP,SP/ATM_3549409_Sao_Joaquim_da_Barra_SP.pdf
3549508,São José da Bela Vista,SP,SP/ATM_3549508_Sao_Jose_da_Bela_Vista_SP.pdf
3549607,São José do Barreiro,SP,SP/ATM_3549607_Sao_Jose_do_Barreiro_SP.pdf
3549706,São José do Rio Pardo,SP,SP/ATM_3549706_Sao_Jose_do_Rio_Pardo_SP.pdf
3549805,São José do Rio Preto,SP,SP/ATM_3549805_Sao_Jose_do_Rio_Preto_SP.pdf
3549904,São José dos Campos,SP,SP/ATM_3549904_Sao_Jose_dos_Campos_SP.pdf
3549102,São João da Boa Vista,SP,SP/ATM_3549102_Sao_Joao_da_Boa_Vista_SP.pdf
3549201,São João das Duas Pontes,SP,SP/ATM_3549201_Sao_Joao_das_Duas_Pontes_SP.pdf
3549250,São João de Iracema,SP,SP/ATM_3549250_Sao_Joao_de_Iracema_SP.pdf
3549300,São João do Pau d'Alho,SP,SP/ATM_3549300_Sao_Joao_do_Pau_d_Alho_SP.pdf
3549953,São Lourenço da Serra,SP,SP/ATM_3549953_Sao_Lourenco_da_Serra_SP.pdf
3550001,São Luís do Paraitinga,SP,SP/ATM_3550001_Sao_Luis_do_Paraitinga_SP.pdf
3550100,São Manuel,SP,SP/ATM_3550100_Sao_Manuel_SP.pdf
3550209,São Miguel Arcanjo,SP,SP/ATM_3550209_Sao_Miguel_Arcanjo_SP.pdf
3550308,São Paulo,SP,SP/ATM_3550308_Sao_Paulo_SP.pdf
3550407,São Pedro,SP,SP/ATM_3550407_Sao_Pedro_SP.pdf
3550506,São Pedro do Turvo,SP,SP/ATM_3550506_Sao_Pedro_do_Turvo_SP.pdf
3550605,São Roque,SP,SP/ATM_3550605_Sao_Roque_SP.pdf
3550704,São Sebastião,SP,SP/ATM_3550704_Sao_Sebastiao_SP.pdf
3550803,São Sebastião da Grama,SP,SP/ATM_3550803_Sao_Sebastiao_da_Grama_SP.pdf
3550902,São Simão,SP,SP/ATM_3550902_Sao_Simao_SP.pdf
3551009,São Vicente,SP,SP/ATM_3551009_Sao_Vicente_SP.pdf
3552601,Tabapuã,SP,SP/ATM_3552601_Tabapua_SP.pdf
3552700,Tabatinga,SP,SP/ATM_3552700_Tabatinga_SP.pdf
3552809,Taboão da Serra,SP,SP/ATM_3552809_Taboao_da_Serra_SP.pdf
3552908,Taciba,SP,SP/ATM_3552908_Taciba_SP.pdf
3553005,Taguaí,SP,SP/ATM_3553005_Taguai_SP.pdf
3553104,Taiaçu,SP,SP/ATM_3553104_Taiacu_SP.pdf
3553203,Taiúva,SP,SP/ATM_3553203_Taiuva_SP.pdf
3553302,Tambaú,SP,SP/ATM_3553302_Tambau_SP.pdf
3553401,Tanabi,SP,SP/ATM_3553401_Tanabi_SP.pdf
3553609,Tapiratiba,SP,SP/ATM_3553609_Tapiratiba_SP.pdf
3553500,Tapiraí,SP,SP/ATM_3553500_Tapirai_SP.pdf
3553658,Taquaral,SP,SP/ATM_3553658_Taquaral_SP.pdf
3553708,Taquaritinga,SP,SP/ATM_3553708_Taquaritinga_SP.pdf
3553807,Taquarituba,SP,SP/ATM_3553807_Taquarituba_SP.pdf
3553856,Taquarivaí,SP,SP/ATM_3553856_Taquarivai_SP.pdf
3553906,Tarabai,SP,SP/ATM_3553906_Tarabai_SP.pdf
3553955,Tarumã,SP,SP/ATM_3553955_Taruma_SP.pdf
3554003,Tatuí,SP,SP/ATM_3554003_Tatui_SP.pdf
3554102,Taubaté,SP,SP/ATM_3554102_Taubate_SP.pdf
3554201,Tejupá,SP,SP/ATM_3554201_Tejupa_SP.pdf
3554300,Teodoro Sampaio,SP,SP/ATM_3554300_Teodoro_Sampaio_SP.pdf
3554409,Terra Roxa,SP,SP/ATM_3554409_Terra_Roxa_SP.pdf
3554508,Tietê,SP,SP/ATM_3554508_Tiete_SP.pdf
3554607,Timburi,SP,SP/ATM_3554607_Timburi_SP.pdf
3554656,Torre de Pedra,SP,SP/ATM_3554656_Torre_de_Pedra_SP.pdf
3554706,Torrinha,SP,SP/ATM_3554706_Torrinha_SP.pdf
3554755,Trabiju,SP,SP/ATM_3554755_Trabiju_SP.pdf
3554805,Tremembé,SP,SP/ATM_3554805_Tremembe_SP.pdf
3554904,Três Fronteiras,SP,SP/ATM_3554904_Tres_Fronteiras_SP.pdf
3554953,Tuiuti,SP,SP/ATM_3554953_Tuiuti_SP.pdf
3555109,Tupi Paulista,SP,SP/ATM_3555109_Tupi_Paulista_SP.pdf
3555000,Tupã,SP,SP/ATM_3555000_Tupa_SP.pdf
3555208,Turiúba,SP,SP/ATM_3555208_Turiuba_SP.pdf
3555307,Turmalina,SP,SP/ATM_3555307_Turmalina_SP.pdf
3555356,Ubarana,SP,SP/ATM_3555356_Ubarana_SP.pdf
3555406,Ubatuba,SP,SP/ATM_3555406_Ubatuba_SP.pdf
3555505,Ubirajara,SP,SP/ATM_3555505_Ubirajara_SP.pdf
3555604,Uchoa,SP,SP/ATM_3555604_Uchoa_SP.pdf
3555703,União Paulista,SP,SP/ATM_3555703_Uniao_Paulista_SP.pdf
3555901,Uru,SP,SP/ATM_3555901_Uru_SP.pdf
3556008,Urupês,SP,SP/ATM_3556008_Urupes_SP.pdf
3555802,Urânia,SP,SP/ATM_3555802_Urania_SP.pdf
3556107,Valentim Gentil,SP,SP/ATM_3556107_Valentim_Gentil_SP.pdf
3556206,Valinhos,SP,SP/ATM_3556206_Valinhos_SP.pdf
3556305,Valparaíso,SP,SP/ATM_3556305_Valparaiso_SP.pdf
3556354,Vargem,SP,SP/ATM_3556354_Vargem_SP.pdf
3556453,Vargem Grande Paulista,SP,SP/ATM_3556453_Vargem_Grande_Paulista_SP.pdf
3556404,Vargem Grande do Sul,SP,SP/ATM_3556404_Vargem_Grande_do_Sul_SP.pdf
3556602,Vera Cruz,SP,SP/ATM_3556602_Vera_Cruz_SP.pdf
3556701,Vinhedo,SP,SP/ATM_3556701_Vinhedo_SP.pdf
3556800,Viradouro,SP,SP/ATM_3556800_Viradouro_SP.pdf
3556909,Vista Alegre do Alto,SP,SP/ATM_3556909_Vista_Alegre_do_Alto_SP.pdf
3556958,Vitória Brasil,SP,SP/ATM_3556958_Vitoria_Brasil_SP.pdf
3557006,Votorantim,SP,SP/ATM_3557006_Votorantim_SP.pdf
3557105,Votuporanga,SP,SP/ATM_3557105_Votuporanga_SP.pdf
3556503,Várzea Paulista,SP,SP/ATM_3556503_Varzea_Paulista_SP.pdf
3557154,Zacarias,SP,SP/ATM_3557154_Zacarias_SP.pdf
3500402,Águas da Prata,SP,SP/ATM_3500402_Aguas_da_Prata_SP.pdf
3500501,Águas de Lindóia,SP,SP/ATM_3500501_Aguas_de_Lindoia_SP.pdf
3500550,Águas de Santa Bárbara,SP,SP/ATM_3500550_Aguas_de_Santa_Barbara_SP.pdf
3500600,Águas de São Pedro,SP,SP/ATM_3500600_Aguas_de_Sao_Pedro_SP.pdf
3501202,Álvares Florence,SP,SP/ATM_3501202_Alvares_Florence_SP.pdf
3501301,Álvares Machado,SP,SP/ATM_3501301_Alvares_Machado_SP.pdf
3501400,Álvaro de Carvalho,SP,SP/ATM_3501400_Alvaro_de_Carvalho_SP.pdf
3533809,Óleo,SP,SP/ATM_3533809_Oleo_SP.pdf
4100103,Abatiá,PR,PR/ATM_4100103_Abatia_PR.pdf
4100202,Adrianópolis,PR,PR/ATM_4100202_Adrianopolis_PR.pdf
4100301,Agudos do Sul,PR,PR/ATM_4100301_Agudos_do_Sul_PR.pdf
4100400,Almirante Tamandaré,PR,PR/ATM_4100400_Almirante_Tamandare_PR.pdf
4100459,Altamira do Paraná,PR,PR/ATM_4100459_Altamira_do_Parana_PR.pdf
4100608,Alto Paraná,PR,PR/ATM_4100608_Alto_Parana_PR.pdf
4128625,Alto Paraíso,PR,PR/ATM_4128625_Alto_Paraiso_PR.pdf
4100707,Alto Piquiri,PR,PR/ATM_4100707_Alto_Piquiri_PR.pdf
4100509,Altônia,PR,PR/ATM_4100509_Altonia_PR.pdf
4100806,Alvorada do Sul,PR,PR/ATM_4100806_Alvorada_do_Sul_PR.pdf
4100905,Amaporã,PR,PR/ATM_4100905_Amapora_PR.pdf
4101002,Ampére,PR,PR/ATM_4101002_Ampere_PR.pdf
4101051,Anahy,PR,PR/ATM_4101051_Anahy_PR.pdf
4101101,Andirá,PR,PR/ATM_4101101_Andira_PR.pdf
4101200,Antonina,PR,PR/ATM_4101200_Antonina_PR.pdf
4101309,Antônio Olinto,PR,PR/ATM_4101309_Antonio_Olinto_PR.pdf
4101408,Apucarana,PR,PR/ATM_4101408_Apucarana_PR.pdf
4101507,Arapongas,PR,PR/ATM_4101507_Arapongas_PR.pdf
4101606,Arapoti,PR,PR/ATM_4101606_Arapoti_PR.pdf
4101655,Arapuã,PR,PR/ATM_4101655_Arapua_PR.pdf
4101705,Araruna,PR,PR/ATM_4101705_Araruna_PR.pdf
4101804,Araucária,PR,PR/ATM_4101804_Araucaria_PR.pdf
4101853,Ariranha do Ivaí,PR,PR/ATM_4101853_Ariranha_do_Ivai_PR.pdf
4101903,Assaí,PR,PR/ATM_4101903_Assai_PR.pdf
4102000,Assis Chateaubriand,PR,PR/ATM_4102000_Assis_Chateaubriand_PR.pdf
4102109,Astorga,PR,PR/ATM_4102109_Astorga_PR.pdf
4102208,Atalaia,PR,PR/ATM_4102208_Atalaia_PR.pdf
4102307,Balsa Nova,PR,PR/ATM_4102307_Balsa_Nova_PR.pdf
4102406,Bandeirantes,PR,PR/ATM_4102406_Bandeirantes_PR.pdf
4102505,Barbosa Ferraz,PR,PR/ATM_4102505_Barbosa_Ferraz_PR.pdf
4102703,Barra do Jacaré,PR,PR/ATM_4102703_Barra_do_Jacare_PR.pdf
4102604,Barracão,PR,PR/ATM_4102604_Barracao_PR.pdf
4102752,Bela Vista da Caroba,PR,PR/ATM_4102752_Bela_Vista_da_Caroba_PR.pdf
4102802,Bela Vista do Paraíso,PR,PR/ATM_4102802_Bela_Vista_do_Paraiso_PR.pdf
4102901,Bituruna,PR,PR/ATM_4102901_Bituruna_PR.pdf
4103008,Boa Esperança,PR,PR/ATM_4103008_Boa_Esperanca_PR.pdf
4103024,Boa Esperança do Iguaçu,PR,PR/ATM_4103024_Boa_Esperanca_do_Iguacu_PR.pdf
4103040,Boa Ventura de São Roque,PR,PR/ATM_4103040_Boa_Ventura_de_Sao_Roque_PR.pdf
4103057,Boa Vista da Aparecida,PR,PR/ATM_4103057_Boa_Vista_da_Aparecida_PR.pdf
4103107,Bocaiúva do Sul,PR,PR/ATM_4103107_Bocaiuva_do_Sul_PR.pdf
4103156,Bom Jesus do Sul,PR,PR/ATM_4103156_Bom_Jesus_do_Sul_PR.pdf
4103206,Bom Sucesso,PR,PR/ATM_4103206_Bom_Sucesso_PR.pdf
4103222,Bom Sucesso do Sul,PR,PR/ATM_4103222_Bom_Sucesso_do_Sul_PR.pdf
4103305,Borrazópolis,PR,PR/ATM_4103305_Borrazopolis_PR.pdf
4103354,Braganey,PR,PR/ATM_4103354_Braganey_PR.pdf
4103370,Brasilândia do Sul,PR,PR/ATM_4103370_Brasilandia_do_Sul_PR.pdf
4103404,Cafeara,PR,PR/ATM_4103404_Cafeara_PR.pdf
4103453,Cafelândia,PR,PR/ATM_4103453_Cafelandia_PR.pdf
4103479,Cafezal do Sul,PR,PR/ATM_4103479_Cafezal_do_Sul_PR.pdf
4103503,Califórnia,PR,PR/ATM_4103503_California_PR.pdf
4103602,Cambará,PR,PR/ATM_4103602_Cambara_PR.pdf
4103800,Cambira,PR,PR/ATM_4103800_Cambira_PR.pdf
4103701,Cambé,PR,PR/ATM_4103701_Cambe_PR.pdf
4104006,Campina Grande do Sul,PR,PR/ATM_4104006_Campina_Grande_do_Sul_PR.pdf
4103909,Campina da Lagoa,PR,PR/ATM_4103909_Campina_da_Lagoa_PR.pdf
4103958,Campina do Simão,PR,PR/ATM_4103958_Campina_do_Simao_PR.pdf
4104055,Campo Bonito,PR,PR/ATM_4104055_Campo_Bonito_PR.pdf
4104204,Campo Largo,PR,PR/ATM_4104204_Campo_Largo_PR.pdf
4104253,Campo Magro,PR,PR/ATM_4104253_Campo_Magro_PR.pdf
4104303,Campo Mourão,PR,PR/ATM_4104303_Campo_Mourao_PR.pdf
4104105,Campo do Tenente,PR,PR/ATM_4104105_Campo_do_Tenente_PR.pdf
4104428,Candói,PR,PR/ATM_4104428_Candoi_PR.pdf
4104451,Cantagalo,PR,PR/ATM_4104451_Cantagalo_PR.pdf
4104501,Capanema,PR,PR/ATM_4104501_Capanema_PR.pdf
4104600,Capitão Leônidas Marques,PR,PR/ATM_4104600_Capitao_Leonidas_Marques_PR.pdf
4104659,Carambeí,PR,PR/ATM_4104659_Carambei_PR.pdf
4104709,Carlópolis,PR,PR/ATM_4104709_Carlopolis_PR.pdf
4104808,Cascavel,PR,PR/ATM_4104808_Cascavel_PR.pdf
4104907,Castro,PR,PR/ATM_4104907_Castro_PR.pdf
4105003,Catanduvas,PR,PR/ATM_4105003_Catanduvas_PR.pdf
4105102,Centenário do Sul,PR,PR/ATM_4105102_Centenario_do_Sul_PR.pdf
4105201,Cerro Azul,PR,PR/ATM_4105201_Cerro_Azul_PR.pdf
4105409,Chopinzinho,PR,PR/ATM_4105409_Chopinzinho_PR.pdf
4105508,Cianorte,PR,PR/ATM_4105508_Cianorte_PR.pdf
4105607,Cidade Gaúcha,PR,PR/ATM_4105607_Cidade_Gaucha_PR.pdf
4105706,Clevelândia,PR,PR/ATM_4105706_Clevelandia_PR.pdf
4105805,Colombo,PR,PR/ATM_4105805_Colombo_PR.pdf
4105904,Colorado,PR,PR/ATM_4105904_Colorado_PR.pdf
4106001,Congonhinhas,PR,PR/ATM_4106001_Congonhinhas_PR.pdf
4106100,Conselheiro Mairinck,PR,PR/ATM_4106100_Conselheiro_Mairinck_PR.pdf
4106209,Contenda,PR,PR/ATM_4106209_Contenda_PR.pdf
4106308,Corbélia,PR,PR/ATM_4106308_Corbelia_PR.pdf
4106407,Cornélio Procópio,PR,PR/ATM_4106407_Cornelio_Procopio_PR.pdf
4106456,Coronel Domingos Soares,PR,PR/ATM_4106456_Coronel_Domingos_Soares_PR.pdf
4106506,Coronel Vivida,PR,PR/ATM_4106506_Coronel_Vivida_PR.pdf
4106555,Corumbataí do Sul,PR,PR/ATM_4106555_Corumbatai_do_Sul_PR.pdf
4106803,Cruz Machado,PR,PR/ATM_4106803_Cruz_Machado_PR.pdf
4106571,Cruzeiro do Iguaçu,PR,PR/ATM_4106571_Cruzeiro_do_Iguacu_PR.pdf
4106605,Cruzeiro do Oeste,PR,PR/ATM_4106605_Cruzeiro_do_Oeste_PR.pdf
4106704,Cruzeiro do Sul,PR,PR/ATM_4106704_Cruzeiro_do_Sul_PR.pdf
4106852,Cruzmaltina,PR,PR/ATM_4106852_Cruzmaltina_PR.pdf
4106902,Curitiba,PR,PR/ATM_4106902_Curitiba_PR.pdf
4107009,Curiúva,PR,PR/ATM_4107009_Curiuva_PR.pdf
4104402,Cândido de Abreu,PR,PR/ATM_4104402_Candido_de_Abreu_PR.pdf
4105300,Céu Azul,PR,PR/ATM_4105300_Ceu_Azul_PR.pdf
4107157,Diamante D'Oeste,PR,PR/ATM_4107157_Diamante_D_Oeste_PR.pdf
4107108,Diamante do Norte,PR,PR/ATM_4107108_Diamante_do_Norte_PR.pdf
4107124,Diamante do Sul,PR,PR/ATM_4107124_Diamante_do_Sul_PR.pdf
4107207,Dois Vizinhos,PR,PR/ATM_4107207_Dois_Vizinhos_PR.pdf
4107256,Douradina,PR,PR/ATM_4107256_Douradina_PR.pdf
4107306,Doutor Camargo,PR,PR/ATM_4107306_Doutor_Camargo_PR.pdf
4128633,Doutor Ulysses,PR,PR/ATM_4128633_Doutor_Ulysses_PR.pdf
4107504,Engenheiro Beltrão,PR,PR/ATM_4107504_Engenheiro_Beltrao_PR.pdf
4107538,Entre Rios do Oeste,PR,PR/ATM_4107538_Entre_Rios_do_Oeste_PR.pdf
4107405,Enéas Marques,PR,PR/ATM_4107405_Eneas_Marques_PR.pdf
4107520,Esperança Nova,PR,PR/ATM_4107520_Esperanca_Nova_PR.pdf
4107546,Espigão Alto do Iguaçu,PR,PR/ATM_4107546_Espigao_Alto_do_Iguacu_PR.pdf
4107553,Farol,PR,PR/ATM_4107553_Farol_PR.pdf
4107603,Faxinal,PR,PR/ATM_4107603_Faxinal_PR.pdf
4107652,Fazenda Rio Grande,PR,PR/ATM_4107652_Fazenda_Rio_Grande_PR.pdf
4107736,Fernandes Pinheiro,PR,PR/ATM_4107736_Fernandes_Pinheiro_PR.pdf
4107751,Figueira,PR,PR/ATM_4107751_Figueira_PR.pdf
4107850,Flor da Serra do Sul,PR,PR/ATM_4107850_Flor_da_Serra_do_Sul_PR.pdf
4107801,Floraí,PR,PR/ATM_4107801_Florai_PR.pdf
4107900,Floresta,PR,PR/ATM_4107900_Floresta_PR.pdf
4108007,Florestópolis,PR,PR/ATM_4108007_Florestopolis_PR.pdf
4108106,Flórida,PR,PR/ATM_4108106_Florida_PR.pdf
4108205,Formosa do Oeste,PR,PR/ATM_4108205_Formosa_do_Oeste_PR.pdf
4108304,Foz do Iguaçu,PR,PR/ATM_4108304_Foz_do_Iguacu_PR.pdf
4108452,Foz do Jordão,PR,PR/ATM_4108452_Foz_do_Jordao_PR.pdf
4108320,Francisco Alves,PR,PR/ATM_4108320_Francisco_Alves_PR.pdf
4108403,Francisco Beltrão,PR,PR/ATM_4108403_Francisco_Beltrao_PR.pdf
4107702,Fênix,PR,PR/ATM_4107702_Fenix_PR.pdf
4108502,General Carneiro,PR,PR/ATM_4108502_General_Carneiro_PR.pdf
4108551,Godoy Moreira,PR,PR/ATM_4108551_Godoy_Moreira_PR.pdf
4108601,Goioerê,PR,PR/ATM_4108601_Goioere_PR.pdf
4108650,Goioxim,PR,PR/ATM_4108650_Goioxim_PR.pdf
4108700,Grandes Rios,PR,PR/ATM_4108700_Grandes_Rios_PR.pdf
4108908,Guairaçá,PR,PR/ATM_4108908_Guairaca_PR.pdf
4108957,Guamiranga,PR,PR/ATM_4108957_Guamiranga_PR.pdf
4109005,Guapirama,PR,PR/ATM_4109005_Guapirama_PR.pdf
4109104,Guaporema,PR,PR/ATM_4109104_Guaporema_PR.pdf
4109203,Guaraci,PR,PR/ATM_4109203_Guaraci_PR.pdf
4109302,Guaraniaçu,PR,PR/ATM_4109302_Guaraniacu_PR.pdf
4109401,Guarapuava,PR,PR/ATM_4109401_Guarapuava_PR.pdf
4109500,Guaraqueçaba,PR,PR/ATM_4109500_Guaraquecaba_PR.pdf
4109609,Guaratuba,PR,PR/ATM_4109609_Guaratuba_PR.pdf
4108809,Guaíra,PR,PR/ATM_4108809_Guaira_PR.pdf
4109658,Honório Serpa,PR,PR/ATM_4109658_Honorio_Serpa_PR.pdf
4109708,Ibaiti,PR,PR/ATM_4109708_Ibaiti_PR.pdf
4109757,Ibema,PR,PR/ATM_4109757_Ibema_PR.pdf
4109807,Ibiporã,PR,PR/ATM_4109807_Ibipora_PR.pdf
4109906,Icaraíma,PR,PR/ATM_4109906_Icaraima_PR.pdf
4110003,Iguaraçu,PR,PR/ATM_4110003_Iguaracu_PR.pdf
4110052,Iguatu,PR,PR/ATM_4110052_Iguatu_PR.pdf
4110078,Imbaú,PR,PR/ATM_4110078_Imbau_PR.pdf
4110102,Imbituva,PR,PR/ATM_4110102_Imbituva_PR.pdf
4110300,Inajá,PR,PR/ATM_4110300_Inaja_PR.pdf
4110409,Indianópolis,PR,PR/ATM_4110409_Indianopolis_PR.pdf
4110201,Inácio Martins,PR,PR/ATM_4110201_Inacio_Martins_PR.pdf
4110508,Ipiranga,PR,PR/ATM_4110508_Ipiranga_PR.pdf
4110607,Iporã,PR,PR/ATM_4110607_Ipora_PR.pdf
4110656,Iracema do Oeste,PR,PR/ATM_4110656_Iracema_do_Oeste_PR.pdf
4110706,Irati,PR,PR/ATM_4110706_Irati_PR.pdf
4110805,Iretama,PR,PR/ATM_4110805_Iretama_PR.pdf
4110904,Itaguajé,PR,PR/ATM_4110904_Itaguaje_PR.pdf
4110953,Itaipulândia,PR,PR/ATM_4110953_Itaipulandia_PR.pdf
4111001,Itambaracá,PR,PR/ATM_4111001_Itambaraca_PR.pdf
4111100,Itambé,PR,PR/ATM_4111100_Itambe_PR.pdf
4111209,Itapejara d'Oeste,PR,PR/ATM_4111209_Itapejara_d_Oeste_PR.pdf
4111258,Itaperuçu,PR,PR/ATM_4111258_Itaperucu_PR.pdf
4111308,Itaúna do Sul,PR,PR/ATM_4111308_Itauna_do_Sul_PR.pdf
4111506,Ivaiporã,PR,PR/ATM_4111506_Ivaipora_PR.pdf
4111605,Ivatuba,PR,PR/ATM_4111605_Ivatuba_PR.pdf
4111555,Ivaté,PR,PR/ATM_4111555_Ivate_PR.pdf
4111407,Ivaí,PR,PR/ATM_4111407_Ivai_PR.pdf
4111704,Jaboti,PR,PR/ATM_4111704_Jaboti_PR.pdf
4111803,Jacarezinho,PR,PR/ATM_4111803_Jacarezinho_PR.pdf
4111902,Jaguapitã,PR,PR/ATM_4111902_Jaguapita_PR.pdf
4112009,Jaguariaíva,PR,PR/ATM_4112009_Jaguariaiva_PR.pdf
4112108,Jandaia do Sul,PR,PR/ATM_4112108_Jandaia_do_Sul_PR.pdf
4112207,Janiópolis,PR,PR/ATM_4112207_Janiopolis_PR.pdf
4112306,Japira,PR,PR/ATM_4112306_Japira_PR.pdf
4112405,Japurá,PR,PR/ATM_4112405_Japura_PR.pdf
4112504,Jardim Alegre,PR,PR/ATM_4112504_Jardim_Alegre_PR.pdf
4112603,Jardim Olinda,PR,PR/ATM_4112603_Jardim_Olinda_PR.pdf
4112702,Jataizinho,PR,PR/ATM_4112702_Jataizinho_PR.pdf
4112751,Jesuítas,PR,PR/ATM_4112751_Jesuitas_PR.pdf
4112801,Joaquim Távora,PR,PR/ATM_4112801_Joaquim_Tavora_PR.pdf
4112900,Jundiaí do Sul,PR,PR/ATM_4112900_Jundiai_do_Sul_PR.pdf
4112959,Juranda,PR,PR/ATM_4112959_Juranda_PR.pdf
4113007,Jussara,PR,PR/ATM_4113007_Jussara_PR.pdf
4113106,Kaloré,PR,PR/ATM_4113106_Kalore_PR.pdf
4113205,Lapa,PR,PR/ATM_4113205_Lapa_PR.pdf
4113254,Laranjal,PR,PR/ATM_4113254_Laranjal_PR.pdf
4113304,Laranjeiras do Sul,PR,PR/ATM_4113304_Laranjeiras_do_Sul_PR.pdf
4113403,Leópolis,PR,PR/ATM_4113403_Leopolis_PR.pdf
4113429,Lidianópolis,PR,PR/ATM_4113429_Lidianopolis_PR.pdf
4113452,Lindoeste,PR,PR/ATM_4113452_Lindoeste_PR.pdf
4113502,Loanda,PR,PR/ATM_4113502_Loanda_PR.pdf
4113601,Lobato,PR,PR/ATM_4113601_Lobato_PR.pdf
4113700,Londrina,PR,PR/ATM_4113700_Londrina_PR.pdf
4113734,Luiziana,PR,PR/ATM_4113734_Luiziana_PR.pdf
4113759,Lunardelli,PR,PR/ATM_4113759_Lunardelli_PR.pdf
4113809,Lupionópolis,PR,PR/ATM_4113809_Lupionopolis_PR.pdf
4113908,Mallet,PR,PR/ATM_4113908_Mallet_PR.pdf
4114005,Mamborê,PR,PR/ATM_4114005_Mambore_PR.pdf
4114203,Mandaguari,PR,PR/ATM_4114203_Mandaguari_PR.pdf
4114104,Mandaguaçu,PR,PR/ATM_4114104_Mandaguacu_PR.pdf
4114302,Mandirituba,PR,PR/ATM_4114302_Mandirituba_PR.pdf
4114351,Manfrinópolis,PR,PR/ATM_4114351_Manfrinopolis_PR.pdf
4114401,Mangueirinha,PR,PR/ATM_4114401_Mangueirinha_PR.pdf
4114500,Manoel Ribas,PR,PR/ATM_4114500_Manoel_Ribas_PR.pdf
4114609,Marechal Cândido Rondon,PR,PR/ATM_4114609_Marechal_Candido_Rondon_PR.pdf
4114708,Maria Helena,PR,PR/ATM_4114708_Maria_Helena_PR.pdf
4114807,Marialva,PR,PR/ATM_4114807_Marialva_PR.pdf
4115002,Marilena,PR,PR/ATM_4115002_Marilena_PR.pdf
4115101,Mariluz,PR,PR/ATM_4115101_Mariluz_PR.pdf
4114906,Marilândia do Sul,PR,PR/ATM_4114906_Marilandia_do_Sul_PR.pdf
4115200,Maringá,PR,PR/ATM_4115200_Maringa_PR.pdf
4115358,Maripá,PR,PR/ATM_4115358_Maripa_PR.pdf
4115309,Mariópolis,PR,PR/ATM_4115309_Mariopolis_PR.pdf
4115408,Marmeleiro,PR,PR/ATM_4115408_Marmeleiro_PR.pdf
4115457,Marquinho,PR,PR/ATM_4115457_Marquinho_PR.pdf
4115507,Marumbi,PR,PR/ATM_4115507_Marumbi_PR.pdf
4115606,Matelândia,PR,PR/ATM_4115606_Matelandia_PR.pdf
4115705,Matinhos,PR,PR/ATM_4115705_Matinhos_PR.pdf
4115739,Mato Rico,PR,PR/ATM_4115739_Mato_Rico_PR.pdf
4115754,Mauá da Serra,PR,PR/ATM_4115754_Maua_da_Serra_PR.pdf
4115804,Medianeira,PR,PR/ATM_4115804_Medianeira_PR.pdf
4115853,Mercedes,PR,PR/ATM_4115853_Mercedes_PR.pdf
4115903,Mirador,PR,PR/ATM_4115903_Mirador_PR.pdf
4116000,Miraselva,PR,PR/ATM_4116000_Miraselva_PR.pdf
4116059,Missal,PR,PR/ATM_4116059_Missal_PR.pdf
4116109,Moreira Sales,PR,PR/ATM_4116109_Moreira_Sales_PR.pdf
4116208,Morretes,PR,PR/ATM_4116208_Morretes_PR.pdf
4116307,Munhoz de Melo,PR,PR/ATM_4116307_Munhoz_de_Melo_PR.pdf
4116406,Nossa Senhora das Graças,PR,PR/ATM_4116406_Nossa_Senhora_das_Gracas_PR.pdf
4116505,Nova Aliança do Ivaí,PR,PR/ATM_4116505_Nova_Alianca_do_Ivai_PR.pdf
4116604,Nova América da Colina,PR,PR/ATM_4116604_Nova_America_da_Colina_PR.pdf
4116703,Nova Aurora,PR,PR/ATM_4116703_Nova_Aurora_PR.pdf
4116802,Nova Cantu,PR,PR/ATM_4116802_Nova_Cantu_PR.pdf
4116901,Nova Esperança,PR,PR/ATM_4116901_Nova_Esperanca_PR.pdf
4116950,Nova Esperança do Sudoeste,PR,PR/ATM_4116950_Nova_Esperanca_do_Sudoeste_PR.pdf
4117008,Nova Fátima,PR,PR/ATM_4117008_Nova_Fatima_PR.pdf
4117057,Nova Laranjeiras,PR,PR/ATM_4117057_Nova_Laranjeiras_PR.pdf
4117107,Nova Londrina,PR,PR/ATM_4117107_Nova_Londrina_PR.pdf
4117206,Nova Olímpia,PR,PR/ATM_4117206_Nova_Olimpia_PR.pdf
4117255,Nova Prata do Iguaçu,PR,PR/ATM_4117255_Nova_Prata_do_Iguacu_PR.pdf
4117214,Nova Santa Bárbara,PR,PR/ATM_4117214_Nova_Santa_Barbara_PR.pdf
4117222,Nova Santa Rosa,PR,PR/ATM_4117222_Nova_Santa_Rosa_PR.pdf
4117271,Nova Tebas,PR,PR/ATM_4117271_Nova_Tebas_PR.pdf
4117297,Novo Itacolomi,PR,PR/ATM_4117297_Novo_Itacolomi_PR.pdf
4117305,Ortigueira,PR,PR/ATM_4117305_Ortigueira_PR.pdf
4117404,Ourizona,PR,PR/ATM_4117404_Ourizona_PR.pdf
4117453,Ouro Verde do Oeste,PR,PR/ATM_4117453_Ouro_Verde_do_Oeste_PR.pdf
4117503,Paiçandu,PR,PR/ATM_4117503_Paicandu_PR.pdf
4117602,Palmas,PR,PR/ATM_4117602_Palmas_PR.pdf
4117701,Palmeira,PR,PR/ATM_4117701_Palmeira_PR.pdf
4117800,Palmital,PR,PR/ATM_4117800_Palmital_PR.pdf
4117909,Palotina,PR,PR/ATM_4117909_Palotina_PR.pdf
4118105,Paranacity,PR,PR/ATM_4118105_Paranacity_PR.pdf
4118204,Paranaguá,PR,PR/ATM_4118204_Paranagua_PR.pdf
4118303,Paranapoema,PR,PR/ATM_4118303_Paranapoema_PR.pdf
4118402,Paranavaí,PR,PR/ATM_4118402_Paranavai_PR.pdf
4118006,Paraíso do Norte,PR,PR/ATM_4118006_Paraiso_do_Norte_PR.pdf
4118451,Pato Bragado,PR,PR/ATM_4118451_Pato_Bragado_PR.pdf
4118501,Pato Branco,PR,PR/ATM_4118501_Pato_Branco_PR.pdf
4118600,Paula Freitas,PR,PR/ATM_4118600_Paula_Freitas_PR.pdf
4118709,Paulo Frontin,PR,PR/ATM_4118709_Paulo_Frontin_PR.pdf
4118808,Peabiru,PR,PR/ATM_4118808_Peabiru_PR.pdf
4118857,Perobal,PR,PR/ATM_4118857_Perobal_PR.pdf
4119152,Pinhais,PR,PR/ATM_4119152_Pinhais_PR.pdf
4119251,Pinhal de São Bento,PR,PR/ATM_4119251_Pinhal_de_Sao_Bento_PR.pdf
4119202,Pinhalão,PR,PR/ATM_4119202_Pinhalao_PR.pdf
4119301,Pinhão,PR,PR/ATM_4119301_Pinhao_PR.pdf
4119509,Piraquara,PR,PR/ATM_4119509_Piraquara_PR.pdf
4119400,Piraí do Sul,PR,PR/ATM_4119400_Pirai_do_Sul_PR.pdf
4119608,Pitanga,PR,PR/ATM_4119608_Pitanga_PR.pdf
4119657,Pitangueiras,PR,PR/ATM_4119657_Pitangueiras_PR.pdf
4119103,Piên,PR,PR/ATM_4119103_Pien_PR.pdf
4119707,Planaltina do Paraná,PR,PR/ATM_4119707_Planaltina_do_Parana_PR.pdf
4119806,Planalto,PR,PR/ATM_4119806_Planalto_PR.pdf
4119905,Ponta Grossa,PR,PR/ATM_4119905_Ponta_Grossa_PR.pdf
4119954,Pontal do Paraná,PR,PR/ATM_4119954_Pontal_do_Parana_PR.pdf
4120002,Porecatu,PR,PR/ATM_4120002_Porecatu_PR.pdf
4120101,Porto Amazonas,PR,PR/ATM_4120101_Porto_Amazonas_PR.pdf
4120150,Porto Barreiro,PR,PR/ATM_4120150_Porto_Barreiro_PR.pdf
4120200,Porto Rico,PR,PR/ATM_4120200_Porto_Rico_PR.pdf
4120309,Porto Vitória,PR,PR/ATM_4120309_Porto_Vitoria_PR.pdf
4120333,Prado Ferreira,PR,PR/ATM_4120333_Prado_Ferreira_PR.pdf
4120358,Pranchita,PR,PR/ATM_4120358_Pranchita_PR.pdf
4120408,Presidente Castelo Branco,PR,PR/ATM_4120408_Presidente_Castelo_Branco_PR.pdf
4120507,Primeiro de Maio,PR,PR/ATM_4120507_Primeiro_de_Maio_PR.pdf
4120606,Prudentópolis,PR,PR/ATM_4120606_Prudentopolis_PR.pdf
4118907,Pérola,PR,PR/ATM_4118907_Perola_PR.pdf
4119004,Pérola d'Oeste,PR,PR/ATM_4119004_Perola_d_Oeste_PR.pdf
4120655,Quarto Centenário,PR,PR/ATM_4120655_Quarto_Centenario_PR.pdf
4120705,Quatiguá,PR,PR/ATM_4120705_Quatigua_PR.pdf
4120804,Quatro Barras,PR,PR/ATM_4120804_Quatro_Barras_PR.pdf
4120853,Quatro Pontes,PR,PR/ATM_4120853_Quatro_Pontes_PR.pdf
4120903,Quedas do Iguaçu,PR,PR/ATM_4120903_Quedas_do_Iguacu_PR.pdf
4121000,Querência do Norte,PR,PR/ATM_4121000_Querencia_do_Norte_PR.pdf
4121109,Quinta do Sol,PR,PR/ATM_4121109_Quinta_do_Sol_PR.pdf
4121208,Quitandinha,PR,PR/ATM_4121208_Quitandinha_PR.pdf
4121257,Ramilândia,PR,PR/ATM_4121257_Ramilandia_PR.pdf
4121307,Rancho Alegre,PR,PR/ATM_4121307_Rancho_Alegre_PR.pdf
4121356,Rancho Alegre D'Oeste,PR,PR/ATM_4121356_Rancho_Alegre_D_Oeste_PR.pdf
4121406,Realeza,PR,PR/ATM_4121406_Realeza_PR.pdf
4121505,Rebouças,PR,PR/ATM_4121505_Reboucas_PR.pdf
4121604,Renascença,PR,PR/ATM_4121604_Renascenca_PR.pdf
4121703,Reserva,PR,PR/ATM_4121703_Reserva_PR.pdf
4121752,Reserva do Iguaçu,PR,PR/ATM_4121752_Reserva_do_Iguacu_PR.pdf
4121802,Ribeirão Claro,PR,PR/ATM_4121802_Ribeirao_Claro_PR.pdf
4121901,Ribeirão do Pinhal,PR,PR/ATM_4121901_Ribeirao_do_Pinhal_PR.pdf
4122008,Rio Azul,PR,PR/ATM_4122008_Rio_Azul_PR.pdf
4122107,Rio Bom,PR,PR/ATM_4122107_Rio_Bom_PR.pdf
4122156,Rio Bonito do Iguaçu,PR,PR/ATM_4122156_Rio_Bonito_do_Iguacu_PR.pdf
4122172,Rio Branco do Ivaí,PR,PR/ATM_4122172_Rio_Branco_do_Ivai_PR.pdf
4122206,Rio Branco do Sul,PR,PR/ATM_4122206_Rio_Branco_do_Sul_PR.pdf
4122305,Rio Negro,PR,PR/ATM_4122305_Rio_Negro_PR.pdf
4122404,Rolândia,PR,PR/ATM_4122404_Rolandia_PR.pdf
4122503,Roncador,PR,PR/ATM_4122503_Roncador_PR.pdf
4122602,Rondon,PR,PR/ATM_4122602_Rondon_PR.pdf
4122651,Rosário do Ivaí,PR,PR/ATM_4122651_Rosario_do_Ivai_PR.pdf
4122701,Sabáudia,PR,PR/ATM_4122701_Sabaudia_PR.pdf
4122800,Salgado Filho,PR,PR/ATM_4122800_Salgado_Filho_PR.pdf
4122909,Salto do Itararé,PR,PR/ATM_4122909_Salto_do_Itarare_PR.pdf
4123006,Salto do Lontra,PR,PR/ATM_4123006_Salto_do_Lontra_PR.pdf
4123105,Santa Amélia,PR,PR/ATM_4123105_Santa_Amelia_PR.pdf
4123204,Santa Cecília do Pavão,PR,PR/ATM_4123204_Santa_Cecilia_do_Pavao_PR.pdf
4123303,Santa Cruz de Monte Castelo,PR,PR/ATM_4123303_Santa_Cruz_de_Monte_Castelo_PR.pdf
4123402,Santa Fé,PR,PR/ATM_4123402_Santa_Fe_PR.pdf
4123501,Santa Helena,PR,PR/ATM_4123501_Santa_Helena_PR.pdf
4123600,Santa Inês,PR,PR/ATM_4123600_Santa_Ines_PR.pdf
4123709,Santa Isabel do Ivaí,PR,PR/ATM_4123709_Santa_Isabel_do_Ivai_PR.pdf
4123808,Santa Izabel do Oeste,PR,PR/ATM_4123808_Santa_Izabel_do_Oeste_PR.pdf
4123824,Santa Lúcia,PR,PR/ATM_4123824_Santa_Lucia_PR.pdf
4123857,Santa Maria do Oeste,PR,PR/ATM_4123857_Santa_Maria_do_Oeste_PR.pdf
4123907,Santa Mariana,PR,PR/ATM_4123907_Santa_Mariana_PR.pdf
4123956,Santa Mônica,PR,PR/ATM_4123956_Santa_Monica_PR.pdf
4124020,Santa Tereza do Oeste,PR,PR/ATM_4124020_Santa_Tereza_do_Oeste_PR.pdf
4124053,Santa Terezinha de Itaipu,PR,PR/ATM_4124053_Santa_Terezinha_de_Itaipu_PR.pdf
4124004,Santana do Itararé,PR,PR/ATM_4124004_Santana_do_Itarare_PR.pdf
4124103,Santo Antônio da Platina,PR,PR/ATM_4124103_Santo_Antonio_da_Platina_PR.pdf
4124202,Santo Antônio do Caiuá,PR,PR/ATM_4124202_Santo_Antonio_do_Caiua_PR.pdf
4124301,Santo Antônio do Paraíso,PR,PR/ATM_4124301_Santo_Antonio_do_Paraiso_PR.pdf
4124400,Santo Antônio do Sudoeste,PR,PR/ATM_4124400_Santo_Antonio_do_Sudoeste_PR.pdf
4124509,Santo Inácio,PR,PR/ATM_4124509_Santo_Inacio_PR.pdf
4126207,Sapopema,PR,PR/ATM_4126207_Sapopema_PR.pdf
4126256,Sarandi,PR,PR/ATM_4126256_Sarandi_PR.pdf
4126272,Saudade do Iguaçu,PR,PR/ATM_4126272_Saudade_do_Iguacu_PR.pdf
4126306,Sengés,PR,PR/ATM_4126306_Senges_PR.pdf
4126355,Serranópolis do Iguaçu,PR,PR/ATM_4126355_Serranopolis_do_Iguacu_PR.pdf
4126405,Sertaneja,PR,PR/ATM_4126405_Sertaneja_PR.pdf
4126504,Sertanópolis,PR,PR/ATM_4126504_Sertanopolis_PR.pdf
4126603,Siqueira Campos,PR,PR/ATM_4126603_Siqueira_Campos_PR.pdf
4126652,Sulina,PR,PR/ATM_4126652_Sulina_PR.pdf
4124608,São Carlos do Ivaí,PR,PR/ATM_4124608_Sao_Carlos_do_Ivai_PR.pdf
4124707,São Jerônimo da Serra,PR,PR/ATM_4124707_Sao_Jeronimo_da_Serra_PR.pdf
4125209,São Jorge d'Oeste,PR,PR/ATM_4125209_Sao_Jorge_d_Oeste_PR.pdf
4125308,São Jorge do Ivaí,PR,PR/ATM_4125308_Sao_Jorge_do_Ivai_PR.pdf
4125357,São Jorge do Patrocínio,PR,PR/ATM_4125357_Sao_Jorge_do_Patrocinio_PR.pdf
4125407,São José da Boa Vista,PR,PR/ATM_4125407_Sao_Jose_da_Boa_Vista_PR.pdf
4125456,São José das Palmeiras,PR,PR/ATM_4125456_Sao_Jose_das_Palmeiras_PR.pdf
4125506,São José dos Pinhais,PR,PR/ATM_4125506_Sao_Jose_dos_Pinhais_PR.pdf
4124806,São João,PR,PR/ATM_4124806_Sao_Joao_PR.pdf
4124905,São João do Caiuá,PR,PR/ATM_4124905_Sao_Joao_do_Caiua_PR.pdf
4125001,São João do Ivaí,PR,PR/ATM_4125001_Sao_Joao_do_Ivai_PR.pdf
4125100,São João do Triunfo,PR,PR/ATM_4125100_Sao_Joao_do_Triunfo_PR.pdf
4125555,São Manoel do Paraná,PR,PR/ATM_4125555_Sao_Manoel_do_Parana_PR.pdf
4125605,São Mateus do Sul,PR,PR/ATM_4125605_Sao_Mateus_do_Sul_PR.pdf
4125704,São Miguel do Iguaçu,PR,PR/ATM_4125704_Sao_Miguel_do_Iguacu_PR.pdf
4125753,São Pedro do Iguaçu,PR,PR/ATM_4125753_Sao_Pedro_do_Iguacu_PR.pdf
4125803,São Pedro do Ivaí,PR,PR/ATM_4125803_Sao_Pedro_do_Ivai_PR.pdf
4125902,São Pedro do Paraná,PR,PR/ATM_4125902_Sao_Pedro_do_Parana_PR.pdf
4126009,São Sebastião da Amoreira,PR,PR/ATM_4126009_Sao_Sebastiao_da_Amoreira_PR.pdf
4126108,São Tomé,PR,PR/ATM_4126108_Sao_Tome_PR.pdf
4126678,Tamarana,PR,PR/ATM_4126678_Tamarana_PR.pdf
4126702,Tamboara,PR,PR/ATM_4126702_Tamboara_PR.pdf
4126801,Tapejara,PR,PR/ATM_4126801_Tapejara_PR.pdf
4126900,Tapira,PR,PR/ATM_4126900_Tapira_PR.pdf
4127007,Teixeira Soares,PR,PR/ATM_4127007_Teixeira_Soares_PR.pdf
4127106,Telêmaco Borba,PR,PR/ATM_4127106_Telemaco_Borba_PR.pdf
4127205,Terra Boa,PR,PR/ATM_4127205_Terra_Boa_PR.pdf
4127304,Terra Rica,PR,PR/ATM_4127304_Terra_Rica_PR.pdf
4127403,Terra Roxa,PR,PR/ATM_4127403_Terra_Roxa_PR.pdf
4127502,Tibagi,PR,PR/ATM_4127502_Tibagi_PR.pdf
4127601,Tijucas do Sul,PR,PR/ATM_4127601_Tijucas_do_Sul_PR.pdf
4127700,Toledo,PR,PR/ATM_4127700_Toledo_PR.pdf
4127809,Tomazina,PR,PR/ATM_4127809_Tomazina_PR.pdf
4127858,Três Barras do Paraná,PR,PR/ATM_4127858_Tres_Barras_do_Parana_PR.pdf
4127882,Tunas do Paraná,PR,PR/ATM_4127882_Tunas_do_Parana_PR.pdf
4127908,Tuneiras do Oeste,PR,PR/ATM_4127908_Tuneiras_do_Oeste_PR.pdf
4127957,Tupãssi,PR,PR/ATM_4127957_Tupassi_PR.pdf
4127965,Turvo,PR,PR/ATM_4127965_Turvo_PR.pdf
4128005,Ubiratã,PR,PR/ATM_4128005_Ubirata_PR.pdf
4128104,Umuarama,PR,PR/ATM_4128104_Umuarama_PR.pdf
4128302,Uniflor,PR,PR/ATM_4128302_Uniflor_PR.pdf
4128203,União da Vitória,PR,PR/ATM_4128203_Uniao_da_Vitoria_PR.pdf
4128401,Uraí,PR,PR/ATM_4128401_Urai_PR.pdf
4128534,Ventania,PR,PR/ATM_4128534_Ventania_PR.pdf
4128559,Vera Cruz do Oeste,PR,PR/ATM_4128559_Vera_Cruz_do_Oeste_PR.pdf
4128609,Verê,PR,PR/ATM_4128609_Vere_PR.pdf
4128658,Virmond,PR,PR/ATM_4128658_Virmond_PR.pdf
4128708,Vitorino,PR,PR/ATM_4128708_Vitorino_PR.pdf
4128500,Wenceslau Braz,PR,PR/ATM_4128500_Wenceslau_Braz_PR.pdf
4128807,Xambrê,PR,PR/ATM_4128807_Xambre_PR.pdf
4101150,Ângulo,PR,PR/ATM_4101150_Angulo_PR.pdf
4300034,Aceguá,RS,RS/ATM_4300034_Acegua_RS.pdf
4300109,Agudo,RS,RS/ATM_4300109_Agudo_RS.pdf
4300208,Ajuricaba,RS,RS/ATM_4300208_Ajuricaba_RS.pdf
4300307,Alecrim,RS,RS/ATM_4300307_Alecrim_RS.pdf
4300406,Alegrete,RS,RS/ATM_4300406_Alegrete_RS.pdf
4300455,Alegria,RS,RS/ATM_4300455_Alegria_RS.pdf
4300471,Almirante Tamandaré do Sul,RS,RS/ATM_4300471_Almirante_Tamandare_do_Sul_RS.pdf
4300505,Alpestre,RS,RS/ATM_4300505_Alpestre_RS.pdf
4300554,Alto Alegre,RS,RS/ATM_4300554_Alto_Alegre_RS.pdf
4300570,Alto Feliz,RS,RS/ATM_4300570_Alto_Feliz_RS.pdf
4300604,Alvorada,RS,RS/ATM_4300604_Alvorada_RS.pdf
4300638,Amaral Ferrador,RS,RS/ATM_4300638_Amaral_Ferrador_RS.pdf
4300646,Ametista do Sul,RS,RS/ATM_4300646_Ametista_do_Sul_RS.pdf
4300661,André da Rocha,RS,RS/ATM_4300661_Andre_da_Rocha_RS.pdf
4300703,Anta Gorda,RS,RS/ATM_4300703_Anta_Gorda_RS.pdf
4300802,Antônio Prado,RS,RS/ATM_4300802_Antonio_Prado_RS.pdf
4300851,Arambaré,RS,RS/ATM_4300851_Arambare_RS.pdf
4300877,Araricá,RS,RS/ATM_4300877_Ararica_RS.pdf
4300901,Aratiba,RS,RS/ATM_4300901_Aratiba_RS.pdf
4301305,Arroio Grande,RS,RS/ATM_4301305_Arroio_Grande_RS.pdf
4301008,Arroio do Meio,RS,RS/ATM_4301008_Arroio_do_Meio_RS.pdf
4301073,Arroio do Padre,RS,RS/ATM_4301073_Arroio_do_Padre_RS.pdf
4301057,Arroio do Sal,RS,RS/ATM_4301057_Arroio_do_Sal_RS.pdf
4301206,Arroio do Tigre,RS,RS/ATM_4301206_Arroio_do_Tigre_RS.pdf
4301107,Arroio dos Ratos,RS,RS/ATM_4301107_Arroio_dos_Ratos_RS.pdf
4301404,Arvorezinha,RS,RS/ATM_4301404_Arvorezinha_RS.pdf
4301503,Augusto Pestana,RS,RS/ATM_4301503_Augusto_Pestana_RS.pdf
4301602,Bagé,RS,RS/ATM_4301602_Bage_RS.pdf
4301636,Balneário Pinhal,RS,RS/ATM_4301636_Balneario_Pinhal_RS.pdf
4301958,Barra Funda,RS,RS/ATM_4301958_Barra_Funda_RS.pdf
4301859,Barra do Guarita,RS,RS/ATM_4301859_Barra_do_Guarita_RS.pdf
4301875,Barra do Quaraí,RS,RS/ATM_4301875_Barra_do_Quarai_RS.pdf
4301909,Barra do Ribeiro,RS,RS/ATM_4301909_Barra_do_Ribeiro_RS.pdf
4301925,Barra do Rio Azul,RS,RS/ATM_4301925_Barra_do_Rio_Azul_RS.pdf
4301800,Barracão,RS,RS/ATM_4301800_Barracao_RS.pdf
4302006,Barros Cassal,RS,RS/ATM_4302006_Barros_Cassal_RS.pdf
4301651,Barão,RS,RS/ATM_4301651_Barao_RS.pdf
4301701,Barão de Cotegipe,RS,RS/ATM_4301701_Barao_de_Cotegipe_RS.pdf
4301750,Barão do Triunfo,RS,RS/ATM_4301750_Barao_do_Triunfo_RS.pdf
4302055,Benjamin Constant do Sul,RS,RS/ATM_4302055_Benjamin_Constant_do_Sul_RS.pdf
4302105,Bento Gonçalves,RS,RS/ATM_4302105_Bento_Goncalves_RS.pdf
4302154,Boa Vista das Missões,RS,RS/ATM_4302154_Boa_Vista_das_Missoes_RS.pdf
4302204,Boa Vista do Buricá,RS,RS/ATM_4302204_Boa_Vista_do_Burica_RS.pdf
4302220,Boa Vista do Cadeado,RS,RS/ATM_4302220_Boa_Vista_do_Cadeado_RS.pdf
4302238,Boa Vista do Incra,RS,RS/ATM_4302238_Boa_Vista_do_Incra_RS.pdf
4302253,Boa Vista do Sul,RS,RS/ATM_4302253_Boa_Vista_do_Sul_RS.pdf
4302303,Bom Jesus,RS,RS/ATM_4302303_Bom_Jesus_RS.pdf
4302352,Bom Princípio,RS,RS/ATM_4302352_Bom_Principio_RS.pdf
4302378,Bom Progresso,RS,RS/ATM_4302378_Bom_Progresso_RS.pdf
4302402,Bom Retiro do Sul,RS,RS/ATM_4302402_Bom_Retiro_do_Sul_RS.pdf
4302451,Boqueirão do Leão,RS,RS/ATM_4302451_Boqueirao_do_Leao_RS.pdf
4302501,Bossoroca,RS,RS/ATM_4302501_Bossoroca_RS.pdf
4302584,Bozano,RS,RS/ATM_4302584_Bozano_RS.pdf
4302600,Braga,RS,RS/ATM_4302600_Braga_RS.pdf
4302659,Brochier,RS,RS/ATM_4302659_Brochier_RS.pdf
4302709,Butiá,RS,RS/ATM_4302709_Butia_RS.pdf
4302907,Cacequi,RS,RS/ATM_4302907_Cacequi_RS.pdf
4303004,Cachoeira do Sul,RS,RS/ATM_4303004_Cachoeira_do_Sul_RS.pdf
4303103,Cachoeirinha,RS,RS/ATM_4303103_Cachoeirinha_RS.pdf
4303202,Cacique Doble,RS,RS/ATM_4303202_Cacique_Doble_RS.pdf
4303301,Caibaté,RS,RS/ATM_4303301_Caibate_RS.pdf
4303400,Caiçara,RS,RS/ATM_4303400_Caicara_RS.pdf
4303509,Camaquã,RS,RS/ATM_4303509_Camaqua_RS.pdf
4303558,Camargo,RS,RS/ATM_4303558_Camargo_RS.pdf
4303608,Cambará do Sul,RS,RS/ATM_4303608_Cambara_do_Sul_RS.pdf
4303673,Campestre da Serra,RS,RS/ATM_4303673_Campestre_da_Serra_RS.pdf
4303707,Campina das Missões,RS,RS/ATM_4303707_Campina_das_Missoes_RS.pdf
4303806,Campinas do Sul,RS,RS/ATM_4303806_Campinas_do_Sul_RS.pdf
4303905,Campo Bom,RS,RS/ATM_4303905_Campo_Bom_RS.pdf
4304002,Campo Novo,RS,RS/ATM_4304002_Campo_Novo_RS.pdf
4304101,Campos Borges,RS,RS/ATM_4304101_Campos_Borges_RS.pdf
4304200,Candelária,RS,RS/ATM_4304200_Candelaria_RS.pdf
4304358,Candiota,RS,RS/ATM_4304358_Candiota_RS.pdf
4304408,Canela,RS,RS/ATM_4304408_Canela_RS.pdf
4304507,Canguçu,RS,RS/ATM_4304507_Cangucu_RS.pdf
4304606,Canoas,RS,RS/ATM_4304606_Canoas_RS.pdf
4304614,Canudos do Vale,RS,RS/ATM_4304614_Canudos_do_Vale_RS.pdf
4304689,Capela de Santana,RS,RS/ATM_4304689_Capela_de_Santana_RS.pdf
4304697,Capitão,RS,RS/ATM_4304697_Capitao_RS.pdf
4304671,Capivari do Sul,RS,RS/ATM_4304671_Capivari_do_Sul_RS.pdf
4304622,Capão Bonito do Sul,RS,RS/ATM_4304622_Capao_Bonito_do_Sul_RS.pdf
4304630,Capão da Canoa,RS,RS/ATM_4304630_Capao_da_Canoa_RS.pdf
4304655,Capão do Cipó,RS,RS/ATM_4304655_Capao_do_Cipo_RS.pdf
4304663,Capão do Leão,RS,RS/ATM_4304663_Capao_do_Leao_RS.pdf
4304705,Carazinho,RS,RS/ATM_4304705_Carazinho_RS.pdf
4304713,Caraá,RS,RS/ATM_4304713_Caraa_RS.pdf
4304804,Carlos Barbosa,RS,RS/ATM_4304804_Carlos_Barbosa_RS.pdf
4304853,Carlos Gomes,RS,RS/ATM_4304853_Carlos_Gomes_RS.pdf
4304903,Casca,RS,RS/ATM_4304903_Casca_RS.pdf
4304952,Caseiros,RS,RS/ATM_4304952_Caseiros_RS.pdf
4305009,Catuípe,RS,RS/ATM_4305009_Catuipe_RS.pdf
4305108,Caxias do Sul,RS,RS/ATM_4305108_Caxias_do_Sul_RS.pdf
4302808,Caçapava do Sul,RS,RS/ATM_4302808_Cacapava_do_Sul_RS.pdf
4305116,Centenário,RS,RS/ATM_4305116_Centenario_RS.pdf
4305124,Cerrito,RS,RS/ATM_4305124_Cerrito_RS.pdf
4305132,Cerro Branco,RS,RS/ATM_4305132_Cerro_Branco_RS.pdf
4305157,Cerro Grande,RS,RS/ATM_4305157_Cerro_Grande_RS.pdf
4305173,Cerro Grande do Sul,RS,RS/ATM_4305173_Cerro_Grande_do_Sul_RS.pdf
4305207,Cerro Largo,RS,RS/ATM_4305207_Cerro_Largo_RS.pdf
4305306,Chapada,RS,RS/ATM_4305306_Chapada_RS.pdf
4305355,Charqueadas,RS,RS/ATM_4305355_Charqueadas_RS.pdf
4305371,Charrua,RS,RS/ATM_4305371_Charrua_RS.pdf
4305405,Chiapetta,RS,RS/ATM_4305405_Chiapetta_RS.pdf
4305447,Chuvisca,RS,RS/ATM_4305447_Chuvisca_RS.pdf
4305439,Chuí,RS,RS/ATM_4305439_Chui_RS.pdf
4305454,Cidreira,RS,RS/ATM_4305454_Cidreira_RS.pdf
4305504,Ciríaco,RS,RS/ATM_4305504_Ciriaco_RS.pdf
4305587,Colinas,RS,RS/ATM_4305587_Colinas_RS.pdf
4305603,Colorado,RS,RS/ATM_4305603_Colorado_RS.pdf
4305702,Condor,RS,RS/ATM_4305702_Condor_RS.pdf
4305801,Constantina,RS,RS/ATM_4305801_Constantina_RS.pdf
4305835,Coqueiro Baixo,RS,RS/ATM_4305835_Coqueiro_Baixo_RS.pdf
4305850,Coqueiros do Sul,RS,RS/ATM_4305850_Coqueiros_do_Sul_RS.pdf
4305871,Coronel Barros,RS,RS/ATM_4305871_Coronel_Barros_RS.pdf
4305900,Coronel Bicaco,RS,RS/ATM_4305900_Coronel_Bicaco_RS.pdf
4305934,Coronel Pilar,RS,RS/ATM_4305934_Coronel_Pilar_RS.pdf
4305959,Cotiporã,RS,RS/ATM_4305959_Cotipora_RS.pdf
4305975,Coxilha,RS,RS/ATM_4305975_Coxilha_RS.pdf
4306007,Crissiumal,RS,RS/ATM_4306007_Crissiumal_RS.pdf
4306056,Cristal,RS,RS/ATM_4306056_Cristal_RS.pdf
4306072,Cristal do Sul,RS,RS/ATM_4306072_Cristal_do_Sul_RS.pdf
4306106,Cruz Alta,RS,RS/ATM_4306106_Cruz_Alta_RS.pdf
4306130,Cruzaltense,RS,RS/ATM_4306130_Cruzaltense_RS.pdf
4306205,Cruzeiro do Sul,RS,RS/ATM_4306205_Cruzeiro_do_Sul_RS.pdf
4304309,Cândido Godói,RS,RS/ATM_4304309_Candido_Godoi_RS.pdf
4306304,David Canabarro,RS,RS/ATM_4306304_David_Canabarro_RS.pdf
4306320,Derrubadas,RS,RS/ATM_4306320_Derrubadas_RS.pdf
4306353,Dezesseis de Novembro,RS,RS/ATM_4306353_Dezesseis_de_Novembro_RS.pdf
4306379,Dilermando de Aguiar,RS,RS/ATM_4306379_Dilermando_de_Aguiar_RS.pdf
4306403,Dois Irmãos,RS,RS/ATM_4306403_Dois_Irmaos_RS.pdf
4306429,Dois Irmãos das Missões,RS,RS/ATM_4306429_Dois_Irmaos_das_Missoes_RS.pdf
4306452,Dois Lajeados,RS,RS/ATM_4306452_Dois_Lajeados_RS.pdf
4306502,Dom Feliciano,RS,RS/ATM_4306502_Dom_Feliciano_RS.pdf
4306601,Dom Pedrito,RS,RS/ATM_4306601_Dom_Pedrito_RS.pdf
4306551,Dom Pedro de Alcântara,RS,RS/ATM_4306551_Dom_Pedro_de_Alcantara_RS.pdf
4306700,Dona Francisca,RS,RS/ATM_4306700_Dona_Francisca_RS.pdf
4306734,Doutor Maurício Cardoso,RS,RS/ATM_4306734_Doutor_Mauricio_Cardoso_RS.pdf
4306759,Doutor Ricardo,RS,RS/ATM_4306759_Doutor_Ricardo_RS.pdf
4306767,Eldorado do Sul,RS,RS/ATM_4306767_Eldorado_do_Sul_RS.pdf
4306809,Encantado,RS,RS/ATM_4306809_Encantado_RS.pdf
4306908,Encruzilhada do Sul,RS,RS/ATM_4306908_Encruzilhada_do_Sul_RS.pdf
4306924,Engenho Velho,RS,RS/ATM_4306924_Engenho_Velho_RS.pdf
4306957,Entre Rios do Sul,RS,RS/ATM_4306957_Entre_Rios_do_Sul_RS.pdf
4306932,Entre-Ijuís,RS,RS/ATM_4306932_Entre-Ijuis_RS.pdf
4306973,Erebango,RS,RS/ATM_4306973_Erebango_RS.pdf
4307005,Erechim,RS,RS/ATM_4307005_Erechim_RS.pdf
4307054,Ernestina,RS,RS/ATM_4307054_Ernestina_RS.pdf
4307203,Erval Grande,RS,RS/ATM_4307203_Erval_Grande_RS.pdf
4307302,Erval Seco,RS,RS/ATM_4307302_Erval_Seco_RS.pdf
4307401,Esmeralda,RS,RS/ATM_4307401_Esmeralda_RS.pdf
4307450,Esperança do Sul,RS,RS/ATM_4307450_Esperanca_do_Sul_RS.pdf
4307500,Espumoso,RS,RS/ATM_4307500_Espumoso_RS.pdf
4307559,Estação,RS,RS/ATM_4307559_Estacao_RS.pdf
4307708,Esteio,RS,RS/ATM_4307708_Esteio_RS.pdf
4307807,Estrela,RS,RS/ATM_4307807_Estrela_RS.pdf
4307815,Estrela Velha,RS,RS/ATM_4307815_Estrela_Velha_RS.pdf
4307609,Estância Velha,RS,RS/ATM_4307609_Estancia_Velha_RS.pdf
4307831,Eugênio de Castro,RS,RS/ATM_4307831_Eugenio_de_Castro_RS.pdf
4307864,Fagundes Varela,RS,RS/ATM_4307864_Fagundes_Varela_RS.pdf
4307906,Farroupilha,RS,RS/ATM_4307906_Farroupilha_RS.pdf
4308003,Faxinal do Soturno,RS,RS/ATM_4308003_Faxinal_do_Soturno_RS.pdf
4308052,Faxinalzinho,RS,RS/ATM_4308052_Faxinalzinho_RS.pdf
4308078,Fazenda Vilanova,RS,RS/ATM_4308078_Fazenda_Vilanova_RS.pdf
4308102,Feliz,RS,RS/ATM_4308102_Feliz_RS.pdf
4308201,Flores da Cunha,RS,RS/ATM_4308201_Flores_da_Cunha_RS.pdf
4308250,Floriano Peixoto,RS,RS/ATM_4308250_Floriano_Peixoto_RS.pdf
4308300,Fontoura Xavier,RS,RS/ATM_4308300_Fontoura_Xavier_RS.pdf
4308409,Formigueiro,RS,RS/ATM_4308409_Formigueiro_RS.pdf
4308433,Forquetinha,RS,RS/ATM_4308433_Forquetinha_RS.pdf
4308458,Fortaleza dos Valos,RS,RS/ATM_4308458_Fortaleza_dos_Valos_RS.pdf
4308508,Frederico Westphalen,RS,RS/ATM_4308508_Frederico_Westphalen_RS.pdf
4308607,Garibaldi,RS,RS/ATM_4308607_Garibaldi_RS.pdf
4308656,Garruchos,RS,RS/ATM_4308656_Garruchos_RS.pdf
4308706,Gaurama,RS,RS/ATM_4308706_Gaurama_RS.pdf
4308805,General Câmara,RS,RS/ATM_4308805_General_Camara_RS.pdf
4308854,Gentil,RS,RS/ATM_4308854_Gentil_RS.pdf
4308904,Getúlio Vargas,RS,RS/ATM_4308904_Getulio_Vargas_RS.pdf
4309001,Giruá,RS,RS/ATM_4309001_Girua_RS.pdf
4309050,Glorinha,RS,RS/ATM_4309050_Glorinha_RS.pdf
4309100,Gramado,RS,RS/ATM_4309100_Gramado_RS.pdf
4309159,Gramado Xavier,RS,RS/ATM_4309159_Gramado_Xavier_RS.pdf
4309126,Gramado dos Loureiros,RS,RS/ATM_4309126_Gramado_dos_Loureiros_RS.pdf
4309209,Gravataí,RS,RS/ATM_4309209_Gravatai_RS.pdf
4309258,Guabiju,RS,RS/ATM_4309258_Guabiju_RS.pdf
4309407,Guaporé,RS,RS/ATM_4309407_Guapore_RS.pdf
4309506,Guarani das Missões,RS,RS/ATM_4309506_Guarani_das_Missoes_RS.pdf
4309308,Guaíba,RS,RS/ATM_4309308_Guaiba_RS.pdf
4309555,Harmonia,RS,RS/ATM_4309555_Harmonia_RS.pdf
4307104,Herval,RS,RS/ATM_4307104_Herval_RS.pdf
4309571,Herveiras,RS,RS/ATM_4309571_Herveiras_RS.pdf
4309605,Horizontina,RS,RS/ATM_4309605_Horizontina_RS.pdf
4309654,Hulha Negra,RS,RS/ATM_4309654_Hulha_Negra_RS.pdf
4309704,Humaitá,RS,RS/ATM_4309704_Humaita_RS.pdf
4309753,Ibarama,RS,RS/ATM_4309753_Ibarama_RS.pdf
4309803,Ibiaçá,RS,RS/ATM_4309803_Ibiaca_RS.pdf
4309902,Ibiraiaras,RS,RS/ATM_4309902_Ibiraiaras_RS.pdf
4309951,Ibirapuitã,RS,RS/ATM_4309951_Ibirapuita_RS.pdf
4310009,Ibirubá,RS,RS/ATM_4310009_Ibiruba_RS.pdf
4310108,Igrejinha,RS,RS/ATM_4310108_Igrejinha_RS.pdf
4310207,Ijuí,RS,RS/ATM_4310207_Ijui_RS.pdf
4310306,Ilópolis,RS,RS/ATM_4310306_Ilopolis_RS.pdf
4310330,Imbé,RS,RS/ATM_4310330_Imbe_RS.pdf
4310363,Imigrante,RS,RS/ATM_4310363_Imigrante_RS.pdf
4310405,Independência,RS,RS/ATM_4310405_Independencia_RS.pdf
4310413,Inhacorá,RS,RS/ATM_4310413_Inhacora_RS.pdf
4310462,Ipiranga do Sul,RS,RS/ATM_4310462_Ipiranga_do_Sul_RS.pdf
4310439,Ipê,RS,RS/ATM_4310439_Ipe_RS.pdf
4310504,Iraí,RS,RS/ATM_4310504_Irai_RS.pdf
4310538,Itaara,RS,RS/ATM_4310538_Itaara_RS.pdf
4310553,Itacurubi,RS,RS/ATM_4310553_Itacurubi_RS.pdf
4310579,Itapuca,RS,RS/ATM_4310579_Itapuca_RS.pdf
4310603,Itaqui,RS,RS/ATM_4310603_Itaqui_RS.pdf
4310652,Itati,RS,RS/ATM_4310652_Itati_RS.pdf
4310702,Itatiba do Sul,RS,RS/ATM_4310702_Itatiba_do_Sul_RS.pdf
4310751,Ivorá,RS,RS/ATM_4310751_Ivora_RS.pdf
4310801,Ivoti,RS,RS/ATM_4310801_Ivoti_RS.pdf
4310850,Jaboticaba,RS,RS/ATM_4310850_Jaboticaba_RS.pdf
4310876,Jacuizinho,RS,RS/ATM_4310876_Jacuizinho_RS.pdf
4310900,Jacutinga,RS,RS/ATM_4310900_Jacutinga_RS.pdf
4311106,Jaguari,RS,RS/ATM_4311106_Jaguari_RS.pdf
4311007,Jaguarão,RS,RS/ATM_4311007_Jaguarao_RS.pdf
4311122,Jaquirana,RS,RS/ATM_4311122_Jaquirana_RS.pdf
4311130,Jari,RS,RS/ATM_4311130_Jari_RS.pdf
4311155,Jóia,RS,RS/ATM_4311155_Joia_RS.pdf
4311205,Júlio de Castilhos,RS,RS/ATM_4311205_Julio_de_Castilhos_RS.pdf
4311239,Lagoa Bonita do Sul,RS,RS/ATM_4311239_Lagoa_Bonita_do_Sul_RS.pdf
4311304,Lagoa Vermelha,RS,RS/ATM_4311304_Lagoa_Vermelha_RS.pdf
4311270,Lagoa dos Três Cantos,RS,RS/ATM_4311270_Lagoa_dos_Tres_Cantos_RS.pdf
4311254,Lagoão,RS,RS/ATM_4311254_Lagoao_RS.pdf
4311403,Lajeado,RS,RS/ATM_4311403_Lajeado_RS.pdf
4311429,Lajeado do Bugre,RS,RS/ATM_4311429_Lajeado_do_Bugre_RS.pdf
4311502,Lavras do Sul,RS,RS/ATM_4311502_Lavras_do_Sul_RS.pdf
4311601,Liberato Salzano,RS,RS/ATM_4311601_Liberato_Salzano_RS.pdf
4311627,Lindolfo Collor,RS,RS/ATM_4311627_Lindolfo_Collor_RS.pdf
4311643,Linha Nova,RS,RS/ATM_4311643_Linha_Nova_RS.pdf
4311700,Machadinho,RS,RS/ATM_4311700_Machadinho_RS.pdf
4311734,Mampituba,RS,RS/ATM_4311734_Mampituba_RS.pdf
4311759,Manoel Viana,RS,RS/ATM_4311759_Manoel_Viana_RS.pdf
4311775,Maquiné,RS,RS/ATM_4311775_Maquine_RS.pdf
4311791,Maratá,RS,RS/ATM_4311791_Marata_RS.pdf
4311809,Marau,RS,RS/ATM_4311809_Marau_RS.pdf
4311908,Marcelino Ramos,RS,RS/ATM_4311908_Marcelino_Ramos_RS.pdf
4311981,Mariana Pimentel,RS,RS/ATM_4311981_Mariana_Pimentel_RS.pdf
4312005,Mariano Moro,RS,RS/ATM_4312005_Mariano_Moro_RS.pdf
4312054,Marques de Souza,RS,RS/ATM_4312054_Marques_de_Souza_RS.pdf
4312104,Mata,RS,RS/ATM_4312104_Mata_RS.pdf
4312138,Mato Castelhano,RS,RS/ATM_4312138_Mato_Castelhano_RS.pdf
4312153,Mato Leitão,RS,RS/ATM_4312153_Mato_Leitao_RS.pdf
4312179,Mato Queimado,RS,RS/ATM_4312179_Mato_Queimado_RS.pdf
4312203,Maximiliano de Almeida,RS,RS/ATM_4312203_Maximiliano_de_Almeida_RS.pdf
4311718,Maçambará,RS,RS/ATM_4311718_Macambara_RS.pdf
4312252,Minas do Leão,RS,RS/ATM_4312252_Minas_do_Leao_RS.pdf
4312302,Miraguaí,RS,RS/ATM_4312302_Miraguai_RS.pdf
4312351,Montauri,RS,RS/ATM_4312351_Montauri_RS.pdf
4312377,Monte Alegre dos Campos,RS,RS/ATM_4312377_Monte_Alegre_dos_Campos_RS.pdf
4312385,Monte Belo do Sul,RS,RS/ATM_4312385_Monte_Belo_do_Sul_RS.pdf
4312401,Montenegro,RS,RS/ATM_4312401_Montenegro_RS.pdf
4312427,Mormaço,RS,RS/ATM_4312427_Mormaco_RS.pdf
4312443,Morrinhos do Sul,RS,RS/ATM_4312443_Morrinhos_do_Sul_RS.pdf
4312450,Morro Redondo,RS,RS/ATM_4312450_Morro_Redondo_RS.pdf
4312476,Morro Reuter,RS,RS/ATM_4312476_Morro_Reuter_RS.pdf
4312500,Mostardas,RS,RS/ATM_4312500_Mostardas_RS.pdf
4312617,Muitos Capões,RS,RS/ATM_4312617_Muitos_Capoes_RS.pdf
4312625,Muliterno,RS,RS/ATM_4312625_Muliterno_RS.pdf
4312609,Muçum,RS,RS/ATM_4312609_Mucum_RS.pdf
4312674,Nicolau Vergueiro,RS,RS/ATM_4312674_Nicolau_Vergueiro_RS.pdf
4312708,Nonoai,RS,RS/ATM_4312708_Nonoai_RS.pdf
4312757,Nova Alvorada,RS,RS/ATM_4312757_Nova_Alvorada_RS.pdf
4312807,Nova Araçá,RS,RS/ATM_4312807_Nova_Araca_RS.pdf
4312906,Nova Bassano,RS,RS/ATM_4312906_Nova_Bassano_RS.pdf
4312955,Nova Boa Vista,RS,RS/ATM_4312955_Nova_Boa_Vista_RS.pdf
4313003,Nova Bréscia,RS,RS/ATM_4313003_Nova_Brescia_RS.pdf
4313011,Nova Candelária,RS,RS/ATM_4313011_Nova_Candelaria_RS.pdf
4313037,Nova Esperança do Sul,RS,RS/ATM_4313037_Nova_Esperanca_do_Sul_RS.pdf
4313060,Nova Hartz,RS,RS/ATM_4313060_Nova_Hartz_RS.pdf
4313102,Nova Palma,RS,RS/ATM_4313102_Nova_Palma_RS.pdf
4313201,Nova Petrópolis,RS,RS/ATM_4313201_Nova_Petropolis_RS.pdf
4313300,Nova Prata,RS,RS/ATM_4313300_Nova_Prata_RS.pdf
4313086,Nova Pádua,RS,RS/ATM_4313086_Nova_Padua_RS.pdf
4313334,Nova Ramada,RS,RS/ATM_4313334_Nova_Ramada_RS.pdf
4313359,Nova Roma do Sul,RS,RS/ATM_4313359_Nova_Roma_do_Sul_RS.pdf
4313375,Nova Santa Rita,RS,RS/ATM_4313375_Nova_Santa_Rita_RS.pdf
4313490,Novo Barreiro,RS,RS/ATM_4313490_Novo_Barreiro_RS.pdf
4313391,Novo Cabrais,RS,RS/ATM_4313391_Novo_Cabrais_RS.pdf
4313409,Novo Hamburgo,RS,RS/ATM_4313409_Novo_Hamburgo_RS.pdf
4313425,Novo Machado,RS,RS/ATM_4313425_Novo_Machado_RS.pdf
4313441,Novo Tiradentes,RS,RS/ATM_4313441_Novo_Tiradentes_RS.pdf
4313466,Novo Xingu,RS,RS/ATM_4313466_Novo_Xingu_RS.pdf
4312658,Não-Me-Toque,RS,RS/ATM_4312658_Nao-Me-Toque_RS.pdf
4313508,Osório,RS,RS/ATM_4313508_Osorio_RS.pdf
4313607,Paim Filho,RS,RS/ATM_4313607_Paim_Filho_RS.pdf
4313656,Palmares do Sul,RS,RS/ATM_4313656_Palmares_do_Sul_RS.pdf
4313706,Palmeira das Missões,RS,RS/ATM_4313706_Palmeira_das_Missoes_RS.pdf
4313805,Palmitinho,RS,RS/ATM_4313805_Palmitinho_RS.pdf
4313904,Panambi,RS,RS/ATM_4313904_Panambi_RS.pdf
4313953,Pantano Grande,RS,RS/ATM_4313953_Pantano_Grande_RS.pdf
4314001,Paraí,RS,RS/ATM_4314001_Parai_RS.pdf
4314027,Paraíso do Sul,RS,RS/ATM_4314027_Paraiso_do_Sul_RS.pdf
4314035,Pareci Novo,RS,RS/ATM_4314035_Pareci_Novo_RS.pdf
4314050,Parobé,RS,RS/ATM_4314050_Parobe_RS.pdf
4314068,Passa Sete,RS,RS/ATM_4314068_Passa_Sete_RS.pdf
4314100,Passo Fundo,RS,RS/ATM_4314100_Passo_Fundo_RS.pdf
4314076,Passo do Sobrado,RS,RS/ATM_4314076_Passo_do_Sobrado_RS.pdf
4314134,Paulo Bento,RS,RS/ATM_4314134_Paulo_Bento_RS.pdf
4314159,Paverama,RS,RS/ATM_4314159_Paverama_RS.pdf
4314175,Pedras Altas,RS,RS/ATM_4314175_Pedras_Altas_RS.pdf
4314209,Pedro Osório,RS,RS/ATM_4314209_Pedro_Osorio_RS.pdf
4314308,Pejuçara,RS,RS/ATM_4314308_Pejucara_RS.pdf
4314407,Pelotas,RS,RS/ATM_4314407_Pelotas_RS.pdf
4314423,Picada Café,RS,RS/ATM_4314423_Picada_Cafe_RS.pdf
4314456,Pinhal,RS,RS/ATM_4314456_Pinhal_RS.pdf
4314472,Pinhal Grande,RS,RS/ATM_4314472_Pinhal_Grande_RS.pdf
4314464,Pinhal da Serra,RS,RS/ATM_4314464_Pinhal_da_Serra_RS.pdf
4314498,Pinheirinho do Vale,RS,RS/ATM_4314498_Pinheirinho_do_Vale_RS.pdf
4314506,Pinheiro Machado,RS,RS/ATM_4314506_Pinheiro_Machado_RS.pdf
4314548,Pinto Bandeira,RS,RS/ATM_4314548_Pinto_Bandeira_RS.pdf
4314555,Pirapó,RS,RS/ATM_4314555_Pirapo_RS.pdf
4314605,Piratini,RS,RS/ATM_4314605_Piratini_RS.pdf
4314704,Planalto,RS,RS/ATM_4314704_Planalto_RS.pdf
4314787,Ponte Preta,RS,RS/ATM_4314787_Ponte_Preta_RS.pdf
4314779,Pontão,RS,RS/ATM_4314779_Pontao_RS.pdf
4314902,Porto Alegre,RS,RS/ATM_4314902_Porto_Alegre_RS.pdf
4315008,Porto Lucena,RS,RS/ATM_4315008_Porto_Lucena_RS.pdf
4315057,Porto Mauá,RS,RS/ATM_4315057_Porto_Maua_RS.pdf
4315073,Porto Vera Cruz,RS,RS/ATM_4315073_Porto_Vera_Cruz_RS.pdf
4315107,Porto Xavier,RS,RS/ATM_4315107_Porto_Xavier_RS.pdf
4314803,Portão,RS,RS/ATM_4314803_Portao_RS.pdf
4315131,Pouso Novo,RS,RS/ATM_4315131_Pouso_Novo_RS.pdf
4314753,Poço das Antas,RS,RS/ATM_4314753_Poco_das_Antas_RS.pdf
4315149,Presidente Lucena,RS,RS/ATM_4315149_Presidente_Lucena_RS.pdf
4315156,Progresso,RS,RS/ATM_4315156_Progresso_RS.pdf
4315172,Protásio Alves,RS,RS/ATM_4315172_Protasio_Alves_RS.pdf
4315206,Putinga,RS,RS/ATM_4315206_Putinga_RS.pdf
4315305,Quaraí,RS,RS/ATM_4315305_Quarai_RS.pdf
4315313,Quatro Irmãos,RS,RS/ATM_4315313_Quatro_Irmaos_RS.pdf
4315321,Quevedos,RS,RS/ATM_4315321_Quevedos_RS.pdf
4315354,Quinze de Novembro,RS,RS/ATM_4315354_Quinze_de_Novembro_RS.pdf
4315404,Redentora,RS,RS/ATM_4315404_Redentora_RS.pdf
4315453,Relvado,RS,RS/ATM_4315453_Relvado_RS.pdf
4315503,Restinga Seca,RS,RS/ATM_4315503_Restinga_Seca_RS.pdf
4315602,Rio Grande,RS,RS/ATM_4315602_Rio_Grande_RS.pdf
4315701,Rio Pardo,RS,RS/ATM_4315701_Rio_Pardo_RS.pdf
4315552,Rio dos Índios,RS,RS/ATM_4315552_Rio_dos_Indios_RS.pdf
4315750,Riozinho,RS,RS/ATM_4315750_Riozinho_RS.pdf
4315800,Roca Sales,RS,RS/ATM_4315800_Roca_Sales_RS.pdf
4315909,Rodeio Bonito,RS,RS/ATM_4315909_Rodeio_Bonito_RS.pdf
4315958,Rolador,RS,RS/ATM_4315958_Rolador_RS.pdf
4316006,Rolante,RS,RS/ATM_4316006_Rolante_RS.pdf
4316105,Ronda Alta,RS,RS/ATM_4316105_Ronda_Alta_RS.pdf
4316204,Rondinha,RS,RS/ATM_4316204_Rondinha_RS.pdf
4316303,Roque Gonzales,RS,RS/ATM_4316303_Roque_Gonzales_RS.pdf
4316402,Rosário do Sul,RS,RS/ATM_4316402_Rosario_do_Sul_RS.pdf
4316428,Sagrada Família,RS,RS/ATM_4316428_Sagrada_Familia_RS.pdf
4316436,Saldanha Marinho,RS,RS/ATM_4316436_Saldanha_Marinho_RS.pdf
4316451,Salto do Jacuí,RS,RS/ATM_4316451_Salto_do_Jacui_RS.pdf
4316477,Salvador das Missões,RS,RS/ATM_4316477_Salvador_das_Missoes_RS.pdf
4316501,Salvador do Sul,RS,RS/ATM_4316501_Salvador_do_Sul_RS.pdf
4316600,Sananduva,RS,RS/ATM_4316600_Sananduva_RS.pdf
4317103,Sant'Ana do Livramento,RS,RS/ATM_4317103_Sant_Ana_do_Livramento_RS.pdf
4316709,Santa Bárbara do Sul,RS,RS/ATM_4316709_Santa_Barbara_do_Sul_RS.pdf
4316733,Santa Cecília do Sul,RS,RS/ATM_4316733_Santa_Cecilia_do_Sul_RS.pdf
4316758,Santa Clara do Sul,RS,RS/ATM_4316758_Santa_Clara_do_Sul_RS.pdf
4316808,Santa Cruz do Sul,RS,RS/ATM_4316808_Santa_Cruz_do_Sul_RS.pdf
4316972,Santa Margarida do Sul,RS,RS/ATM_4316972_Santa_Margarida_do_Sul_RS.pdf
4316907,Santa Maria,RS,RS/ATM_4316907_Santa_Maria_RS.pdf
4316956,Santa Maria do Herval,RS,RS/ATM_4316956_Santa_Maria_do_Herval_RS.pdf
4317202,Santa Rosa,RS,RS/ATM_4317202_Santa_Rosa_RS.pdf
4317251,Santa Tereza,RS,RS/ATM_4317251_Santa_Tereza_RS.pdf
4317301,Santa Vitória do Palmar,RS,RS/ATM_4317301_Santa_Vitoria_do_Palmar_RS.pdf
4317004,Santana da Boa Vista,RS,RS/ATM_4317004_Santana_da_Boa_Vista_RS.pdf
4317400,Santiago,RS,RS/ATM_4317400_Santiago_RS.pdf
4317608,Santo Antônio da Patrulha,RS,RS/ATM_4317608_Santo_Antonio_da_Patrulha_RS.pdf
4317707,Santo Antônio das Missões,RS,RS/ATM_4317707_Santo_Antonio_das_Missoes_RS.pdf
4317558,Santo Antônio do Palma,RS,RS/ATM_4317558_Santo_Antonio_do_Palma_RS.pdf
4317756,Santo Antônio do Planalto,RS,RS/ATM_4317756_Santo_Antonio_do_Planalto_RS.pdf
4317806,Santo Augusto,RS,RS/ATM_4317806_Santo_Augusto_RS.pdf
4317905,Santo Cristo,RS,RS/ATM_4317905_Santo_Cristo_RS.pdf
4317954,Santo Expedito do Sul,RS,RS/ATM_4317954_Santo_Expedito_do_Sul_RS.pdf
4317509,Santo Ângelo,RS,RS/ATM_4317509_Santo_Angelo_RS.pdf
4319901,Sapiranga,RS,RS/ATM_4319901_Sapiranga_RS.pdf
4320008,Sapucaia do Sul,RS,RS/ATM_4320008_Sapucaia_do_Sul_RS.pdf
4320107,Sarandi,RS,RS/ATM_4320107_Sarandi_RS.pdf
4320206,Seberi,RS,RS/ATM_4320206_Seberi_RS.pdf
4320230,Sede Nova,RS,RS/ATM_4320230_Sede_Nova_RS.pdf
4320263,Segredo,RS,RS/ATM_4320263_Segredo_RS.pdf
4320305,Selbach,RS,RS/ATM_4320305_Selbach_RS.pdf
4320321,Senador Salgado Filho,RS,RS/ATM_4320321_Senador_Salgado_Filho_RS.pdf
4320354,Sentinela do Sul,RS,RS/ATM_4320354_Sentinela_do_Sul_RS.pdf
4320404,Serafina Corrêa,RS,RS/ATM_4320404_Serafina_Correa_RS.pdf
4320503,Sertão,RS,RS/ATM_4320503_Sertao_RS.pdf
4320552,Sertão Santana,RS,RS/ATM_4320552_Sertao_Santana_RS.pdf
4320578,Sete de Setembro,RS,RS/ATM_4320578_Sete_de_Setembro_RS.pdf
4320602,Severiano de Almeida,RS,RS/ATM_4320602_Severiano_de_Almeida_RS.pdf
4320651,Silveira Martins,RS,RS/ATM_4320651_Silveira_Martins_RS.pdf
4320677,Sinimbu,RS,RS/ATM_4320677_Sinimbu_RS.pdf
4320701,Sobradinho,RS,RS/ATM_4320701_Sobradinho_RS.pdf
4320800,Soledade,RS,RS/ATM_4320800_Soledade_RS.pdf
4318002,São Borja,RS,RS/ATM_4318002_Sao_Borja_RS.pdf
4318051,São Domingos do Sul,RS,RS/ATM_4318051_Sao_Domingos_do_Sul_RS.pdf
4318101,São Francisco de Assis,RS,RS/ATM_4318101_Sao_Francisco_de_Assis_RS.pdf
4318200,São Francisco de Paula,RS,RS/ATM_4318200_Sao_Francisco_de_Paula_RS.pdf
4318309,São Gabriel,RS,RS/ATM_4318309_Sao_Gabriel_RS.pdf
4318408,São Jerônimo,RS,RS/ATM_4318408_Sao_Jeronimo_RS.pdf
4318440,São Jorge,RS,RS/ATM_4318440_Sao_Jorge_RS.pdf
4318457,São José das Missões,RS,RS/ATM_4318457_Sao_Jose_das_Missoes_RS.pdf
4318465,São José do Herval,RS,RS/ATM_4318465_Sao_Jose_do_Herval_RS.pdf
4318481,São José do Hortêncio,RS,RS/ATM_4318481_Sao_Jose_do_Hortencio_RS.pdf
4318499,São José do Inhacorá,RS,RS/ATM_4318499_Sao_Jose_do_Inhacora_RS.pdf
4318507,São José do Norte,RS,RS/ATM_4318507_Sao_Jose_do_Norte_RS.pdf
4318606,São José do Ouro,RS,RS/ATM_4318606_Sao_Jose_do_Ouro_RS.pdf
4318614,São José do Sul,RS,RS/ATM_4318614_Sao_Jose_do_Sul_RS.pdf
4318622,São José dos Ausentes,RS,RS/ATM_4318622_Sao_Jose_dos_Ausentes_RS.pdf
4318424,São João da Urtiga,RS,RS/ATM_4318424_Sao_Joao_da_Urtiga_RS.pdf
4318432,São João do Polêsine,RS,RS/ATM_4318432_Sao_Joao_do_Polesine_RS.pdf
4318705,São Leopoldo,RS,RS/ATM_4318705_Sao_Leopoldo_RS.pdf
4318804,São Lourenço do Sul,RS,RS/ATM_4318804_Sao_Lourenco_do_Sul_RS.pdf
4318903,São Luiz Gonzaga,RS,RS/ATM_4318903_Sao_Luiz_Gonzaga_RS.pdf
4319000,São Marcos,RS,RS/ATM_4319000_Sao_Marcos_RS.pdf
4319109,São Martinho,RS,RS/ATM_4319109_Sao_Martinho_RS.pdf
4319125,São Martinho da Serra,RS,RS/ATM_4319125_Sao_Martinho_da_Serra_RS.pdf
4319158,São Miguel das Missões,RS,RS/ATM_4319158_Sao_Miguel_das_Missoes_RS.pdf
4319208,São Nicolau,RS,RS/ATM_4319208_Sao_Nicolau_RS.pdf
4319307,São Paulo das Missões,RS,RS/ATM_4319307_Sao_Paulo_das_Missoes_RS.pdf
4319356,São Pedro da Serra,RS,RS/ATM_4319356_Sao_Pedro_da_Serra_RS.pdf
4319364,São Pedro das Missões,RS,RS/ATM_4319364_Sao_Pedro_das_Missoes_RS.pdf
4319372,São Pedro do Butiá,RS,RS/ATM_4319372_Sao_Pedro_do_Butia_RS.pdf
4319406,São Pedro do Sul,RS,RS/ATM_4319406_Sao_Pedro_do_Sul_RS.pdf
4319505,São Sebastião do Caí,RS,RS/ATM_4319505_Sao_Sebastiao_do_Cai_RS.pdf
4319604,São Sepé,RS,RS/ATM_4319604_Sao_Sepe_RS.pdf
4319703,São Valentim,RS,RS/ATM_4319703_Sao_Valentim_RS.pdf
4319711,São Valentim do Sul,RS,RS/ATM_4319711_Sao_Valentim_do_Sul_RS.pdf
4319737,São Valério do Sul,RS,RS/ATM_4319737_Sao_Valerio_do_Sul_RS.pdf
4319752,São Vendelino,RS,RS/ATM_4319752_Sao_Vendelino_RS.pdf
4319802,São Vicente do Sul,RS,RS/ATM_4319802_Sao_Vicente_do_Sul_RS.pdf
4320453,Sério,RS,RS/ATM_4320453_Serio_RS.pdf
4320859,Tabaí,RS,RS/ATM_4320859_Tabai_RS.pdf
4320909,Tapejara,RS,RS/ATM_4320909_Tapejara_RS.pdf
4321006,Tapera,RS,RS/ATM_4321006_Tapera_RS.pdf
4321105,Tapes,RS,RS/ATM_4321105_Tapes_RS.pdf
4321204,Taquara,RS,RS/ATM_4321204_Taquara_RS.pdf
4321303,Taquari,RS,RS/ATM_4321303_Taquari_RS.pdf
4321329,Taquaruçu do Sul,RS,RS/ATM_4321329_Taquarucu_do_Sul_RS.pdf
4321352,Tavares,RS,RS/ATM_4321352_Tavares_RS.pdf
4321402,Tenente Portela,RS,RS/ATM_4321402_Tenente_Portela_RS.pdf
4321436,Terra de Areia,RS,RS/ATM_4321436_Terra_de_Areia_RS.pdf
4321451,Teutônia,RS,RS/ATM_4321451_Teutonia_RS.pdf
4321469,Tio Hugo,RS,RS/ATM_4321469_Tio_Hugo_RS.pdf
4321477,Tiradentes do Sul,RS,RS/ATM_4321477_Tiradentes_do_Sul_RS.pdf
4321493,Toropi,RS,RS/ATM_4321493_Toropi_RS.pdf
4321501,Torres,RS,RS/ATM_4321501_Torres_RS.pdf
4321600,Tramandaí,RS,RS/ATM_4321600_Tramandai_RS.pdf
4321626,Travesseiro,RS,RS/ATM_4321626_Travesseiro_RS.pdf
4321956,Trindade do Sul,RS,RS/ATM_4321956_Trindade_do_Sul_RS.pdf
4322004,Triunfo,RS,RS/ATM_4322004_Triunfo_RS.pdf
4321634,Três Arroios,RS,RS/ATM_4321634_Tres_Arroios_RS.pdf
4321667,Três Cachoeiras,RS,RS/ATM_4321667_Tres_Cachoeiras_RS.pdf
4321709,Três Coroas,RS,RS/ATM_4321709_Tres_Coroas_RS.pdf
4321832,Três Forquilhas,RS,RS/ATM_4321832_Tres_Forquilhas_RS.pdf
4321857,Três Palmeiras,RS,RS/ATM_4321857_Tres_Palmeiras_RS.pdf
4321907,Três Passos,RS,RS/ATM_4321907_Tres_Passos_RS.pdf
4321808,Três de Maio,RS,RS/ATM_4321808_Tres_de_Maio_RS.pdf
4322103,Tucunduva,RS,RS/ATM_4322103_Tucunduva_RS.pdf
4322152,Tunas,RS,RS/ATM_4322152_Tunas_RS.pdf
4322186,Tupanci do Sul,RS,RS/ATM_4322186_Tupanci_do_Sul_RS.pdf
4322202,Tupanciretã,RS,RS/ATM_4322202_Tupancireta_RS.pdf
4322251,Tupandi,RS,RS/ATM_4322251_Tupandi_RS.pdf
4322301,Tuparendi,RS,RS/ATM_4322301_Tuparendi_RS.pdf
4322327,Turuçu,RS,RS/ATM_4322327_Turucu_RS.pdf
4322343,Ubiretama,RS,RS/ATM_4322343_Ubiretama_RS.pdf
4322376,Unistalda,RS,RS/ATM_4322376_Unistalda_RS.pdf
4322350,União da Serra,RS,RS/ATM_4322350_Uniao_da_Serra_RS.pdf
4322400,Uruguaiana,RS,RS/ATM_4322400_Uruguaiana_RS.pdf
4322509,Vacaria,RS,RS/ATM_4322509_Vacaria_RS.pdf
4322541,Vale Real,RS,RS/ATM_4322541_Vale_Real_RS.pdf
4322525,Vale Verde,RS,RS/ATM_4322525_Vale_Verde_RS.pdf
4322533,Vale do Sol,RS,RS/ATM_4322533_Vale_do_Sol_RS.pdf
4322558,Vanini,RS,RS/ATM_4322558_Vanini_RS.pdf
4322608,Venâncio Aires,RS,RS/ATM_4322608_Venancio_Aires_RS.pdf
4322707,Vera Cruz,RS,RS/ATM_4322707_Vera_Cruz_RS.pdf
4322806,Veranópolis,RS,RS/ATM_4322806_Veranopolis_RS.pdf
4322855,Vespasiano Correa,RS,RS/ATM_4322855_Vespasiano_Correa_RS.pdf
4322905,Viadutos,RS,RS/ATM_4322905_Viadutos_RS.pdf
4323002,Viamão,RS,RS/ATM_4323002_Viamao_RS.pdf
4323101,Vicente Dutra,RS,RS/ATM_4323101_Vicente_Dutra_RS.pdf
4323200,Victor Graeff,RS,RS/ATM_4323200_Victor_Graeff_RS.pdf
4323309,Vila Flores,RS,RS/ATM_4323309_Vila_Flores_RS.pdf
4323358,Vila Lângaro,RS,RS/ATM_4323358_Vila_Langaro_RS.pdf
4323408,Vila Maria,RS,RS/ATM_4323408_Vila_Maria_RS.pdf
4323457,Vila Nova do Sul,RS,RS/ATM_4323457_Vila_Nova_do_Sul_RS.pdf
4323507,Vista Alegre,RS,RS/ATM_4323507_Vista_Alegre_RS.pdf
4323606,Vista Alegre do Prata,RS,RS/ATM_4323606_Vista_Alegre_do_Prata_RS.pdf
4323705,Vista Gaúcha,RS,RS/ATM_4323705_Vista_Gaucha_RS.pdf
4323754,Vitória das Missões,RS,RS/ATM_4323754_Vitoria_das_Missoes_RS.pdf
4323770,Westfalia,RS,RS/ATM_4323770_Westfalia_RS.pdf
4323804,Xangri-lá,RS,RS/ATM_4323804_Xangri-la_RS.pdf
4300059,Água Santa,RS,RS/ATM_4300059_Agua_Santa_RS.pdf
4301552,Áurea,RS,RS/ATM_4301552_Aurea_RS.pdf
4200051,Abdon Batista,SC,SC/ATM_4200051_Abdon_Batista_SC.pdf
4200101,Abelardo Luz,SC,SC/ATM_4200101_Abelardo_Luz_SC.pdf
4200200,Agrolândia,SC,SC/ATM_4200200_Agrolandia_SC.pdf
4200309,Agronômica,SC,SC/ATM_4200309_Agronomica_SC.pdf
4200705,Alfredo Wagner,SC,SC/ATM_4200705_Alfredo_Wagner_SC.pdf
4200754,Alto Bela Vista,SC,SC/ATM_4200754_Alto_Bela_Vista_SC.pdf
4200804,Anchieta,SC,SC/ATM_4200804_Anchieta_SC.pdf
4200903,Angelina,SC,SC/ATM_4200903_Angelina_SC.pdf
4201000,Anita Garibaldi,SC,SC/ATM_4201000_Anita_Garibaldi_SC.pdf
4201109,Anitápolis,SC,SC/ATM_4201109_Anitapolis_SC.pdf
4201208,Antônio Carlos,SC,SC/ATM_4201208_Antonio_Carlos_SC.pdf
4201257,Apiúna,SC,SC/ATM_4201257_Apiuna_SC.pdf
4201273,Arabutã,SC,SC/ATM_4201273_Arabuta_SC.pdf
4201307,Araquari,SC,SC/ATM_4201307_Araquari_SC.pdf
4201406,Araranguá,SC,SC/ATM_4201406_Ararangua_SC.pdf
4201505,Armazém,SC,SC/ATM_4201505_Armazem_SC.pdf
4201604,Arroio Trinta,SC,SC/ATM_4201604_Arroio_Trinta_SC.pdf
4201653,Arvoredo,SC,SC/ATM_4201653_Arvoredo_SC.pdf
4201703,Ascurra,SC,SC/ATM_4201703_Ascurra_SC.pdf
4201802,Atalanta,SC,SC/ATM_4201802_Atalanta_SC.pdf
4201901,Aurora,SC,SC/ATM_4201901_Aurora_SC.pdf
4201950,Balneário Arroio do Silva,SC,SC/ATM_4201950_Balneario_Arroio_do_Silva_SC.pdf
4202057,Balneário Barra do Sul,SC,SC/ATM_4202057_Balneario_Barra_do_Sul_SC.pdf
4202008,Balneário Camboriú,SC,SC/ATM_4202008_Balneario_Camboriu_SC.pdf
4202073,Balneário Gaivota,SC,SC/ATM_4202073_Balneario_Gaivota_SC.pdf
4212809,Balneário Piçarras,SC,SC/ATM_4212809_Balneario_Picarras_SC.pdf
4220000,Balneário Rincão,SC,SC/ATM_4220000_Balneario_Rincao_SC.pdf
4202081,Bandeirante,SC,SC/ATM_4202081_Bandeirante_SC.pdf
4202099,Barra Bonita,SC,SC/ATM_4202099_Barra_Bonita_SC.pdf
4202107,Barra Velha,SC,SC/ATM_4202107_Barra_Velha_SC.pdf
4202131,Bela Vista do Toldo,SC,SC/ATM_4202131_Bela_Vista_do_Toldo_SC.pdf
4202156,Belmonte,SC,SC/ATM_4202156_Belmonte_SC.pdf
4202206,Benedito Novo,SC,SC/ATM_4202206_Benedito_Novo_SC.pdf
4202305,Biguaçu,SC,SC/ATM_4202305_Biguacu_SC.pdf
4202404,Blumenau,SC,SC/ATM_4202404_Blumenau_SC.pdf
4202438,Bocaina do Sul,SC,SC/ATM_4202438_Bocaina_do_Sul_SC.pdf
4202503,Bom Jardim da Serra,SC,SC/ATM_4202503_Bom_Jardim_da_Serra_SC.pdf
4202537,Bom Jesus,SC,SC/ATM_4202537_Bom_Jesus_SC.pdf
4202578,Bom Jesus do Oeste,SC,SC/ATM_4202578_Bom_Jesus_do_Oeste_SC.pdf
4202602,Bom Retiro,SC,SC/ATM_4202602_Bom_Retiro_SC.pdf
4202453,Bombinhas,SC,SC/ATM_4202453_Bombinhas_SC.pdf
4202701,Botuverá,SC,SC/ATM_4202701_Botuvera_SC.pdf
4202800,Braço do Norte,SC,SC/ATM_4202800_Braco_do_Norte_SC.pdf
4202859,Braço do Trombudo,SC,SC/ATM_4202859_Braco_do_Trombudo_SC.pdf
4202875,Brunópolis,SC,SC/ATM_4202875_Brunopolis_SC.pdf
4202909,Brusque,SC,SC/ATM_4202909_Brusque_SC.pdf
4203105,Caibi,SC,SC/ATM_4203105_Caibi_SC.pdf
4203154,Calmon,SC,SC/ATM_4203154_Calmon_SC.pdf
4203204,Camboriú,SC,SC/ATM_4203204_Camboriu_SC.pdf
4203303,Campo Alegre,SC,SC/ATM_4203303_Campo_Alegre_SC.pdf
4203402,Campo Belo do Sul,SC,SC/ATM_4203402_Campo_Belo_do_Sul_SC.pdf
4203501,Campo Erê,SC,SC/ATM_4203501_Campo_Ere_SC.pdf
4203600,Campos Novos,SC,SC/ATM_4203600_Campos_Novos_SC.pdf
4203709,Canelinha,SC,SC/ATM_4203709_Canelinha_SC.pdf
4203808,Canoinhas,SC,SC/ATM_4203808_Canoinhas_SC.pdf
4203907,Capinzal,SC,SC/ATM_4203907_Capinzal_SC.pdf
4203956,Capivari de Baixo,SC,SC/ATM_4203956_Capivari_de_Baixo_SC.pdf
4203253,Capão Alto,SC,SC/ATM_4203253_Capao_Alto_SC.pdf
4204004,Catanduvas,SC,SC/ATM_4204004_Catanduvas_SC.pdf
4204103,Caxambu do Sul,SC,SC/ATM_4204103_Caxambu_do_Sul_SC.pdf
4203006,Caçador,SC,SC/ATM_4203006_Cacador_SC.pdf
4204152,Celso Ramos,SC,SC/ATM_4204152_Celso_Ramos_SC.pdf
4204178,Cerro Negro,SC,SC/ATM_4204178_Cerro_Negro_SC.pdf
4204194,Chapadão do Lageado,SC,SC/ATM_4204194_Chapadao_do_Lageado_SC.pdf
4204202,Chapecó,SC,SC/ATM_4204202_Chapeco_SC.pdf
4204251,Cocal do Sul,SC,SC/ATM_4204251_Cocal_do_Sul_SC.pdf
4204301,Concórdia,SC,SC/ATM_4204301_Concordia_SC.pdf
4204350,Cordilheira Alta,SC,SC/ATM_4204350_Cordilheira_Alta_SC.pdf
4204400,Coronel Freitas,SC,SC/ATM_4204400_Coronel_Freitas_SC.pdf
4204459,Coronel Martins,SC,SC/ATM_4204459_Coronel_Martins_SC.pdf
4204558,Correia Pinto,SC,SC/ATM_4204558_Correia_Pinto_SC.pdf
4204509,Corupá,SC,SC/ATM_4204509_Corupa_SC.pdf
4204608,Criciúma,SC,SC/ATM_4204608_Criciuma_SC.pdf
4204707,Cunha Porã,SC,SC/ATM_4204707_Cunha_Pora_SC.pdf
4204756,Cunhataí,SC,SC/ATM_4204756_Cunhatai_SC.pdf
4204806,Curitibanos,SC,SC/ATM_4204806_Curitibanos_SC.pdf
4204905,Descanso,SC,SC/ATM_4204905_Descanso_SC.pdf
4205001,Dionísio Cerqueira,SC,SC/ATM_4205001_Dionisio_Cerqueira_SC.pdf
4205100,Dona Emma,SC,SC/ATM_4205100_Dona_Emma_SC.pdf
4205159,Doutor Pedrinho,SC,SC/ATM_4205159_Doutor_Pedrinho_SC.pdf
4205175,Entre Rios,SC,SC/ATM_4205175_Entre_Rios_SC.pdf
4205191,Ermo,SC,SC/ATM_4205191_Ermo_SC.pdf
4205209,Erval Velho,SC,SC/ATM_4205209_Erval_Velho_SC.pdf
4205308,Faxinal dos Guedes,SC,SC/ATM_4205308_Faxinal_dos_Guedes_SC.pdf
4205357,Flor do Sertão,SC,SC/ATM_4205357_Flor_do_Sertao_SC.pdf
4205407,Florianópolis,SC,SC/ATM_4205407_Florianopolis_SC.pdf
4205431,Formosa do Sul,SC,SC/ATM_4205431_Formosa_do_Sul_SC.pdf
4205456,Forquilhinha,SC,SC/ATM_4205456_Forquilhinha_SC.pdf
4205506,Fraiburgo,SC,SC/ATM_4205506_Fraiburgo_SC.pdf
4205555,Frei Rogério,SC,SC/ATM_4205555_Frei_Rogerio_SC.pdf
4205605,Galvão,SC,SC/ATM_4205605_Galvao_SC.pdf
4205704,Garopaba,SC,SC/ATM_4205704_Garopaba_SC.pdf
4205803,Garuva,SC,SC/ATM_4205803_Garuva_SC.pdf
4205902,Gaspar,SC,SC/ATM_4205902_Gaspar_SC.pdf
4206009,Governador Celso Ramos,SC,SC/ATM_4206009_Governador_Celso_Ramos_SC.pdf
4206207,Gravatal,SC,SC/ATM_4206207_Gravatal_SC.pdf
4206108,Grão Pará,SC,SC/ATM_4206108_Grao_Para_SC.pdf
4206306,Guabiruba,SC,SC/ATM_4206306_Guabiruba_SC.pdf
4206405,Guaraciaba,SC,SC/ATM_4206405_Guaraciaba_SC.pdf
4206504,Guaramirim,SC,SC/ATM_4206504_Guaramirim_SC.pdf
4206603,Guarujá do Sul,SC,SC/ATM_4206603_Guaruja_do_Sul_SC.pdf
4206652,Guatambú,SC,SC/ATM_4206652_Guatambu_SC.pdf
4206702,Herval d'Oeste,SC,SC/ATM_4206702_Herval_d_Oeste_SC.pdf
4206751,Ibiam,SC,SC/ATM_4206751_Ibiam_SC.pdf
4206801,Ibicaré,SC,SC/ATM_4206801_Ibicare_SC.pdf
4206900,Ibirama,SC,SC/ATM_4206900_Ibirama_SC.pdf
4207106,Ilhota,SC,SC/ATM_4207106_Ilhota_SC.pdf
4207205,Imaruí,SC,SC/ATM_4207205_Imarui_SC.pdf
4207304,Imbituba,SC,SC/ATM_4207304_Imbituba_SC.pdf
4207403,Imbuia,SC,SC/ATM_4207403_Imbuia_SC.pdf
4207502,Indaial,SC,SC/ATM_4207502_Indaial_SC.pdf
4207577,Iomerê,SC,SC/ATM_4207577_Iomere_SC.pdf
4207601,Ipira,SC,SC/ATM_4207601_Ipira_SC.pdf
4207650,Iporã do Oeste,SC,SC/ATM_4207650_Ipora_do_Oeste_SC.pdf
4207684,Ipuaçu,SC,SC/ATM_4207684_Ipuacu_SC.pdf
4207700,Ipumirim,SC,SC/ATM_4207700_Ipumirim_SC.pdf
4207759,Iraceminha,SC,SC/ATM_4207759_Iraceminha_SC.pdf
4207809,Irani,SC,SC/ATM_4207809_Irani_SC.pdf
4207858,Irati,SC,SC/ATM_4207858_Irati_SC.pdf
4207908,Irineópolis,SC,SC/ATM_4207908_Irineopolis_SC.pdf
4208104,Itaiópolis,SC,SC/ATM_4208104_Itaiopolis_SC.pdf
4208203,Itajaí,SC,SC/ATM_4208203_Itajai_SC.pdf
4208302,Itapema,SC,SC/ATM_4208302_Itapema_SC.pdf
4208401,Itapiranga,SC,SC/ATM_4208401_Itapiranga_SC.pdf
4208450,Itapoá,SC,SC/ATM_4208450_Itapoa_SC.pdf
4208500,Ituporanga,SC,SC/ATM_4208500_Ituporanga_SC.pdf
4208005,Itá,SC,SC/ATM_4208005_Ita_SC.pdf
4207007,Içara,SC,SC/ATM_4207007_Icara_SC.pdf
4208609,Jaborá,SC,SC/ATM_4208609_Jabora_SC.pdf
4208708,Jacinto Machado,SC,SC/ATM_4208708_Jacinto_Machado_SC.pdf
4208807,Jaguaruna,SC,SC/ATM_4208807_Jaguaruna_SC.pdf
4208906,Jaraguá do Sul,SC,SC/ATM_4208906_Jaragua_do_Sul_SC.pdf
4208955,Jardinópolis,SC,SC/ATM_4208955_Jardinopolis_SC.pdf
4209003,Joaçaba,SC,SC/ATM_4209003_Joacaba_SC.pdf
4209102,Joinville,SC,SC/ATM_4209102_Joinville_SC.pdf
4209151,José Boiteux,SC,SC/ATM_4209151_Jose_Boiteux_SC.pdf
4209177,Jupiá,SC,SC/ATM_4209177_Jupia_SC.pdf
4209201,Lacerdópolis,SC,SC/ATM_4209201_Lacerdopolis_SC.pdf
4209300,Lages,SC,SC/ATM_4209300_Lages_SC.pdf
4209409,Laguna,SC,SC/ATM_4209409_Laguna_SC.pdf
4209458,Lajeado Grande,SC,SC/ATM_4209458_Lajeado_Grande_SC.pdf
4209508,Laurentino,SC,SC/ATM_4209508_Laurentino_SC.pdf
4209607,Lauro Muller,SC,SC/ATM_4209607_Lauro_Muller_SC.pdf
4209706,Lebon Régis,SC,SC/ATM_4209706_Lebon_Regis_SC.pdf
4209805,Leoberto Leal,SC,SC/ATM_4209805_Leoberto_Leal_SC.pdf
4209854,Lindóia do Sul,SC,SC/ATM_4209854_Lindoia_do_Sul_SC.pdf
4209904,Lontras,SC,SC/ATM_4209904_Lontras_SC.pdf
4210001,Luiz Alves,SC,SC/ATM_4210001_Luiz_Alves_SC.pdf
4210035,Luzerna,SC,SC/ATM_4210035_Luzerna_SC.pdf
4210050,Macieira,SC,SC/ATM_4210050_Macieira_SC.pdf
4210100,Mafra,SC,SC/ATM_4210100_Mafra_SC.pdf
4210209,Major Gercino,SC,SC/ATM_4210209_Major_Gercino_SC.pdf
4210308,Major Vieira,SC,SC/ATM_4210308_Major_Vieira_SC.pdf
4210407,Maracajá,SC,SC/ATM_4210407_Maracaja_SC.pdf
4210506,Maravilha,SC,SC/ATM_4210506_Maravilha_SC.pdf
4210555,Marema,SC,SC/ATM_4210555_Marema_SC.pdf
4210605,Massaranduba,SC,SC/ATM_4210605_Massaranduba_SC.pdf
4210704,Matos Costa,SC,SC/ATM_4210704_Matos_Costa_SC.pdf
4210803,Meleiro,SC,SC/ATM_4210803_Meleiro_SC.pdf
4210852,Mirim Doce,SC,SC/ATM_4210852_Mirim_Doce_SC.pdf
4210902,Modelo,SC,SC/ATM_4210902_Modelo_SC.pdf
4211009,Mondaí,SC,SC/ATM_4211009_Mondai_SC.pdf
4211058,Monte Carlo,SC,SC/ATM_4211058_Monte_Carlo_SC.pdf
4211108,Monte Castelo,SC,SC/ATM_4211108_Monte_Castelo_SC.pdf
4211256,Morro Grande,SC,SC/ATM_4211256_Morro_Grande_SC.pdf
4211207,Morro da Fumaça,SC,SC/ATM_4211207_Morro_da_Fumaca_SC.pdf
4211306,Navegantes,SC,SC/ATM_4211306_Navegantes_SC.pdf
4211405,Nova Erechim,SC,SC/ATM_4211405_Nova_Erechim_SC.pdf
4211454,Nova Itaberaba,SC,SC/ATM_4211454_Nova_Itaberaba_SC.pdf
4211504,Nova Trento,SC,SC/ATM_4211504_Nova_Trento_SC.pdf
4211603,Nova Veneza,SC,SC/ATM_4211603_Nova_Veneza_SC.pdf
4211652,Novo Horizonte,SC,SC/ATM_4211652_Novo_Horizonte_SC.pdf
4211702,Orleans,SC,SC/ATM_4211702_Orleans_SC.pdf
4211751,Otacílio Costa,SC,SC/ATM_4211751_Otacilio_Costa_SC.pdf
4211801,Ouro,SC,SC/ATM_4211801_Ouro_SC.pdf
4211850,Ouro Verde,SC,SC/ATM_4211850_Ouro_Verde_SC.pdf
4211876,Paial,SC,SC/ATM_4211876_Paial_SC.pdf
4211892,Painel,SC,SC/ATM_4211892_Painel_SC.pdf
4211900,Palhoça,SC,SC/ATM_4211900_Palhoca_SC.pdf
4212007,Palma Sola,SC,SC/ATM_4212007_Palma_Sola_SC.pdf
4212056,Palmeira,SC,SC/ATM_4212056_Palmeira_SC.pdf
4212106,Palmitos,SC,SC/ATM_4212106_Palmitos_SC.pdf
4212205,Papanduva,SC,SC/ATM_4212205_Papanduva_SC.pdf
4212239,Paraíso,SC,SC/ATM_4212239_Paraiso_SC.pdf
4212254,Passo de Torres,SC,SC/ATM_4212254_Passo_de_Torres_SC.pdf
4212270,Passos Maia,SC,SC/ATM_4212270_Passos_Maia_SC.pdf
4212304,Paulo Lopes,SC,SC/ATM_4212304_Paulo_Lopes_SC.pdf
4212403,Pedras Grandes,SC,SC/ATM_4212403_Pedras_Grandes_SC.pdf
4212502,Penha,SC,SC/ATM_4212502_Penha_SC.pdf
4212601,Peritiba,SC,SC/ATM_4212601_Peritiba_SC.pdf
4212650,Pescaria Brava,SC,SC/ATM_4212650_Pescaria_Brava_SC.pdf
4212700,Petrolândia,SC,SC/ATM_4212700_Petrolandia_SC.pdf
4212908,Pinhalzinho,SC,SC/ATM_4212908_Pinhalzinho_SC.pdf
4213005,Pinheiro Preto,SC,SC/ATM_4213005_Pinheiro_Preto_SC.pdf
4213104,Piratuba,SC,SC/ATM_4213104_Piratuba_SC.pdf
4213153,Planalto Alegre,SC,SC/ATM_4213153_Planalto_Alegre_SC.pdf
4213203,Pomerode,SC,SC/ATM_4213203_Pomerode_SC.pdf
4213302,Ponte Alta,SC,SC/ATM_4213302_Ponte_Alta_SC.pdf
4213351,Ponte Alta do Norte,SC,SC/ATM_4213351_Ponte_Alta_do_Norte_SC.pdf
4213401,Ponte Serrada,SC,SC/ATM_4213401_Ponte_Serrada_SC.pdf
4213500,Porto Belo,SC,SC/ATM_4213500_Porto_Belo_SC.pdf
4213609,Porto União,SC,SC/ATM_4213609_Porto_Uniao_SC.pdf
4213708,Pouso Redondo,SC,SC/ATM_4213708_Pouso_Redondo_SC.pdf
4213807,Praia Grande,SC,SC/ATM_4213807_Praia_Grande_SC.pdf
4213906,Presidente Castello Branco,SC,SC/ATM_4213906_Presidente_Castello_Branco_SC.pdf
4214003,Presidente Getúlio,SC,SC/ATM_4214003_Presidente_Getulio_SC.pdf
4214102,Presidente Nereu,SC,SC/ATM_4214102_Presidente_Nereu_SC.pdf
4214151,Princesa,SC,SC/ATM_4214151_Princesa_SC.pdf
4214201,Quilombo,SC,SC/ATM_4214201_Quilombo_SC.pdf
4214300,Rancho Queimado,SC,SC/ATM_4214300_Rancho_Queimado_SC.pdf
4214904,Rio Fortuna,SC,SC/ATM_4214904_Rio_Fortuna_SC.pdf
4215000,Rio Negrinho,SC,SC/ATM_4215000_Rio_Negrinho_SC.pdf
4215059,Rio Rufino,SC,SC/ATM_4215059_Rio_Rufino_SC.pdf
4214409,Rio das Antas,SC,SC/ATM_4214409_Rio_das_Antas_SC.pdf
4214508,Rio do Campo,SC,SC/ATM_4214508_Rio_do_Campo_SC.pdf
4214607,Rio do Oeste,SC,SC/ATM_4214607_Rio_do_Oeste_SC.pdf
4214805,Rio do Sul,SC,SC/ATM_4214805_Rio_do_Sul_SC.pdf
4214706,Rio dos Cedros,SC,SC/ATM_4214706_Rio_dos_Cedros_SC.pdf
4215075,Riqueza,SC,SC/ATM_4215075_Riqueza_SC.pdf
4215109,Rodeio,SC,SC/ATM_4215109_Rodeio_SC.pdf
4215208,Romelândia,SC,SC/ATM_4215208_Romelandia_SC.pdf
4215307,Salete,SC,SC/ATM_4215307_Salete_SC.pdf
4215356,Saltinho,SC,SC/ATM_4215356_Saltinho_SC.pdf
4215406,Salto Veloso,SC,SC/ATM_4215406_Salto_Veloso_SC.pdf
4215455,Sangão,SC,SC/ATM_4215455_Sangao_SC.pdf
4215505,Santa Cecília,SC,SC/ATM_4215505_Santa_Cecilia_SC.pdf
4215554,Santa Helena,SC,SC/ATM_4215554_Santa_Helena_SC.pdf
4215604,Santa Rosa de Lima,SC,SC/ATM_4215604_Santa_Rosa_de_Lima_SC.pdf
4215653,Santa Rosa do Sul,SC,SC/ATM_4215653_Santa_Rosa_do_Sul_SC.pdf
4215679,Santa Terezinha,SC,SC/ATM_4215679_Santa_Terezinha_SC.pdf
4215687,Santa Terezinha do Progresso,SC,SC/ATM_4215687_Santa_Terezinha_do_Progresso_SC.pdf
4215695,Santiago do Sul,SC,SC/ATM_4215695_Santiago_do_Sul_SC.pdf
4215703,Santo Amaro da Imperatriz,SC,SC/ATM_4215703_Santo_Amaro_da_Imperatriz_SC.pdf
4217303,Saudades,SC,SC/ATM_4217303_Saudades_SC.pdf
4217402,Schroeder,SC,SC/ATM_4217402_Schroeder_SC.pdf
4217501,Seara,SC,SC/ATM_4217501_Seara_SC.pdf
4217550,Serra Alta,SC,SC/ATM_4217550_Serra_Alta_SC.pdf
4217600,Siderópolis,SC,SC/ATM_4217600_Sideropolis_SC.pdf
4217709,Sombrio,SC,SC/ATM_4217709_Sombrio_SC.pdf
4217758,Sul Brasil,SC,SC/ATM_4217758_Sul_Brasil_SC.pdf
4215802,São Bento do Sul,SC,SC/ATM_4215802_Sao_Bento_do_Sul_SC.pdf
4215752,São Bernardino,SC,SC/ATM_4215752_Sao_Bernardino_SC.pdf
4215901,São Bonifácio,SC,SC/ATM_4215901_Sao_Bonifacio_SC.pdf
4216008,São Carlos,SC,SC/ATM_4216008_Sao_Carlos_SC.pdf
4216057,São Cristovão do Sul,SC,SC/ATM_4216057_Sao_Cristovao_do_Sul_SC.pdf
4216107,São Domingos,SC,SC/ATM_4216107_Sao_Domingos_SC.pdf
4216206,São Francisco do Sul,SC,SC/ATM_4216206_Sao_Francisco_do_Sul_SC.pdf
4216503,São Joaquim,SC,SC/ATM_4216503_Sao_Joaquim_SC.pdf
4216602,São José,SC,SC/ATM_4216602_Sao_Jose_SC.pdf
4216701,São José do Cedro,SC,SC/ATM_4216701_Sao_Jose_do_Cedro_SC.pdf
4216800,São José do Cerrito,SC,SC/ATM_4216800_Sao_Jose_do_Cerrito_SC.pdf
4216305,São João Batista,SC,SC/ATM_4216305_Sao_Joao_Batista_SC.pdf
4216354,São João do Itaperiú,SC,SC/ATM_4216354_Sao_Joao_do_Itaperiu_SC.pdf
4216255,São João do Oeste,SC,SC/ATM_4216255_Sao_Joao_do_Oeste_SC.pdf
4216404,São João do Sul,SC,SC/ATM_4216404_Sao_Joao_do_Sul_SC.pdf
4216909,São Lourenço do Oeste,SC,SC/ATM_4216909_Sao_Lourenco_do_Oeste_SC.pdf
4217006,São Ludgero,SC,SC/ATM_4217006_Sao_Ludgero_SC.pdf
4217105,São Martinho,SC,SC/ATM_4217105_Sao_Martinho_SC.pdf
4217154,São Miguel da Boa Vista,SC,SC/ATM_4217154_Sao_Miguel_da_Boa_Vista_SC.pdf
4217204,São Miguel do Oeste,SC,SC/ATM_4217204_Sao_Miguel_do_Oeste_SC.pdf
4217253,São Pedro de Alcântara,SC,SC/ATM_4217253_Sao_Pedro_de_Alcantara_SC.pdf
4217808,Taió,SC,SC/ATM_4217808_Taio_SC.pdf
4217907,Tangará,SC,SC/ATM_4217907_Tangara_SC.pdf
4217956,Tigrinhos,SC,SC/ATM_4217956_Tigrinhos_SC.pdf
4218004,Tijucas,SC,SC/ATM_4218004_Tijucas_SC.pdf
4218103,Timbé do Sul,SC,SC/ATM_4218103_Timbe_do_Sul_SC.pdf
4218202,Timbó,SC,SC/ATM_4218202_Timbo_SC.pdf
4218251,Timbó Grande,SC,SC/ATM_4218251_Timbo_Grande_SC.pdf
4218350,Treviso,SC,SC/ATM_4218350_Treviso_SC.pdf
4218509,Treze Tílias,SC,SC/ATM_4218509_Treze_Tilias_SC.pdf
4218400,Treze de Maio,SC,SC/ATM_4218400_Treze_de_Maio_SC.pdf
4218608,Trombudo Central,SC,SC/ATM_4218608_Trombudo_Central_SC.pdf
4218301,Três Barras,SC,SC/ATM_4218301_Tres_Barras_SC.pdf
4218707,Tubarão,SC,SC/ATM_4218707_Tubarao_SC.pdf
4218756,Tunápolis,SC,SC/ATM_4218756_Tunapolis_SC.pdf
4218806,Turvo,SC,SC/ATM_4218806_Turvo_SC.pdf
4218855,União do Oeste,SC,SC/ATM_4218855_Uniao_do_Oeste_SC.pdf
4218905,Urubici,SC,SC/ATM_4218905_Urubici_SC.pdf
4218954,Urupema,SC,SC/ATM_4218954_Urupema_SC.pdf
4219002,Urussanga,SC,SC/ATM_4219002_Urussanga_SC.pdf
4219150,Vargem,SC,SC/ATM_4219150_Vargem_SC.pdf
4219176,Vargem Bonita,SC,SC/ATM_4219176_Vargem_Bonita_SC.pdf
4219101,Vargeão,SC,SC/ATM_4219101_Vargeao_SC.pdf
4219200,Vidal Ramos,SC,SC/ATM_4219200_Vidal_Ramos_SC.pdf
4219309,Videira,SC,SC/ATM_4219309_Videira_SC.pdf
4219358,Vitor Meireles,SC,SC/ATM_4219358_Vitor_Meireles_SC.pdf
4219408,Witmarsum,SC,SC/ATM_4219408_Witmarsum_SC.pdf
4219507,Xanxerê,SC,SC/ATM_4219507_Xanxere_SC.pdf
4219606,Xavantina,SC,SC/ATM_4219606_Xavantina_SC.pdf
4219705,Xaxim,SC,SC/ATM_4219705_Xaxim_SC.pdf
4219853,Zortéa,SC,SC/ATM_4219853_Zortea_SC.pdf
4200408,Água Doce,SC,SC/ATM_4200408_Agua_Doce_SC.pdf
4200556,Águas Frias,SC,SC/ATM_4200556_Aguas_Frias_SC.pdf
4200606,Águas Mornas,SC,SC/ATM_4200606_Aguas_Mornas_SC.pdf
4200507,Águas de Chapecó,SC,SC/ATM_4200507_Aguas_de_Chapeco_SC.pdf
